path,type,id,dataSource,indexable,expectedCanonical,sitemap,priority,changefreq,genPriority
/pneu/pneu-pirelli-175-70r13-p400-evo-82t,produto,pneu-pirelli-175-70r13-p400-evo-82t,src/data (TIRES) via getIndexableTireSlugs(),true,https://www.carpluspneuseoficina.com.br/pneu/pneu-pirelli-175-70r13-p400-evo-82t,sitemap-produtos.xml,0.7,weekly,40
/pneu/pneu-pirelli-175-80r14-w-cita-88t,produto,pneu-pirelli-175-80r14-w-cita-88t,src/data (TIRES) via getIndexableTireSlugs(),true,https://www.carpluspneuseoficina.com.br/pneu/pneu-pirelli-175-80r14-w-cita-88t,sitemap-produtos.xml,0.7,weekly,40
/pneu/pneu-pirelli-185-55r15-p7-all-season-82h,produto,pneu-pirelli-185-55r15-p7-all-season-82h,src/data (TIRES) via getIndexableTireSlugs(),true,https://www.carpluspneuseoficina.com.br/pneu/pneu-pirelli-185-55r15-p7-all-season-82h,sitemap-produtos.xml,0.7,weekly,40
/pneu/pneu-pirelli-185-60r15-p7-88h-xl,produto,pneu-pirelli-185-60r15-p7-88h-xl,src/data (TIRES) via getIndexableTireSlugs(),true,https://www.carpluspneuseoficina.com.br/pneu/pneu-pirelli-185-60r15-p7-88h-xl,sitemap-produtos.xml,0.7,weekly,40
/pneu/pneu-pirelli-185-60r14-p400-evo-82h,produto,pneu-pirelli-185-60r14-p400-evo-82h,src/data (TIRES) via getIndexableTireSlugs(),true,https://www.carpluspneuseoficina.com.br/pneu/pneu-pirelli-185-60r14-p400-evo-82h,sitemap-produtos.xml,0.7,weekly,40
/pneu/pneu-pirelli-185-65r14-p400-evo-86t,produto,pneu-pirelli-185-65r14-p400-evo-86t,src/data (TIRES) via getIndexableTireSlugs(),true,https://www.carpluspneuseoficina.com.br/pneu/pneu-pirelli-185-65r14-p400-evo-86t,sitemap-produtos.xml,0.7,weekly,40
/pneu/pneu-pirelli-195-60r15-p400-evo-88h,produto,pneu-pirelli-195-60r15-p400-evo-88h,src/data (TIRES) via getIndexableTireSlugs(),true,https://www.carpluspneuseoficina.com.br/pneu/pneu-pirelli-195-60r15-p400-evo-88h,sitemap-produtos.xml,0.7,weekly,40
/pneu/pneu-pirelli-205-45r17-p-zero-84v-run-flat,produto,pneu-pirelli-205-45r17-p-zero-84v-run-flat,src/data (TIRES) via getIndexableTireSlugs(),true,https://www.carpluspneuseoficina.com.br/pneu/pneu-pirelli-205-45r17-p-zero-84v-run-flat,sitemap-produtos.xml,0.7,weekly,40
/pneu/pneu-michelin-185-65r15-energy-xm2-88h,produto,pneu-michelin-185-65r15-energy-xm2-88h,src/data (TIRES) via getIndexableTireSlugs(),true,https://www.carpluspneuseoficina.com.br/pneu/pneu-michelin-185-65r15-energy-xm2-88h,sitemap-produtos.xml,0.7,weekly,40
/pneu/pneu-michelin-205-55r16-primacy-4-91v,produto,pneu-michelin-205-55r16-primacy-4-91v,src/data (TIRES) via getIndexableTireSlugs(),true,https://www.carpluspneuseoficina.com.br/pneu/pneu-michelin-205-55r16-primacy-4-91v,sitemap-produtos.xml,0.7,weekly,40
/pneu/pneu-michelin-225-45r17-pilot-sport-4-94y,produto,pneu-michelin-225-45r17-pilot-sport-4-94y,src/data (TIRES) via getIndexableTireSlugs(),true,https://www.carpluspneuseoficina.com.br/pneu/pneu-michelin-225-45r17-pilot-sport-4-94y,sitemap-produtos.xml,0.7,weekly,40
/pneu/pneu-goodyear-185-65r15-direction-touring-88h,produto,pneu-goodyear-185-65r15-direction-touring-88h,src/data (TIRES) via getIndexableTireSlugs(),true,https://www.carpluspneuseoficina.com.br/pneu/pneu-goodyear-185-65r15-direction-touring-88h,sitemap-produtos.xml,0.7,weekly,40
/pneu/pneu-goodyear-205-55r16-efficientgrip-performance-91v,produto,pneu-goodyear-205-55r16-efficientgrip-performance-91v,src/data (TIRES) via getIndexableTireSlugs(),true,https://www.carpluspneuseoficina.com.br/pneu/pneu-goodyear-205-55r16-efficientgrip-performance-91v,sitemap-produtos.xml,0.7,weekly,40
/pneu/pneu-continental-195-65r15-conticomfortcontact-cc6-91h,produto,pneu-continental-195-65r15-conticomfortcontact-cc6-91h,src/data (TIRES) via getIndexableTireSlugs(),true,https://www.carpluspneuseoficina.com.br/pneu/pneu-continental-195-65r15-conticomfortcontact-cc6-91h,sitemap-produtos.xml,0.7,weekly,40
/pneu/pneu-firestone-175-70r13-f600-82t,produto,pneu-firestone-175-70r13-f600-82t,src/data (TIRES) via getIndexableTireSlugs(),true,https://www.carpluspneuseoficina.com.br/pneu/pneu-firestone-175-70r13-f600-82t,sitemap-produtos.xml,0.7,weekly,40
/pneu/pneu-bridgestone-185-65r15-ecopia-ep150-88h,produto,pneu-bridgestone-185-65r15-ecopia-ep150-88h,src/data (TIRES) via getIndexableTireSlugs(),true,https://www.carpluspneuseoficina.com.br/pneu/pneu-bridgestone-185-65r15-ecopia-ep150-88h,sitemap-produtos.xml,0.7,weekly,40
/pneu/pneu-michelin-215-50r17-primacy-4-95v,produto,pneu-michelin-215-50r17-primacy-4-95v,src/data (TIRES) via getIndexableTireSlugs(),true,https://www.carpluspneuseoficina.com.br/pneu/pneu-michelin-215-50r17-primacy-4-95v,sitemap-produtos.xml,0.7,weekly,40
/pneu/pneu-michelin-235-60r18-primacy-suv-103v,produto,pneu-michelin-235-60r18-primacy-suv-103v,src/data (TIRES) via getIndexableTireSlugs(),true,https://www.carpluspneuseoficina.com.br/pneu/pneu-michelin-235-60r18-primacy-suv-103v,sitemap-produtos.xml,0.7,weekly,40
/pneu/pneu-michelin-245-45r18-pilot-sport-4-100y,produto,pneu-michelin-245-45r18-pilot-sport-4-100y,src/data (TIRES) via getIndexableTireSlugs(),true,https://www.carpluspneuseoficina.com.br/pneu/pneu-michelin-245-45r18-pilot-sport-4-100y,sitemap-produtos.xml,0.7,weekly,40
/pneu/pneu-goodyear-175-65r14-direction-touring-82t,produto,pneu-goodyear-175-65r14-direction-touring-82t,src/data (TIRES) via getIndexableTireSlugs(),true,https://www.carpluspneuseoficina.com.br/pneu/pneu-goodyear-175-65r14-direction-touring-82t,sitemap-produtos.xml,0.7,weekly,40
/pneu/pneu-goodyear-225-65r17-efficientgrip-suv-102h,produto,pneu-goodyear-225-65r17-efficientgrip-suv-102h,src/data (TIRES) via getIndexableTireSlugs(),true,https://www.carpluspneuseoficina.com.br/pneu/pneu-goodyear-225-65r17-efficientgrip-suv-102h,sitemap-produtos.xml,0.7,weekly,40
/pneu/pneu-goodyear-265-70r16-wrangler-at-silenttrac-112t,produto,pneu-goodyear-265-70r16-wrangler-at-silenttrac-112t,src/data (TIRES) via getIndexableTireSlugs(),true,https://www.carpluspneuseoficina.com.br/pneu/pneu-goodyear-265-70r16-wrangler-at-silenttrac-112t,sitemap-produtos.xml,0.7,weekly,40
/pneu/pneu-continental-205-55r16-contipowercontact-2-91v,produto,pneu-continental-205-55r16-contipowercontact-2-91v,src/data (TIRES) via getIndexableTireSlugs(),true,https://www.carpluspneuseoficina.com.br/pneu/pneu-continental-205-55r16-contipowercontact-2-91v,sitemap-produtos.xml,0.7,weekly,40
/pneu/pneu-continental-225-50r17-contisportcontact-5-94y,produto,pneu-continental-225-50r17-contisportcontact-5-94y,src/data (TIRES) via getIndexableTireSlugs(),true,https://www.carpluspneuseoficina.com.br/pneu/pneu-continental-225-50r17-contisportcontact-5-94y,sitemap-produtos.xml,0.7,weekly,40
/pneu/pneu-continental-235-55r19-contisportcontact-5-suv-101v,produto,pneu-continental-235-55r19-contisportcontact-5-suv-101v,src/data (TIRES) via getIndexableTireSlugs(),true,https://www.carpluspneuseoficina.com.br/pneu/pneu-continental-235-55r19-contisportcontact-5-suv-101v,sitemap-produtos.xml,0.7,weekly,40
/pneu/pneu-yokohama-c-drive-2-zps-235-50r18-97v-runflat,produto,pneu-yokohama-c-drive-2-zps-235-50r18-97v-runflat,src/data (TIRES) via getIndexableTireSlugs(),true,https://www.carpluspneuseoficina.com.br/pneu/pneu-yokohama-c-drive-2-zps-235-50r18-97v-runflat,sitemap-produtos.xml,0.7,weekly,40
/pneu/pneu-yokohama-advan-db-v551-215-50r17-91v,produto,pneu-yokohama-advan-db-v551-215-50r17-91v,src/data (TIRES) via getIndexableTireSlugs(),true,https://www.carpluspneuseoficina.com.br/pneu/pneu-yokohama-advan-db-v551-215-50r17-91v,sitemap-produtos.xml,0.7,weekly,40
/pneu/pneu-yokohama-v103-zps-225-50rf17-94y-runflat,produto,pneu-yokohama-v103-zps-225-50rf17-94y-runflat,src/data (TIRES) via getIndexableTireSlugs(),true,https://www.carpluspneuseoficina.com.br/pneu/pneu-yokohama-v103-zps-225-50rf17-94y-runflat,sitemap-produtos.xml,0.7,weekly,40
/pneu/pneu-yokohama-v103-zps-205-45rf17-84v-runflat,produto,pneu-yokohama-v103-zps-205-45rf17-84v-runflat,src/data (TIRES) via getIndexableTireSlugs(),true,https://www.carpluspneuseoficina.com.br/pneu/pneu-yokohama-v103-zps-205-45rf17-84v-runflat,sitemap-produtos.xml,0.7,weekly,40
/pneu/pneu-yokohama-v103-zps-245-50rf18-100w-runflat,produto,pneu-yokohama-v103-zps-245-50rf18-100w-runflat,src/data (TIRES) via getIndexableTireSlugs(),true,https://www.carpluspneuseoficina.com.br/pneu/pneu-yokohama-v103-zps-245-50rf18-100w-runflat,sitemap-produtos.xml,0.7,weekly,40
/pneu/pneu-yokohama-v103-zps-225-40rf18-88y-runflat,produto,pneu-yokohama-v103-zps-225-40rf18-88y-runflat,src/data (TIRES) via getIndexableTireSlugs(),true,https://www.carpluspneuseoficina.com.br/pneu/pneu-yokohama-v103-zps-225-40rf18-88y-runflat,sitemap-produtos.xml,0.7,weekly,40
/pneu/pneu-yokohama-v103-zps-245-40rf18-93y-runflat,produto,pneu-yokohama-v103-zps-245-40rf18-93y-runflat,src/data (TIRES) via getIndexableTireSlugs(),true,https://www.carpluspneuseoficina.com.br/pneu/pneu-yokohama-v103-zps-245-40rf18-93y-runflat,sitemap-produtos.xml,0.7,weekly,40
/pneu/pneu-yokohama-v103-zps-255-35rf18-90y-runflat,produto,pneu-yokohama-v103-zps-255-35rf18-90y-runflat,src/data (TIRES) via getIndexableTireSlugs(),true,https://www.carpluspneuseoficina.com.br/pneu/pneu-yokohama-v103-zps-255-35rf18-90y-runflat,sitemap-produtos.xml,0.7,weekly,40
/pneu/pneu-yokohama-v103-zps-275-35rf18-95y-runflat,produto,pneu-yokohama-v103-zps-275-35rf18-95y-runflat,src/data (TIRES) via getIndexableTireSlugs(),true,https://www.carpluspneuseoficina.com.br/pneu/pneu-yokohama-v103-zps-275-35rf18-95y-runflat,sitemap-produtos.xml,0.7,weekly,40
/pneu/pneu-yokohama-v105-zps-225-55rf17-97y-runflat,produto,pneu-yokohama-v105-zps-225-55rf17-97y-runflat,src/data (TIRES) via getIndexableTireSlugs(),true,https://www.carpluspneuseoficina.com.br/pneu/pneu-yokohama-v105-zps-225-55rf17-97y-runflat,sitemap-produtos.xml,0.7,weekly,40
/pneu/pneu-yokohama-v105-zps-205-50rf17-89w-runflat,produto,pneu-yokohama-v105-zps-205-50rf17-89w-runflat,src/data (TIRES) via getIndexableTireSlugs(),true,https://www.carpluspneuseoficina.com.br/pneu/pneu-yokohama-v105-zps-205-50rf17-89w-runflat,sitemap-produtos.xml,0.7,weekly,40
/pneu/pneu-yokohama-v105-zps-225-45rf18-91y-runflat,produto,pneu-yokohama-v105-zps-225-45rf18-91y-runflat,src/data (TIRES) via getIndexableTireSlugs(),true,https://www.carpluspneuseoficina.com.br/pneu/pneu-yokohama-v105-zps-225-45rf18-91y-runflat,sitemap-produtos.xml,0.7,weekly,40
/pneu/pneu-yokohama-v105-zps-245-45rf18-96y-runflat,produto,pneu-yokohama-v105-zps-245-45rf18-96y-runflat,src/data (TIRES) via getIndexableTireSlugs(),true,https://www.carpluspneuseoficina.com.br/pneu/pneu-yokohama-v105-zps-245-45rf18-96y-runflat,sitemap-produtos.xml,0.7,weekly,40
/pneu/pneu-yokohama-v105-zps-245-40rf18-93y-runflat,produto,pneu-yokohama-v105-zps-245-40rf18-93y-runflat,src/data (TIRES) via getIndexableTireSlugs(),true,https://www.carpluspneuseoficina.com.br/pneu/pneu-yokohama-v105-zps-245-40rf18-93y-runflat,sitemap-produtos.xml,0.7,weekly,40
/pneu/pneu-yokohama-v105-zps-255-40rf18-95y-runflat,produto,pneu-yokohama-v105-zps-255-40rf18-95y-runflat,src/data (TIRES) via getIndexableTireSlugs(),true,https://www.carpluspneuseoficina.com.br/pneu/pneu-yokohama-v105-zps-255-40rf18-95y-runflat,sitemap-produtos.xml,0.7,weekly,40
/pneu/pneu-yokohama-v105-zps-275-40rf18-99y-runflat,produto,pneu-yokohama-v105-zps-275-40rf18-99y-runflat,src/data (TIRES) via getIndexableTireSlugs(),true,https://www.carpluspneuseoficina.com.br/pneu/pneu-yokohama-v105-zps-275-40rf18-99y-runflat,sitemap-produtos.xml,0.7,weekly,40
/pneu/pneu-yokohama-v105-zps-225-40rf19-93y-runflat,produto,pneu-yokohama-v105-zps-225-40rf19-93y-runflat,src/data (TIRES) via getIndexableTireSlugs(),true,https://www.carpluspneuseoficina.com.br/pneu/pneu-yokohama-v105-zps-225-40rf19-93y-runflat,sitemap-produtos.xml,0.7,weekly,40
/pneu/pneu-yokohama-v105-zps-245-40rf19-94y-runflat,produto,pneu-yokohama-v105-zps-245-40rf19-94y-runflat,src/data (TIRES) via getIndexableTireSlugs(),true,https://www.carpluspneuseoficina.com.br/pneu/pneu-yokohama-v105-zps-245-40rf19-94y-runflat,sitemap-produtos.xml,0.7,weekly,40
/pneu/pneu-yokohama-v105-zps-255-35rf19-96y-runflat,produto,pneu-yokohama-v105-zps-255-35rf19-96y-runflat,src/data (TIRES) via getIndexableTireSlugs(),true,https://www.carpluspneuseoficina.com.br/pneu/pneu-yokohama-v105-zps-255-35rf19-96y-runflat,sitemap-produtos.xml,0.7,weekly,40
/pneu/pneu-yokohama-v105-zps-275-35rf19-96y-runflat,produto,pneu-yokohama-v105-zps-275-35rf19-96y-runflat,src/data (TIRES) via getIndexableTireSlugs(),true,https://www.carpluspneuseoficina.com.br/pneu/pneu-yokohama-v105-zps-275-35rf19-96y-runflat,sitemap-produtos.xml,0.7,weekly,40
/pneu/pneu-yokohama-v105-zps-275-40rf20-102y-runflat,produto,pneu-yokohama-v105-zps-275-40rf20-102y-runflat,src/data (TIRES) via getIndexableTireSlugs(),true,https://www.carpluspneuseoficina.com.br/pneu/pneu-yokohama-v105-zps-275-40rf20-102y-runflat,sitemap-produtos.xml,0.7,weekly,40
/pneu/pneu-yokohama-v105-zps-245-45rf20-99y-runflat,produto,pneu-yokohama-v105-zps-245-45rf20-99y-runflat,src/data (TIRES) via getIndexableTireSlugs(),true,https://www.carpluspneuseoficina.com.br/pneu/pneu-yokohama-v105-zps-245-45rf20-99y-runflat,sitemap-produtos.xml,0.7,weekly,40
/pneu/pneu-yokohama-neova-ad09-225-40r18-92w,produto,pneu-yokohama-neova-ad09-225-40r18-92w,src/data (TIRES) via getIndexableTireSlugs(),true,https://www.carpluspneuseoficina.com.br/pneu/pneu-yokohama-neova-ad09-225-40r18-92w,sitemap-produtos.xml,0.7,weekly,40
/pneu/pneu-yokohama-neova-ad09-185-55r15-82v,produto,pneu-yokohama-neova-ad09-185-55r15-82v,src/data (TIRES) via getIndexableTireSlugs(),true,https://www.carpluspneuseoficina.com.br/pneu/pneu-yokohama-neova-ad09-185-55r15-82v,sitemap-produtos.xml,0.7,weekly,40
/pneu/pneu-yokohama-neova-ad09-195-55r15-85v,produto,pneu-yokohama-neova-ad09-195-55r15-85v,src/data (TIRES) via getIndexableTireSlugs(),true,https://www.carpluspneuseoficina.com.br/pneu/pneu-yokohama-neova-ad09-195-55r15-85v,sitemap-produtos.xml,0.7,weekly,40
/pneu/pneu-yokohama-neova-ad09-195-50r15-82v,produto,pneu-yokohama-neova-ad09-195-50r15-82v,src/data (TIRES) via getIndexableTireSlugs(),true,https://www.carpluspneuseoficina.com.br/pneu/pneu-yokohama-neova-ad09-195-50r15-82v,sitemap-produtos.xml,0.7,weekly,40
/pneu/pneu-yokohama-neova-ad09-205-50r15-86v,produto,pneu-yokohama-neova-ad09-205-50r15-86v,src/data (TIRES) via getIndexableTireSlugs(),true,https://www.carpluspneuseoficina.com.br/pneu/pneu-yokohama-neova-ad09-205-50r15-86v,sitemap-produtos.xml,0.7,weekly,40
/pneu/pneu-yokohama-neova-ad09-205-55r16-91v,produto,pneu-yokohama-neova-ad09-205-55r16-91v,src/data (TIRES) via getIndexableTireSlugs(),true,https://www.carpluspneuseoficina.com.br/pneu/pneu-yokohama-neova-ad09-205-55r16-91v,sitemap-produtos.xml,0.7,weekly,40
/pneu/pneu-yokohama-neova-ad09-225-50r16-92v,produto,pneu-yokohama-neova-ad09-225-50r16-92v,src/data (TIRES) via getIndexableTireSlugs(),true,https://www.carpluspneuseoficina.com.br/pneu/pneu-yokohama-neova-ad09-225-50r16-92v,sitemap-produtos.xml,0.7,weekly,40
/pneu/pneu-yokohama-neova-ad09-205-45r16-87w,produto,pneu-yokohama-neova-ad09-205-45r16-87w,src/data (TIRES) via getIndexableTireSlugs(),true,https://www.carpluspneuseoficina.com.br/pneu/pneu-yokohama-neova-ad09-205-45r16-87w,sitemap-produtos.xml,0.7,weekly,40
/pneu/pneu-yokohama-neova-ad09-225-45r16-89w,produto,pneu-yokohama-neova-ad09-225-45r16-89w,src/data (TIRES) via getIndexableTireSlugs(),true,https://www.carpluspneuseoficina.com.br/pneu/pneu-yokohama-neova-ad09-225-45r16-89w,sitemap-produtos.xml,0.7,weekly,40
/pneu/pneu-yokohama-neova-ad09-205-50r17-89w,produto,pneu-yokohama-neova-ad09-205-50r17-89w,src/data (TIRES) via getIndexableTireSlugs(),true,https://www.carpluspneuseoficina.com.br/pneu/pneu-yokohama-neova-ad09-205-50r17-89w,sitemap-produtos.xml,0.7,weekly,40
/pneu/pneu-yokohama-neova-ad09-205-45r17-88w,produto,pneu-yokohama-neova-ad09-205-45r17-88w,src/data (TIRES) via getIndexableTireSlugs(),true,https://www.carpluspneuseoficina.com.br/pneu/pneu-yokohama-neova-ad09-205-45r17-88w,sitemap-produtos.xml,0.7,weekly,40
/pneu/pneu-yokohama-neova-ad09-215-45r17-91w,produto,pneu-yokohama-neova-ad09-215-45r17-91w,src/data (TIRES) via getIndexableTireSlugs(),true,https://www.carpluspneuseoficina.com.br/pneu/pneu-yokohama-neova-ad09-215-45r17-91w,sitemap-produtos.xml,0.7,weekly,40
/pneu/pneu-yokohama-neova-ad09-225-45r17-94w,produto,pneu-yokohama-neova-ad09-225-45r17-94w,src/data (TIRES) via getIndexableTireSlugs(),true,https://www.carpluspneuseoficina.com.br/pneu/pneu-yokohama-neova-ad09-225-45r17-94w,sitemap-produtos.xml,0.7,weekly,40
/pneu/pneu-yokohama-neova-ad09-235-45r17-94w,produto,pneu-yokohama-neova-ad09-235-45r17-94w,src/data (TIRES) via getIndexableTireSlugs(),true,https://www.carpluspneuseoficina.com.br/pneu/pneu-yokohama-neova-ad09-235-45r17-94w,sitemap-produtos.xml,0.7,weekly,40
/pneu/pneu-yokohama-neova-ad09-245-45r17-95w,produto,pneu-yokohama-neova-ad09-245-45r17-95w,src/data (TIRES) via getIndexableTireSlugs(),true,https://www.carpluspneuseoficina.com.br/pneu/pneu-yokohama-neova-ad09-245-45r17-95w,sitemap-produtos.xml,0.7,weekly,40
/pneu/pneu-yokohama-neova-ad09-255-45r17-102w,produto,pneu-yokohama-neova-ad09-255-45r17-102w,src/data (TIRES) via getIndexableTireSlugs(),true,https://www.carpluspneuseoficina.com.br/pneu/pneu-yokohama-neova-ad09-255-45r17-102w,sitemap-produtos.xml,0.7,weekly,40
/pneu/pneu-yokohama-neova-ad09-215-40r17-87w,produto,pneu-yokohama-neova-ad09-215-40r17-87w,src/data (TIRES) via getIndexableTireSlugs(),true,https://www.carpluspneuseoficina.com.br/pneu/pneu-yokohama-neova-ad09-215-40r17-87w,sitemap-produtos.xml,0.7,weekly,40
/pneu/pneu-yokohama-neova-ad09-235-40r17-90w,produto,pneu-yokohama-neova-ad09-235-40r17-90w,src/data (TIRES) via getIndexableTireSlugs(),true,https://www.carpluspneuseoficina.com.br/pneu/pneu-yokohama-neova-ad09-235-40r17-90w,sitemap-produtos.xml,0.7,weekly,40
/pneu/pneu-yokohama-neova-ad09-245-40r17-91w,produto,pneu-yokohama-neova-ad09-245-40r17-91w,src/data (TIRES) via getIndexableTireSlugs(),true,https://www.carpluspneuseoficina.com.br/pneu/pneu-yokohama-neova-ad09-245-40r17-91w,sitemap-produtos.xml,0.7,weekly,40
/pneu/pneu-yokohama-neova-ad09-255-40r17-98w,produto,pneu-yokohama-neova-ad09-255-40r17-98w,src/data (TIRES) via getIndexableTireSlugs(),true,https://www.carpluspneuseoficina.com.br/pneu/pneu-yokohama-neova-ad09-255-40r17-98w,sitemap-produtos.xml,0.7,weekly,40
/pneu/pneu-yokohama-neova-ad09-215-45r18-93w,produto,pneu-yokohama-neova-ad09-215-45r18-93w,src/data (TIRES) via getIndexableTireSlugs(),true,https://www.carpluspneuseoficina.com.br/pneu/pneu-yokohama-neova-ad09-215-45r18-93w,sitemap-produtos.xml,0.7,weekly,40
/pneu/pneu-yokohama-neova-ad09-225-45r18-95w,produto,pneu-yokohama-neova-ad09-225-45r18-95w,src/data (TIRES) via getIndexableTireSlugs(),true,https://www.carpluspneuseoficina.com.br/pneu/pneu-yokohama-neova-ad09-225-45r18-95w,sitemap-produtos.xml,0.7,weekly,40
/pneu/pneu-yokohama-neova-ad09-245-45r18-100w,produto,pneu-yokohama-neova-ad09-245-45r18-100w,src/data (TIRES) via getIndexableTireSlugs(),true,https://www.carpluspneuseoficina.com.br/pneu/pneu-yokohama-neova-ad09-245-45r18-100w,sitemap-produtos.xml,0.7,weekly,40
/pneu/pneu-yokohama-neova-ad09-215-40r18-89w,produto,pneu-yokohama-neova-ad09-215-40r18-89w,src/data (TIRES) via getIndexableTireSlugs(),true,https://www.carpluspneuseoficina.com.br/pneu/pneu-yokohama-neova-ad09-215-40r18-89w,sitemap-produtos.xml,0.7,weekly,40
/pneu/pneu-yokohama-neova-ad09-235-40r18-95w,produto,pneu-yokohama-neova-ad09-235-40r18-95w,src/data (TIRES) via getIndexableTireSlugs(),true,https://www.carpluspneuseoficina.com.br/pneu/pneu-yokohama-neova-ad09-235-40r18-95w,sitemap-produtos.xml,0.7,weekly,40
/pneu/pneu-yokohama-neova-ad09-245-40r18-97w,produto,pneu-yokohama-neova-ad09-245-40r18-97w,src/data (TIRES) via getIndexableTireSlugs(),true,https://www.carpluspneuseoficina.com.br/pneu/pneu-yokohama-neova-ad09-245-40r18-97w,sitemap-produtos.xml,0.7,weekly,40
/pneu/pneu-yokohama-neova-ad09-255-40r18-99w,produto,pneu-yokohama-neova-ad09-255-40r18-99w,src/data (TIRES) via getIndexableTireSlugs(),true,https://www.carpluspneuseoficina.com.br/pneu/pneu-yokohama-neova-ad09-255-40r18-99w,sitemap-produtos.xml,0.7,weekly,40
/pneu/pneu-yokohama-neova-ad09-265-40r18-101w,produto,pneu-yokohama-neova-ad09-265-40r18-101w,src/data (TIRES) via getIndexableTireSlugs(),true,https://www.carpluspneuseoficina.com.br/pneu/pneu-yokohama-neova-ad09-265-40r18-101w,sitemap-produtos.xml,0.7,weekly,40
/pneu/pneu-yokohama-neova-ad09-275-40r18-103w,produto,pneu-yokohama-neova-ad09-275-40r18-103w,src/data (TIRES) via getIndexableTireSlugs(),true,https://www.carpluspneuseoficina.com.br/pneu/pneu-yokohama-neova-ad09-275-40r18-103w,sitemap-produtos.xml,0.7,weekly,40
/pneu/pneu-yokohama-neova-ad09-245-35r18-92w,produto,pneu-yokohama-neova-ad09-245-35r18-92w,src/data (TIRES) via getIndexableTireSlugs(),true,https://www.carpluspneuseoficina.com.br/pneu/pneu-yokohama-neova-ad09-245-35r18-92w,sitemap-produtos.xml,0.7,weekly,40
/pneu/pneu-yokohama-neova-ad09-255-35r18-94w,produto,pneu-yokohama-neova-ad09-255-35r18-94w,src/data (TIRES) via getIndexableTireSlugs(),true,https://www.carpluspneuseoficina.com.br/pneu/pneu-yokohama-neova-ad09-255-35r18-94w,sitemap-produtos.xml,0.7,weekly,40
/pneu/pneu-yokohama-neova-ad09-265-35r18-97w,produto,pneu-yokohama-neova-ad09-265-35r18-97w,src/data (TIRES) via getIndexableTireSlugs(),true,https://www.carpluspneuseoficina.com.br/pneu/pneu-yokohama-neova-ad09-265-35r18-97w,sitemap-produtos.xml,0.7,weekly,40
/pneu/pneu-yokohama-neova-ad09-295-35r18-103w,produto,pneu-yokohama-neova-ad09-295-35r18-103w,src/data (TIRES) via getIndexableTireSlugs(),true,https://www.carpluspneuseoficina.com.br/pneu/pneu-yokohama-neova-ad09-295-35r18-103w,sitemap-produtos.xml,0.7,weekly,40
/pneu/pneu-yokohama-neova-ad09-285-30r18-97w,produto,pneu-yokohama-neova-ad09-285-30r18-97w,src/data (TIRES) via getIndexableTireSlugs(),true,https://www.carpluspneuseoficina.com.br/pneu/pneu-yokohama-neova-ad09-285-30r18-97w,sitemap-produtos.xml,0.7,weekly,40
/pneu/pneu-yokohama-neova-ad09-295-30r18-98w,produto,pneu-yokohama-neova-ad09-295-30r18-98w,src/data (TIRES) via getIndexableTireSlugs(),true,https://www.carpluspneuseoficina.com.br/pneu/pneu-yokohama-neova-ad09-295-30r18-98w,sitemap-produtos.xml,0.7,weekly,40
/pneu/pneu-yokohama-neova-ad09-225-40r19-93w,produto,pneu-yokohama-neova-ad09-225-40r19-93w,src/data (TIRES) via getIndexableTireSlugs(),true,https://www.carpluspneuseoficina.com.br/pneu/pneu-yokohama-neova-ad09-225-40r19-93w,sitemap-produtos.xml,0.7,weekly,40
/pneu/pneu-yokohama-neova-ad09-235-40r19-96w,produto,pneu-yokohama-neova-ad09-235-40r19-96w,src/data (TIRES) via getIndexableTireSlugs(),true,https://www.carpluspneuseoficina.com.br/pneu/pneu-yokohama-neova-ad09-235-40r19-96w,sitemap-produtos.xml,0.7,weekly,40
/pneu/pneu-yokohama-neova-ad09-245-40r19-98w,produto,pneu-yokohama-neova-ad09-245-40r19-98w,src/data (TIRES) via getIndexableTireSlugs(),true,https://www.carpluspneuseoficina.com.br/pneu/pneu-yokohama-neova-ad09-245-40r19-98w,sitemap-produtos.xml,0.7,weekly,40
/pneu/pneu-yokohama-neova-ad09-255-40r19-100w,produto,pneu-yokohama-neova-ad09-255-40r19-100w,src/data (TIRES) via getIndexableTireSlugs(),true,https://www.carpluspneuseoficina.com.br/pneu/pneu-yokohama-neova-ad09-255-40r19-100w,sitemap-produtos.xml,0.7,weekly,40
/pneu/pneu-yokohama-neova-ad09-265-40r19-102w,produto,pneu-yokohama-neova-ad09-265-40r19-102w,src/data (TIRES) via getIndexableTireSlugs(),true,https://www.carpluspneuseoficina.com.br/pneu/pneu-yokohama-neova-ad09-265-40r19-102w,sitemap-produtos.xml,0.7,weekly,40
/pneu/pneu-yokohama-neova-ad09-275-40r19-105w,produto,pneu-yokohama-neova-ad09-275-40r19-105w,src/data (TIRES) via getIndexableTireSlugs(),true,https://www.carpluspneuseoficina.com.br/pneu/pneu-yokohama-neova-ad09-275-40r19-105w,sitemap-produtos.xml,0.7,weekly,40
/pneu/pneu-yokohama-neova-ad09-235-35r19-91w,produto,pneu-yokohama-neova-ad09-235-35r19-91w,src/data (TIRES) via getIndexableTireSlugs(),true,https://www.carpluspneuseoficina.com.br/pneu/pneu-yokohama-neova-ad09-235-35r19-91w,sitemap-produtos.xml,0.7,weekly,40
/pneu/pneu-yokohama-neova-ad09-245-35r19-93w,produto,pneu-yokohama-neova-ad09-245-35r19-93w,src/data (TIRES) via getIndexableTireSlugs(),true,https://www.carpluspneuseoficina.com.br/pneu/pneu-yokohama-neova-ad09-245-35r19-93w,sitemap-produtos.xml,0.7,weekly,40
/pneu/pneu-yokohama-neova-ad09-255-35r19-96w,produto,pneu-yokohama-neova-ad09-255-35r19-96w,src/data (TIRES) via getIndexableTireSlugs(),true,https://www.carpluspneuseoficina.com.br/pneu/pneu-yokohama-neova-ad09-255-35r19-96w,sitemap-produtos.xml,0.7,weekly,40
/pneu/pneu-yokohama-neova-ad09-265-35r19-98w,produto,pneu-yokohama-neova-ad09-265-35r19-98w,src/data (TIRES) via getIndexableTireSlugs(),true,https://www.carpluspneuseoficina.com.br/pneu/pneu-yokohama-neova-ad09-265-35r19-98w,sitemap-produtos.xml,0.7,weekly,40
/pneu/pneu-yokohama-neova-ad09-275-35r19-100w,produto,pneu-yokohama-neova-ad09-275-35r19-100w,src/data (TIRES) via getIndexableTireSlugs(),true,https://www.carpluspneuseoficina.com.br/pneu/pneu-yokohama-neova-ad09-275-35r19-100w,sitemap-produtos.xml,0.7,weekly,40
/pneu/pneu-yokohama-neova-ad09-285-35r19-103w,produto,pneu-yokohama-neova-ad09-285-35r19-103w,src/data (TIRES) via getIndexableTireSlugs(),true,https://www.carpluspneuseoficina.com.br/pneu/pneu-yokohama-neova-ad09-285-35r19-103w,sitemap-produtos.xml,0.7,weekly,40
/pneu/pneu-yokohama-neova-ad09-265-30r19-93w,produto,pneu-yokohama-neova-ad09-265-30r19-93w,src/data (TIRES) via getIndexableTireSlugs(),true,https://www.carpluspneuseoficina.com.br/pneu/pneu-yokohama-neova-ad09-265-30r19-93w,sitemap-produtos.xml,0.7,weekly,40
/pneu/pneu-yokohama-neova-ad09-275-30r19-96w,produto,pneu-yokohama-neova-ad09-275-30r19-96w,src/data (TIRES) via getIndexableTireSlugs(),true,https://www.carpluspneuseoficina.com.br/pneu/pneu-yokohama-neova-ad09-275-30r19-96w,sitemap-produtos.xml,0.7,weekly,40
/pneu/pneu-yokohama-neova-ad09-295-30r19-100w,produto,pneu-yokohama-neova-ad09-295-30r19-100w,src/data (TIRES) via getIndexableTireSlugs(),true,https://www.carpluspneuseoficina.com.br/pneu/pneu-yokohama-neova-ad09-295-30r19-100w,sitemap-produtos.xml,0.7,weekly,40
/pneu/pneu-yokohama-neova-ad09-305-30r19-102w,produto,pneu-yokohama-neova-ad09-305-30r19-102w,src/data (TIRES) via getIndexableTireSlugs(),true,https://www.carpluspneuseoficina.com.br/pneu/pneu-yokohama-neova-ad09-305-30r19-102w,sitemap-produtos.xml,0.7,weekly,40
/pneu/pneu-yokohama-neova-ad09-325-30r19-105w,produto,pneu-yokohama-neova-ad09-325-30r19-105w,src/data (TIRES) via getIndexableTireSlugs(),true,https://www.carpluspneuseoficina.com.br/pneu/pneu-yokohama-neova-ad09-325-30r19-105w,sitemap-produtos.xml,0.7,weekly,40
/pneu/pneu-yokohama-neova-ad09-245-40r20-99w,produto,pneu-yokohama-neova-ad09-245-40r20-99w,src/data (TIRES) via getIndexableTireSlugs(),true,https://www.carpluspneuseoficina.com.br/pneu/pneu-yokohama-neova-ad09-245-40r20-99w,sitemap-produtos.xml,0.7,weekly,40
/pneu/pneu-yokohama-neova-ad09-255-40r20-101w,produto,pneu-yokohama-neova-ad09-255-40r20-101w,src/data (TIRES) via getIndexableTireSlugs(),true,https://www.carpluspneuseoficina.com.br/pneu/pneu-yokohama-neova-ad09-255-40r20-101w,sitemap-produtos.xml,0.7,weekly,40
/pneu/pneu-yokohama-neova-ad09-235-35r20-92w,produto,pneu-yokohama-neova-ad09-235-35r20-92w,src/data (TIRES) via getIndexableTireSlugs(),true,https://www.carpluspneuseoficina.com.br/pneu/pneu-yokohama-neova-ad09-235-35r20-92w,sitemap-produtos.xml,0.7,weekly,40
/pneu/pneu-yokohama-neova-ad09-245-35r20-95w,produto,pneu-yokohama-neova-ad09-245-35r20-95w,src/data (TIRES) via getIndexableTireSlugs(),true,https://www.carpluspneuseoficina.com.br/pneu/pneu-yokohama-neova-ad09-245-35r20-95w,sitemap-produtos.xml,0.7,weekly,40
/pneu/pneu-yokohama-neova-ad09-255-35r20-97w,produto,pneu-yokohama-neova-ad09-255-35r20-97w,src/data (TIRES) via getIndexableTireSlugs(),true,https://www.carpluspneuseoficina.com.br/pneu/pneu-yokohama-neova-ad09-255-35r20-97w,sitemap-produtos.xml,0.7,weekly,40
/pneu/pneu-yokohama-neova-ad09-265-35r20-99w,produto,pneu-yokohama-neova-ad09-265-35r20-99w,src/data (TIRES) via getIndexableTireSlugs(),true,https://www.carpluspneuseoficina.com.br/pneu/pneu-yokohama-neova-ad09-265-35r20-99w,sitemap-produtos.xml,0.7,weekly,40
/pneu/pneu-yokohama-neova-ad09-275-35r20-102w,produto,pneu-yokohama-neova-ad09-275-35r20-102w,src/data (TIRES) via getIndexableTireSlugs(),true,https://www.carpluspneuseoficina.com.br/pneu/pneu-yokohama-neova-ad09-275-35r20-102w,sitemap-produtos.xml,0.7,weekly,40
/pneu/pneu-yokohama-neova-ad09-285-35r20-104w,produto,pneu-yokohama-neova-ad09-285-35r20-104w,src/data (TIRES) via getIndexableTireSlugs(),true,https://www.carpluspneuseoficina.com.br/pneu/pneu-yokohama-neova-ad09-285-35r20-104w,sitemap-produtos.xml,0.7,weekly,40
/pneu/pneu-yokohama-neova-ad09-295-35r20-105w,produto,pneu-yokohama-neova-ad09-295-35r20-105w,src/data (TIRES) via getIndexableTireSlugs(),true,https://www.carpluspneuseoficina.com.br/pneu/pneu-yokohama-neova-ad09-295-35r20-105w,sitemap-produtos.xml,0.7,weekly,40
/pneu/pneu-yokohama-neova-ad09-245-30r20-90w,produto,pneu-yokohama-neova-ad09-245-30r20-90w,src/data (TIRES) via getIndexableTireSlugs(),true,https://www.carpluspneuseoficina.com.br/pneu/pneu-yokohama-neova-ad09-245-30r20-90w,sitemap-produtos.xml,0.7,weekly,40
/pneu/pneu-yokohama-neova-ad09-265-30r20-94w,produto,pneu-yokohama-neova-ad09-265-30r20-94w,src/data (TIRES) via getIndexableTireSlugs(),true,https://www.carpluspneuseoficina.com.br/pneu/pneu-yokohama-neova-ad09-265-30r20-94w,sitemap-produtos.xml,0.7,weekly,40
/pneu/pneu-yokohama-neova-ad09-275-30r20-97w,produto,pneu-yokohama-neova-ad09-275-30r20-97w,src/data (TIRES) via getIndexableTireSlugs(),true,https://www.carpluspneuseoficina.com.br/pneu/pneu-yokohama-neova-ad09-275-30r20-97w,sitemap-produtos.xml,0.7,weekly,40
/pneu/pneu-yokohama-neova-ad09-285-30r20-99w,produto,pneu-yokohama-neova-ad09-285-30r20-99w,src/data (TIRES) via getIndexableTireSlugs(),true,https://www.carpluspneuseoficina.com.br/pneu/pneu-yokohama-neova-ad09-285-30r20-99w,sitemap-produtos.xml,0.7,weekly,40
/pneu/pneu-yokohama-neova-ad09-295-30r20-101w,produto,pneu-yokohama-neova-ad09-295-30r20-101w,src/data (TIRES) via getIndexableTireSlugs(),true,https://www.carpluspneuseoficina.com.br/pneu/pneu-yokohama-neova-ad09-295-30r20-101w,sitemap-produtos.xml,0.7,weekly,40
/pneu/pneu-yokohama-neova-ad09-305-30r20-103w,produto,pneu-yokohama-neova-ad09-305-30r20-103w,src/data (TIRES) via getIndexableTireSlugs(),true,https://www.carpluspneuseoficina.com.br/pneu/pneu-yokohama-neova-ad09-305-30r20-103w,sitemap-produtos.xml,0.7,weekly,40
/pneu/pneu-yokohama-neova-ad09-305-30r21-104w,produto,pneu-yokohama-neova-ad09-305-30r21-104w,src/data (TIRES) via getIndexableTireSlugs(),true,https://www.carpluspneuseoficina.com.br/pneu/pneu-yokohama-neova-ad09-305-30r21-104w,sitemap-produtos.xml,0.7,weekly,40
/pneu/pneu-yokohama-neova-ad09-325-30r21-108w,produto,pneu-yokohama-neova-ad09-325-30r21-108w,src/data (TIRES) via getIndexableTireSlugs(),true,https://www.carpluspneuseoficina.com.br/pneu/pneu-yokohama-neova-ad09-325-30r21-108w,sitemap-produtos.xml,0.7,weekly,40
/pneu/pneu-yokohama-advan-sport-v105-285-35r18-97y-mo,produto,pneu-yokohama-advan-sport-v105-285-35r18-97y-mo,src/data (TIRES) via getIndexableTireSlugs(),true,https://www.carpluspneuseoficina.com.br/pneu/pneu-yokohama-advan-sport-v105-285-35r18-97y-mo,sitemap-produtos.xml,0.7,weekly,40
/pneu/pneu-yokohama-advan-sport-v105-245-45zr19-98y,produto,pneu-yokohama-advan-sport-v105-245-45zr19-98y,src/data (TIRES) via getIndexableTireSlugs(),true,https://www.carpluspneuseoficina.com.br/pneu/pneu-yokohama-advan-sport-v105-245-45zr19-98y,sitemap-produtos.xml,0.7,weekly,40
/pneu/pneu-yokohama-advan-sport-v105-255-35zr18-94y,produto,pneu-yokohama-advan-sport-v105-255-35zr18-94y,src/data (TIRES) via getIndexableTireSlugs(),true,https://www.carpluspneuseoficina.com.br/pneu/pneu-yokohama-advan-sport-v105-255-35zr18-94y,sitemap-produtos.xml,0.7,weekly,40
/pneu/pneu-yokohama-advan-sport-v105-225-40zr18-92y,produto,pneu-yokohama-advan-sport-v105-225-40zr18-92y,src/data (TIRES) via getIndexableTireSlugs(),true,https://www.carpluspneuseoficina.com.br/pneu/pneu-yokohama-advan-sport-v105-225-40zr18-92y,sitemap-produtos.xml,0.7,weekly,40
/pneu/pneu-yokohama-advan-sport-v105-225-45zr17-94y,produto,pneu-yokohama-advan-sport-v105-225-45zr17-94y,src/data (TIRES) via getIndexableTireSlugs(),true,https://www.carpluspneuseoficina.com.br/pneu/pneu-yokohama-advan-sport-v105-225-45zr17-94y,sitemap-produtos.xml,0.7,weekly,40
/pneu/pneu-prinx-hh1-205-60r16-92h,produto,pneu-prinx-hh1-205-60r16-92h,src/data (TIRES) via getIndexableTireSlugs(),true,https://www.carpluspneuseoficina.com.br/pneu/pneu-prinx-hh1-205-60r16-92h,sitemap-produtos.xml,0.7,weekly,40
/pneu/pneu-prinx-hh1-215-60r16-95h,produto,pneu-prinx-hh1-215-60r16-95h,src/data (TIRES) via getIndexableTireSlugs(),true,https://www.carpluspneuseoficina.com.br/pneu/pneu-prinx-hh1-215-60r16-95h,sitemap-produtos.xml,0.7,weekly,40
/pneu/pneu-prinx-hh1-205-55r16-91v,produto,pneu-prinx-hh1-205-55r16-91v,src/data (TIRES) via getIndexableTireSlugs(),true,https://www.carpluspneuseoficina.com.br/pneu/pneu-prinx-hh1-205-55r16-91v,sitemap-produtos.xml,0.7,weekly,40
/pneu/pneu-prinx-hh1-195-65r15-91h,produto,pneu-prinx-hh1-195-65r15-91h,src/data (TIRES) via getIndexableTireSlugs(),true,https://www.carpluspneuseoficina.com.br/pneu/pneu-prinx-hh1-195-65r15-91h,sitemap-produtos.xml,0.7,weekly,40
/pneu/pneu-prinx-hh2-18555r16-83h,produto,pneu-prinx-hh2-18555r16-83h,src/data (TIRES) via getIndexableTireSlugs(),true,https://www.carpluspneuseoficina.com.br/pneu/pneu-prinx-hh2-18555r16-83h,sitemap-produtos.xml,0.7,weekly,40
/pneu/pneu-prinx-hh2-19555r16-87v,produto,pneu-prinx-hh2-19555r16-87v,src/data (TIRES) via getIndexableTireSlugs(),true,https://www.carpluspneuseoficina.com.br/pneu/pneu-prinx-hh2-19555r16-87v,sitemap-produtos.xml,0.7,weekly,40
/pneu/pneu-prinx-hh2-20570r15-96h,produto,pneu-prinx-hh2-20570r15-96h,src/data (TIRES) via getIndexableTireSlugs(),true,https://www.carpluspneuseoficina.com.br/pneu/pneu-prinx-hh2-20570r15-96h,sitemap-produtos.xml,0.7,weekly,40
/pneu/pneu-prinx-hh2-17570r14-84t,produto,pneu-prinx-hh2-17570r14-84t,src/data (TIRES) via getIndexableTireSlugs(),true,https://www.carpluspneuseoficina.com.br/pneu/pneu-prinx-hh2-17570r14-84t,sitemap-produtos.xml,0.7,weekly,40
/pneu/pneu-prinx-hh2-19570r14-91t,produto,pneu-prinx-hh2-19570r14-91t,src/data (TIRES) via getIndexableTireSlugs(),true,https://www.carpluspneuseoficina.com.br/pneu/pneu-prinx-hh2-19570r14-91t,sitemap-produtos.xml,0.7,weekly,40
/pneu/pneu-prinx-hh2-17565r14-82t,produto,pneu-prinx-hh2-17565r14-82t,src/data (TIRES) via getIndexableTireSlugs(),true,https://www.carpluspneuseoficina.com.br/pneu/pneu-prinx-hh2-17565r14-82t,sitemap-produtos.xml,0.7,weekly,40
/pneu/pneu-prinx-hh2-18565r14-86h,produto,pneu-prinx-hh2-18565r14-86h,src/data (TIRES) via getIndexableTireSlugs(),true,https://www.carpluspneuseoficina.com.br/pneu/pneu-prinx-hh2-18565r14-86h,sitemap-produtos.xml,0.7,weekly,40
/pneu/pneu-prinx-hh2-18565r15-88h,produto,pneu-prinx-hh2-18565r15-88h,src/data (TIRES) via getIndexableTireSlugs(),true,https://www.carpluspneuseoficina.com.br/pneu/pneu-prinx-hh2-18565r15-88h,sitemap-produtos.xml,0.7,weekly,40
/pneu/pneu-prinx-hh2-19565r15-91h,produto,pneu-prinx-hh2-19565r15-91h,src/data (TIRES) via getIndexableTireSlugs(),true,https://www.carpluspneuseoficina.com.br/pneu/pneu-prinx-hh2-19565r15-91h,sitemap-produtos.xml,0.7,weekly,40
/pneu/pneu-prinx-hh2-18560r15-84h,produto,pneu-prinx-hh2-18560r15-84h,src/data (TIRES) via getIndexableTireSlugs(),true,https://www.carpluspneuseoficina.com.br/pneu/pneu-prinx-hh2-18560r15-84h,sitemap-produtos.xml,0.7,weekly,40
/pneu/pneu-prinx-hh2-19560r15-88h,produto,pneu-prinx-hh2-19560r15-88h,src/data (TIRES) via getIndexableTireSlugs(),true,https://www.carpluspneuseoficina.com.br/pneu/pneu-prinx-hh2-19560r15-88h,sitemap-produtos.xml,0.7,weekly,40
/pneu/pneu-prinx-hh2-17555r15-77h,produto,pneu-prinx-hh2-17555r15-77h,src/data (TIRES) via getIndexableTireSlugs(),true,https://www.carpluspneuseoficina.com.br/pneu/pneu-prinx-hh2-17555r15-77h,sitemap-produtos.xml,0.7,weekly,40
/pneu/pneu-prinx-hh2-18555r15-82v,produto,pneu-prinx-hh2-18555r15-82v,src/data (TIRES) via getIndexableTireSlugs(),true,https://www.carpluspneuseoficina.com.br/pneu/pneu-prinx-hh2-18555r15-82v,sitemap-produtos.xml,0.7,weekly,40
/pneu/pneu-prinx-hh2-19555r15-85v,produto,pneu-prinx-hh2-19555r15-85v,src/data (TIRES) via getIndexableTireSlugs(),true,https://www.carpluspneuseoficina.com.br/pneu/pneu-prinx-hh2-19555r15-85v,sitemap-produtos.xml,0.7,weekly,40
/pneu/pneu-prinx-hh2-16550r15-72v,produto,pneu-prinx-hh2-16550r15-72v,src/data (TIRES) via getIndexableTireSlugs(),true,https://www.carpluspneuseoficina.com.br/pneu/pneu-prinx-hh2-16550r15-72v,sitemap-produtos.xml,0.7,weekly,40
/pneu/pneu-prinx-hh2-19550r15-86v,produto,pneu-prinx-hh2-19550r15-86v,src/data (TIRES) via getIndexableTireSlugs(),true,https://www.carpluspneuseoficina.com.br/pneu/pneu-prinx-hh2-19550r15-86v,sitemap-produtos.xml,0.7,weekly,40
/pneu/pneu-prinx-hh2-20570r16-97h,produto,pneu-prinx-hh2-20570r16-97h,src/data (TIRES) via getIndexableTireSlugs(),true,https://www.carpluspneuseoficina.com.br/pneu/pneu-prinx-hh2-20570r16-97h,sitemap-produtos.xml,0.7,weekly,40
/pneu/pneu-prinx-hh2-22570r16-103h,produto,pneu-prinx-hh2-22570r16-103h,src/data (TIRES) via getIndexableTireSlugs(),true,https://www.carpluspneuseoficina.com.br/pneu/pneu-prinx-hh2-22570r16-103h,sitemap-produtos.xml,0.7,weekly,40
/pneu/pneu-prinx-hh2-20565r16-95h,produto,pneu-prinx-hh2-20565r16-95h,src/data (TIRES) via getIndexableTireSlugs(),true,https://www.carpluspneuseoficina.com.br/pneu/pneu-prinx-hh2-20565r16-95h,sitemap-produtos.xml,0.7,weekly,40
/pneu/pneu-prinx-hh2-21565r16-98h,produto,pneu-prinx-hh2-21565r16-98h,src/data (TIRES) via getIndexableTireSlugs(),true,https://www.carpluspneuseoficina.com.br/pneu/pneu-prinx-hh2-21565r16-98h,sitemap-produtos.xml,0.7,weekly,40
/pneu/pneu-prinx-hh2-22560r16-98v,produto,pneu-prinx-hh2-22560r16-98v,src/data (TIRES) via getIndexableTireSlugs(),true,https://www.carpluspneuseoficina.com.br/pneu/pneu-prinx-hh2-22560r16-98v,sitemap-produtos.xml,0.7,weekly,40
/pneu/pneu-prinx-hh2-23560r16-100h,produto,pneu-prinx-hh2-23560r16-100h,src/data (TIRES) via getIndexableTireSlugs(),true,https://www.carpluspneuseoficina.com.br/pneu/pneu-prinx-hh2-23560r16-100h,sitemap-produtos.xml,0.7,weekly,40
/pneu/pneu-prinx-hh2-19550r16-84v,produto,pneu-prinx-hh2-19550r16-84v,src/data (TIRES) via getIndexableTireSlugs(),true,https://www.carpluspneuseoficina.com.br/pneu/pneu-prinx-hh2-19550r16-84v,sitemap-produtos.xml,0.7,weekly,40
/pneu/pneu-prinx-hh2-21565r17-99h,produto,pneu-prinx-hh2-21565r17-99h,src/data (TIRES) via getIndexableTireSlugs(),true,https://www.carpluspneuseoficina.com.br/pneu/pneu-prinx-hh2-21565r17-99h,sitemap-produtos.xml,0.7,weekly,40
/pneu/pneu-prinx-hh2-22565r17-102h,produto,pneu-prinx-hh2-22565r17-102h,src/data (TIRES) via getIndexableTireSlugs(),true,https://www.carpluspneuseoficina.com.br/pneu/pneu-prinx-hh2-22565r17-102h,sitemap-produtos.xml,0.7,weekly,40
/pneu/pneu-prinx-hh2-23565r17-108v,produto,pneu-prinx-hh2-23565r17-108v,src/data (TIRES) via getIndexableTireSlugs(),true,https://www.carpluspneuseoficina.com.br/pneu/pneu-prinx-hh2-23565r17-108v,sitemap-produtos.xml,0.7,weekly,40
/pneu/pneu-prinx-hh2-21560r17-100h,produto,pneu-prinx-hh2-21560r17-100h,src/data (TIRES) via getIndexableTireSlugs(),true,https://www.carpluspneuseoficina.com.br/pneu/pneu-prinx-hh2-21560r17-100h,sitemap-produtos.xml,0.7,weekly,40
/pneu/pneu-prinx-hh2-22560r17-99v,produto,pneu-prinx-hh2-22560r17-99v,src/data (TIRES) via getIndexableTireSlugs(),true,https://www.carpluspneuseoficina.com.br/pneu/pneu-prinx-hh2-22560r17-99v,sitemap-produtos.xml,0.7,weekly,40
/pneu/pneu-prinx-hh2-23560r17-102v,produto,pneu-prinx-hh2-23560r17-102v,src/data (TIRES) via getIndexableTireSlugs(),true,https://www.carpluspneuseoficina.com.br/pneu/pneu-prinx-hh2-23560r17-102v,sitemap-produtos.xml,0.7,weekly,40
/pneu/pneu-prinx-hh2-21555r17-94v,produto,pneu-prinx-hh2-21555r17-94v,src/data (TIRES) via getIndexableTireSlugs(),true,https://www.carpluspneuseoficina.com.br/pneu/pneu-prinx-hh2-21555r17-94v,sitemap-produtos.xml,0.7,weekly,40
/pneu/pneu-prinx-hh2-20550r17-93v,produto,pneu-prinx-hh2-20550r17-93v,src/data (TIRES) via getIndexableTireSlugs(),true,https://www.carpluspneuseoficina.com.br/pneu/pneu-prinx-hh2-20550r17-93v,sitemap-produtos.xml,0.7,weekly,40
/pneu/pneu-prinx-hh2-21550r17-95v,produto,pneu-prinx-hh2-21550r17-95v,src/data (TIRES) via getIndexableTireSlugs(),true,https://www.carpluspneuseoficina.com.br/pneu/pneu-prinx-hh2-21550r17-95v,sitemap-produtos.xml,0.7,weekly,40
/pneu/pneu-prinx-hh2-23560r18-103v,produto,pneu-prinx-hh2-23560r18-103v,src/data (TIRES) via getIndexableTireSlugs(),true,https://www.carpluspneuseoficina.com.br/pneu/pneu-prinx-hh2-23560r18-103v,sitemap-produtos.xml,0.7,weekly,40
/pneu/pneu-prinx-hh2-24560r18-105v,produto,pneu-prinx-hh2-24560r18-105v,src/data (TIRES) via getIndexableTireSlugs(),true,https://www.carpluspneuseoficina.com.br/pneu/pneu-prinx-hh2-24560r18-105v,sitemap-produtos.xml,0.7,weekly,40
/pneu/pneu-prinx-hh2-21555r18-95v,produto,pneu-prinx-hh2-21555r18-95v,src/data (TIRES) via getIndexableTireSlugs(),true,https://www.carpluspneuseoficina.com.br/pneu/pneu-prinx-hh2-21555r18-95v,sitemap-produtos.xml,0.7,weekly,40
/pneu/pneu-prinx-hh2-23555r18-100v,produto,pneu-prinx-hh2-23555r18-100v,src/data (TIRES) via getIndexableTireSlugs(),true,https://www.carpluspneuseoficina.com.br/pneu/pneu-prinx-hh2-23555r18-100v,sitemap-produtos.xml,0.7,weekly,40
/pneu/pneu-prinx-hh2-23550r18-97v,produto,pneu-prinx-hh2-23550r18-97v,src/data (TIRES) via getIndexableTireSlugs(),true,https://www.carpluspneuseoficina.com.br/pneu/pneu-prinx-hh2-23550r18-97v,sitemap-produtos.xml,0.7,weekly,40
/pneu/pneu-prinx-hh2-23540r19-96v,produto,pneu-prinx-hh2-23540r19-96v,src/data (TIRES) via getIndexableTireSlugs(),true,https://www.carpluspneuseoficina.com.br/pneu/pneu-prinx-hh2-23540r19-96v,sitemap-produtos.xml,0.7,weekly,40
/pneu/pneu-prinx-hz2-23550r18-101y,produto,pneu-prinx-hz2-23550r18-101y,src/data (TIRES) via getIndexableTireSlugs(),true,https://www.carpluspneuseoficina.com.br/pneu/pneu-prinx-hz2-23550r18-101y,sitemap-produtos.xml,0.7,weekly,40
/pneu/pneu-prinx-hz2-27540r18-103y,produto,pneu-prinx-hz2-27540r18-103y,src/data (TIRES) via getIndexableTireSlugs(),true,https://www.carpluspneuseoficina.com.br/pneu/pneu-prinx-hz2-27540r18-103y,sitemap-produtos.xml,0.7,weekly,40
/pneu/pneu-prinx-hz2-24535r19-93y,produto,pneu-prinx-hz2-24535r19-93y,src/data (TIRES) via getIndexableTireSlugs(),true,https://www.carpluspneuseoficina.com.br/pneu/pneu-prinx-hz2-24535r19-93y,sitemap-produtos.xml,0.7,weekly,40
/pneu/pneu-prinx-hh3-20560r15-91h,produto,pneu-prinx-hh3-20560r15-91h,src/data (TIRES) via getIndexableTireSlugs(),true,https://www.carpluspneuseoficina.com.br/pneu/pneu-prinx-hh3-20560r15-91h,sitemap-produtos.xml,0.7,weekly,40
/pneu/pneu-prinx-hh3-20555r17-91v,produto,pneu-prinx-hh3-20555r17-91v,src/data (TIRES) via getIndexableTireSlugs(),true,https://www.carpluspneuseoficina.com.br/pneu/pneu-prinx-hh3-20555r17-91v,sitemap-produtos.xml,0.7,weekly,40
/pneu/pneu-prinx-hh3-20565r16-95v,produto,pneu-prinx-hh3-20565r16-95v,src/data (TIRES) via getIndexableTireSlugs(),true,https://www.carpluspneuseoficina.com.br/pneu/pneu-prinx-hh3-20565r16-95v,sitemap-produtos.xml,0.7,weekly,40
/pneu/pneu-prinx-hz1-22545r17-94w-runflat,produto,pneu-prinx-hz1-22545r17-94w-runflat,src/data (TIRES) via getIndexableTireSlugs(),true,https://www.carpluspneuseoficina.com.br/pneu/pneu-prinx-hz1-22545r17-94w-runflat,sitemap-produtos.xml,0.7,weekly,40
/pneu/pneu-prinx-hz1-22545r18-95w-runflat,produto,pneu-prinx-hz1-22545r18-95w-runflat,src/data (TIRES) via getIndexableTireSlugs(),true,https://www.carpluspneuseoficina.com.br/pneu/pneu-prinx-hz1-22545r18-95w-runflat,sitemap-produtos.xml,0.7,weekly,40
/pneu/pneu-prinx-xnex-sport-ev-24550r19-105w,produto,pneu-prinx-xnex-sport-ev-24550r19-105w,src/data (TIRES) via getIndexableTireSlugs(),true,https://www.carpluspneuseoficina.com.br/pneu/pneu-prinx-xnex-sport-ev-24550r19-105w,sitemap-produtos.xml,0.7,weekly,40
/pneu/pneu-prinx-xnex-sport-ev-25550r20-109w,produto,pneu-prinx-xnex-sport-ev-25550r20-109w,src/data (TIRES) via getIndexableTireSlugs(),true,https://www.carpluspneuseoficina.com.br/pneu/pneu-prinx-xnex-sport-ev-25550r20-109w,sitemap-produtos.xml,0.7,weekly,40
/pneu/pneu-prinx-xnex-sport-ev-26545r21-108y,produto,pneu-prinx-xnex-sport-ev-26545r21-108y,src/data (TIRES) via getIndexableTireSlugs(),true,https://www.carpluspneuseoficina.com.br/pneu/pneu-prinx-xnex-sport-ev-26545r21-108y,sitemap-produtos.xml,0.7,weekly,40
/pneu/pneu-prinx-xnex-sport-ev-24545r19-102y,produto,pneu-prinx-xnex-sport-ev-24545r19-102y,src/data (TIRES) via getIndexableTireSlugs(),true,https://www.carpluspneuseoficina.com.br/pneu/pneu-prinx-xnex-sport-ev-24545r19-102y,sitemap-produtos.xml,0.7,weekly,40
/pneu/pneu-prinx-xnex-sport-ev-25545r19-104w,produto,pneu-prinx-xnex-sport-ev-25545r19-104w,src/data (TIRES) via getIndexableTireSlugs(),true,https://www.carpluspneuseoficina.com.br/pneu/pneu-prinx-xnex-sport-ev-25545r19-104w,sitemap-produtos.xml,0.7,weekly,40
/pneu/pneu-prinx-xnex-sport-ev-24545r20-103y,produto,pneu-prinx-xnex-sport-ev-24545r20-103y,src/data (TIRES) via getIndexableTireSlugs(),true,https://www.carpluspneuseoficina.com.br/pneu/pneu-prinx-xnex-sport-ev-24545r20-103y,sitemap-produtos.xml,0.7,weekly,40
/pneu/pneu-prinx-xnex-sport-ev-25540r20-101w,produto,pneu-prinx-xnex-sport-ev-25540r20-101w,src/data (TIRES) via getIndexableTireSlugs(),true,https://www.carpluspneuseoficina.com.br/pneu/pneu-prinx-xnex-sport-ev-25540r20-101w,sitemap-produtos.xml,0.7,weekly,40
/pneu/pneu-prinx-xnex-sport-ev-23545r18-98y,produto,pneu-prinx-xnex-sport-ev-23545r18-98y,src/data (TIRES) via getIndexableTireSlugs(),true,https://www.carpluspneuseoficina.com.br/pneu/pneu-prinx-xnex-sport-ev-23545r18-98y,sitemap-produtos.xml,0.7,weekly,40
/pneu/pneu-prinx-xnex-sport-ev-22545r18-95w,produto,pneu-prinx-xnex-sport-ev-22545r18-95w,src/data (TIRES) via getIndexableTireSlugs(),true,https://www.carpluspneuseoficina.com.br/pneu/pneu-prinx-xnex-sport-ev-22545r18-95w,sitemap-produtos.xml,0.7,weekly,40
/pneu/pneu-prinx-xnex-sport-ev-25545r20-105w,produto,pneu-prinx-xnex-sport-ev-25545r20-105w,src/data (TIRES) via getIndexableTireSlugs(),true,https://www.carpluspneuseoficina.com.br/pneu/pneu-prinx-xnex-sport-ev-25545r20-105w,sitemap-produtos.xml,0.7,weekly,40
/pneu/pneu-prinx-xnex-sport-ev-23550r20-104w,produto,pneu-prinx-xnex-sport-ev-23550r20-104w,src/data (TIRES) via getIndexableTireSlugs(),true,https://www.carpluspneuseoficina.com.br/pneu/pneu-prinx-xnex-sport-ev-23550r20-104w,sitemap-produtos.xml,0.7,weekly,40
/pneu/pneu-prinx-xnex-sport-ev-23545r20-96v,produto,pneu-prinx-xnex-sport-ev-23545r20-96v,src/data (TIRES) via getIndexableTireSlugs(),true,https://www.carpluspneuseoficina.com.br/pneu/pneu-prinx-xnex-sport-ev-23545r20-96v,sitemap-produtos.xml,0.7,weekly,40
/pneu/pneu-prinx-xnex-sport-ev-22555r18-102v,produto,pneu-prinx-xnex-sport-ev-22555r18-102v,src/data (TIRES) via getIndexableTireSlugs(),true,https://www.carpluspneuseoficina.com.br/pneu/pneu-prinx-xnex-sport-ev-22555r18-102v,sitemap-produtos.xml,0.7,weekly,40
/pneu/pneu-prinx-xnex-sport-ev-23545r19-99w,produto,pneu-prinx-xnex-sport-ev-23545r19-99w,src/data (TIRES) via getIndexableTireSlugs(),true,https://www.carpluspneuseoficina.com.br/pneu/pneu-prinx-xnex-sport-ev-23545r19-99w,sitemap-produtos.xml,0.7,weekly,40
/pneu/pneu-prinx-xnex-sport-ev-23550r19-99v,produto,pneu-prinx-xnex-sport-ev-23550r19-99v,src/data (TIRES) via getIndexableTireSlugs(),true,https://www.carpluspneuseoficina.com.br/pneu/pneu-prinx-xnex-sport-ev-23550r19-99v,sitemap-produtos.xml,0.7,weekly,40
/pneu/pneu-prinx-xnex-sport-ev-23555r19-101v,produto,pneu-prinx-xnex-sport-ev-23555r19-101v,src/data (TIRES) via getIndexableTireSlugs(),true,https://www.carpluspneuseoficina.com.br/pneu/pneu-prinx-xnex-sport-ev-23555r19-101v,sitemap-produtos.xml,0.7,weekly,40
/pneu/pneu-prinx-xnex-sport-ev-28540r22-110y,produto,pneu-prinx-xnex-sport-ev-28540r22-110y,src/data (TIRES) via getIndexableTireSlugs(),true,https://www.carpluspneuseoficina.com.br/pneu/pneu-prinx-xnex-sport-ev-28540r22-110y,sitemap-produtos.xml,0.7,weekly,40
/pneu/pneu-prinx-xnex-sport-ev-22555r19-99t,produto,pneu-prinx-xnex-sport-ev-22555r19-99t,src/data (TIRES) via getIndexableTireSlugs(),true,https://www.carpluspneuseoficina.com.br/pneu/pneu-prinx-xnex-sport-ev-22555r19-99t,sitemap-produtos.xml,0.7,weekly,40
/pneu/pneu-prinx-xnex-sport-ev-22545r19-96w,produto,pneu-prinx-xnex-sport-ev-22545r19-96w,src/data (TIRES) via getIndexableTireSlugs(),true,https://www.carpluspneuseoficina.com.br/pneu/pneu-prinx-xnex-sport-ev-22545r19-96w,sitemap-produtos.xml,0.7,weekly,40
/pneu/pneu-prinx-xnex-sport-ev-27540r19-105y,produto,pneu-prinx-xnex-sport-ev-27540r19-105y,src/data (TIRES) via getIndexableTireSlugs(),true,https://www.carpluspneuseoficina.com.br/pneu/pneu-prinx-xnex-sport-ev-27540r19-105y,sitemap-produtos.xml,0.7,weekly,40
/pneu/pneu-prinx-xnex-sport-ev-27535r19-100y,produto,pneu-prinx-xnex-sport-ev-27535r19-100y,src/data (TIRES) via getIndexableTireSlugs(),true,https://www.carpluspneuseoficina.com.br/pneu/pneu-prinx-xnex-sport-ev-27535r19-100y,sitemap-produtos.xml,0.7,weekly,40
/pneu/pneu-prinx-xnex-sport-ev-23555r20-102w,produto,pneu-prinx-xnex-sport-ev-23555r20-102w,src/data (TIRES) via getIndexableTireSlugs(),true,https://www.carpluspneuseoficina.com.br/pneu/pneu-prinx-xnex-sport-ev-23555r20-102w,sitemap-produtos.xml,0.7,weekly,40
/pneu/pneu-prinx-xnex-sport-ev-27545r21-110y,produto,pneu-prinx-xnex-sport-ev-27545r21-110y,src/data (TIRES) via getIndexableTireSlugs(),true,https://www.carpluspneuseoficina.com.br/pneu/pneu-prinx-xnex-sport-ev-27545r21-110y,sitemap-produtos.xml,0.7,weekly,40
/pneu/pneu-prinx-xnex-sport-ev-28540r21-109y-silenteck,produto,pneu-prinx-xnex-sport-ev-28540r21-109y-silenteck,src/data (TIRES) via getIndexableTireSlugs(),true,https://www.carpluspneuseoficina.com.br/pneu/pneu-prinx-xnex-sport-ev-28540r21-109y-silenteck,sitemap-produtos.xml,0.7,weekly,40
/pneu/pneu-prinx-xnex-sport-ev-23535r20-92y,produto,pneu-prinx-xnex-sport-ev-23535r20-92y,src/data (TIRES) via getIndexableTireSlugs(),true,https://www.carpluspneuseoficina.com.br/pneu/pneu-prinx-xnex-sport-ev-23535r20-92y,sitemap-produtos.xml,0.7,weekly,40
/pneu/pneu-prinx-xnex-sport-ev-23555r18-104v,produto,pneu-prinx-xnex-sport-ev-23555r18-104v,src/data (TIRES) via getIndexableTireSlugs(),true,https://www.carpluspneuseoficina.com.br/pneu/pneu-prinx-xnex-sport-ev-23555r18-104v,sitemap-produtos.xml,0.7,weekly,40
/pneu/pneu-prinx-xnex-sport-ev-27555r19-111w,produto,pneu-prinx-xnex-sport-ev-27555r19-111w,src/data (TIRES) via getIndexableTireSlugs(),true,https://www.carpluspneuseoficina.com.br/pneu/pneu-prinx-xnex-sport-ev-27555r19-111w,sitemap-produtos.xml,0.7,weekly,40
/pneu/pneu-prinx-xnex-sport-ev-25550r19-107v,produto,pneu-prinx-xnex-sport-ev-25550r19-107v,src/data (TIRES) via getIndexableTireSlugs(),true,https://www.carpluspneuseoficina.com.br/pneu/pneu-prinx-xnex-sport-ev-25550r19-107v,sitemap-produtos.xml,0.7,weekly,40
/pneu/pneu-prinx-xnex-sport-ev-24540r19-98y,produto,pneu-prinx-xnex-sport-ev-24540r19-98y,src/data (TIRES) via getIndexableTireSlugs(),true,https://www.carpluspneuseoficina.com.br/pneu/pneu-prinx-xnex-sport-ev-24540r19-98y,sitemap-produtos.xml,0.7,weekly,40
/pneu/pneu-prinx-xnex-sport-ev-25555r20-110y,produto,pneu-prinx-xnex-sport-ev-25555r20-110y,src/data (TIRES) via getIndexableTireSlugs(),true,https://www.carpluspneuseoficina.com.br/pneu/pneu-prinx-xnex-sport-ev-25555r20-110y,sitemap-produtos.xml,0.7,weekly,40
/pneu/pneu-prinx-xnex-sport-ev-27545r20-110y,produto,pneu-prinx-xnex-sport-ev-27545r20-110y,src/data (TIRES) via getIndexableTireSlugs(),true,https://www.carpluspneuseoficina.com.br/pneu/pneu-prinx-xnex-sport-ev-27545r20-110y,sitemap-produtos.xml,0.7,weekly,40
/pneu/pneu-prinx-xnex-sport-ev-26540r22-106y,produto,pneu-prinx-xnex-sport-ev-26540r22-106y,src/data (TIRES) via getIndexableTireSlugs(),true,https://www.carpluspneuseoficina.com.br/pneu/pneu-prinx-xnex-sport-ev-26540r22-106y,sitemap-produtos.xml,0.7,weekly,40
/pneu/pneu-prinx-xnex-sport-ev-21555r18-99v,produto,pneu-prinx-xnex-sport-ev-21555r18-99v,src/data (TIRES) via getIndexableTireSlugs(),true,https://www.carpluspneuseoficina.com.br/pneu/pneu-prinx-xnex-sport-ev-21555r18-99v,sitemap-produtos.xml,0.7,weekly,40
/pneu/pneu-prinx-xnex-sport-ev-25555r19-111v,produto,pneu-prinx-xnex-sport-ev-25555r19-111v,src/data (TIRES) via getIndexableTireSlugs(),true,https://www.carpluspneuseoficina.com.br/pneu/pneu-prinx-xnex-sport-ev-25555r19-111v,sitemap-produtos.xml,0.7,weekly,40
/pneu/pneu-prinx-xnex-sport-ev-29540r20-110w,produto,pneu-prinx-xnex-sport-ev-29540r20-110w,src/data (TIRES) via getIndexableTireSlugs(),true,https://www.carpluspneuseoficina.com.br/pneu/pneu-prinx-xnex-sport-ev-29540r20-110w,sitemap-produtos.xml,0.7,weekly,40
/pneu/pneu-prinx-xnex-sport-ev-26535r20-99y,produto,pneu-prinx-xnex-sport-ev-26535r20-99y,src/data (TIRES) via getIndexableTireSlugs(),true,https://www.carpluspneuseoficina.com.br/pneu/pneu-prinx-xnex-sport-ev-26535r20-99y,sitemap-produtos.xml,0.7,weekly,40
/pneu/pneu-prinx-xnex-sport-ev-29530r20-101w,produto,pneu-prinx-xnex-sport-ev-29530r20-101w,src/data (TIRES) via getIndexableTireSlugs(),true,https://www.carpluspneuseoficina.com.br/pneu/pneu-prinx-xnex-sport-ev-29530r20-101w,sitemap-produtos.xml,0.7,weekly,40
/pneu/pneu-prinx-xnex-sport-ev-24550r20-105w,produto,pneu-prinx-xnex-sport-ev-24550r20-105w,src/data (TIRES) via getIndexableTireSlugs(),true,https://www.carpluspneuseoficina.com.br/pneu/pneu-prinx-xnex-sport-ev-24550r20-105w,sitemap-produtos.xml,0.7,weekly,40
/pneu/pneu-prinx-xnex-sport-ev-24540r20-99y,produto,pneu-prinx-xnex-sport-ev-24540r20-99y,src/data (TIRES) via getIndexableTireSlugs(),true,https://www.carpluspneuseoficina.com.br/pneu/pneu-prinx-xnex-sport-ev-24540r20-99y,sitemap-produtos.xml,0.7,weekly,40
/pneu/pneu-prinx-xnex-sport-ev-26540r21-105y,produto,pneu-prinx-xnex-sport-ev-26540r21-105y,src/data (TIRES) via getIndexableTireSlugs(),true,https://www.carpluspneuseoficina.com.br/pneu/pneu-prinx-xnex-sport-ev-26540r21-105y,sitemap-produtos.xml,0.7,weekly,40
/pneu/pneu-prinx-xnex-sport-ev-31540r21-111y,produto,pneu-prinx-xnex-sport-ev-31540r21-111y,src/data (TIRES) via getIndexableTireSlugs(),true,https://www.carpluspneuseoficina.com.br/pneu/pneu-prinx-xnex-sport-ev-31540r21-111y,sitemap-produtos.xml,0.7,weekly,40
/pneu/pneu-prinx-xnex-sport-ev-28545r22-114y,produto,pneu-prinx-xnex-sport-ev-28545r22-114y,src/data (TIRES) via getIndexableTireSlugs(),true,https://www.carpluspneuseoficina.com.br/pneu/pneu-prinx-xnex-sport-ev-28545r22-114y,sitemap-produtos.xml,0.7,weekly,40
/pneu/pneu-prinx-xnex-sport-ev-26545r20-108y,produto,pneu-prinx-xnex-sport-ev-26545r20-108y,src/data (TIRES) via getIndexableTireSlugs(),true,https://www.carpluspneuseoficina.com.br/pneu/pneu-prinx-xnex-sport-ev-26545r20-108y,sitemap-produtos.xml,0.7,weekly,40
/pneu/pneu-prinx-xnex-sport-ev-27540r20-106y,produto,pneu-prinx-xnex-sport-ev-27540r20-106y,src/data (TIRES) via getIndexableTireSlugs(),true,https://www.carpluspneuseoficina.com.br/pneu/pneu-prinx-xnex-sport-ev-27540r20-106y,sitemap-produtos.xml,0.7,weekly,40
/pneu/pneu-prinx-xnex-sport-ev-30540r20-112y,produto,pneu-prinx-xnex-sport-ev-30540r20-112y,src/data (TIRES) via getIndexableTireSlugs(),true,https://www.carpluspneuseoficina.com.br/pneu/pneu-prinx-xnex-sport-ev-30540r20-112y,sitemap-produtos.xml,0.7,weekly,40
/pneu/pneu-prinx-xnex-sport-ev-31535r20-110y,produto,pneu-prinx-xnex-sport-ev-31535r20-110y,src/data (TIRES) via getIndexableTireSlugs(),true,https://www.carpluspneuseoficina.com.br/pneu/pneu-prinx-xnex-sport-ev-31535r20-110y,sitemap-produtos.xml,0.7,weekly,40
/pneu/pneu-prinx-xnex-sport-ev-27530r20-97y,produto,pneu-prinx-xnex-sport-ev-27530r20-97y,src/data (TIRES) via getIndexableTireSlugs(),true,https://www.carpluspneuseoficina.com.br/pneu/pneu-prinx-xnex-sport-ev-27530r20-97y,sitemap-produtos.xml,0.7,weekly,40
/pneu/pneu-prinx-xnex-sport-ev-25545r21-106w,produto,pneu-prinx-xnex-sport-ev-25545r21-106w,src/data (TIRES) via getIndexableTireSlugs(),true,https://www.carpluspneuseoficina.com.br/pneu/pneu-prinx-xnex-sport-ev-25545r21-106w,sitemap-produtos.xml,0.7,weekly,40
/pneu/pneu-prinx-xnex-sport-ev-25540r21-102y-silenteck,produto,pneu-prinx-xnex-sport-ev-25540r21-102y-silenteck,src/data (TIRES) via getIndexableTireSlugs(),true,https://www.carpluspneuseoficina.com.br/pneu/pneu-prinx-xnex-sport-ev-25540r21-102y-silenteck,sitemap-produtos.xml,0.7,weekly,40
/pneu/pneu-prinx-xnex-sport-ev-29535r21-107y,produto,pneu-prinx-xnex-sport-ev-29535r21-107y,src/data (TIRES) via getIndexableTireSlugs(),true,https://www.carpluspneuseoficina.com.br/pneu/pneu-prinx-xnex-sport-ev-29535r21-107y,sitemap-produtos.xml,0.7,weekly,40
/pneu/pneu-prinx-xnex-sport-ev-32535r22-114y,produto,pneu-prinx-xnex-sport-ev-32535r22-114y,src/data (TIRES) via getIndexableTireSlugs(),true,https://www.carpluspneuseoficina.com.br/pneu/pneu-prinx-xnex-sport-ev-32535r22-114y,sitemap-produtos.xml,0.7,weekly,40
/pneu/pneu-prinx-xnex-sport-ev-24535r20-95y,produto,pneu-prinx-xnex-sport-ev-24535r20-95y,src/data (TIRES) via getIndexableTireSlugs(),true,https://www.carpluspneuseoficina.com.br/pneu/pneu-prinx-xnex-sport-ev-24535r20-95y,sitemap-produtos.xml,0.7,weekly,40
/pneu/pneu-prinx-xnex-sport-ev-27550r20-113w,produto,pneu-prinx-xnex-sport-ev-27550r20-113w,src/data (TIRES) via getIndexableTireSlugs(),true,https://www.carpluspneuseoficina.com.br/pneu/pneu-prinx-xnex-sport-ev-27550r20-113w,sitemap-produtos.xml,0.7,weekly,40
/pneu/pneu-prinx-xnex-sport-ev-27555r20-117v,produto,pneu-prinx-xnex-sport-ev-27555r20-117v,src/data (TIRES) via getIndexableTireSlugs(),true,https://www.carpluspneuseoficina.com.br/pneu/pneu-prinx-xnex-sport-ev-27555r20-117v,sitemap-produtos.xml,0.7,weekly,40
/pneu/pneu-prinx-xnex-sport-ev-23550r18-101v,produto,pneu-prinx-xnex-sport-ev-23550r18-101v,src/data (TIRES) via getIndexableTireSlugs(),true,https://www.carpluspneuseoficina.com.br/pneu/pneu-prinx-xnex-sport-ev-23550r18-101v,sitemap-produtos.xml,0.7,weekly,40
/pneu/pneu-prinx-xnex-sport-ev-27535r20-102y,produto,pneu-prinx-xnex-sport-ev-27535r20-102y,src/data (TIRES) via getIndexableTireSlugs(),true,https://www.carpluspneuseoficina.com.br/pneu/pneu-prinx-xnex-sport-ev-27535r20-102y,sitemap-produtos.xml,0.7,weekly,40
/pneu/pneu-prinx-xnex-sport-ev-26535r19-98y,produto,pneu-prinx-xnex-sport-ev-26535r19-98y,src/data (TIRES) via getIndexableTireSlugs(),true,https://www.carpluspneuseoficina.com.br/pneu/pneu-prinx-xnex-sport-ev-26535r19-98y,sitemap-produtos.xml,0.7,weekly,40
/pneu/pneu-prinx-xnex-sport-ev-25540r19-100y,produto,pneu-prinx-xnex-sport-ev-25540r19-100y,src/data (TIRES) via getIndexableTireSlugs(),true,https://www.carpluspneuseoficina.com.br/pneu/pneu-prinx-xnex-sport-ev-25540r19-100y,sitemap-produtos.xml,0.7,weekly,40
/pneu/pneu-prinx-xnex-sport-ev-21550r18-96v,produto,pneu-prinx-xnex-sport-ev-21550r18-96v,src/data (TIRES) via getIndexableTireSlugs(),true,https://www.carpluspneuseoficina.com.br/pneu/pneu-prinx-xnex-sport-ev-21550r18-96v,sitemap-produtos.xml,0.7,weekly,40
/pneu/pneu-prinx-xnex-sport-ev-25540r18-99y,produto,pneu-prinx-xnex-sport-ev-25540r18-99y,src/data (TIRES) via getIndexableTireSlugs(),true,https://www.carpluspneuseoficina.com.br/pneu/pneu-prinx-xnex-sport-ev-25540r18-99y,sitemap-produtos.xml,0.7,weekly,40
/pneu/pneu-prinx-xnex-sport-ev-31535r21-111y,produto,pneu-prinx-xnex-sport-ev-31535r21-111y,src/data (TIRES) via getIndexableTireSlugs(),true,https://www.carpluspneuseoficina.com.br/pneu/pneu-prinx-xnex-sport-ev-31535r21-111y,sitemap-produtos.xml,0.7,weekly,40
/pneu/pneu-prinx-xlab-comfort-ev-22550r17-98v,produto,pneu-prinx-xlab-comfort-ev-22550r17-98v,src/data (TIRES) via getIndexableTireSlugs(),true,https://www.carpluspneuseoficina.com.br/pneu/pneu-prinx-xlab-comfort-ev-22550r17-98v,sitemap-produtos.xml,0.7,weekly,40
/pneu/pneu-prinx-xlab-comfort-ev-24545r18-100w,produto,pneu-prinx-xlab-comfort-ev-24545r18-100w,src/data (TIRES) via getIndexableTireSlugs(),true,https://www.carpluspneuseoficina.com.br/pneu/pneu-prinx-xlab-comfort-ev-24545r18-100w,sitemap-produtos.xml,0.7,weekly,40
/pneu/pneu-prinx-xlab-comfort-ev-21550r17-95w,produto,pneu-prinx-xlab-comfort-ev-21550r17-95w,src/data (TIRES) via getIndexableTireSlugs(),true,https://www.carpluspneuseoficina.com.br/pneu/pneu-prinx-xlab-comfort-ev-21550r17-95w,sitemap-produtos.xml,0.7,weekly,40
/pneu/pneu-prinx-xlab-comfort-ev-22565r17-106v,produto,pneu-prinx-xlab-comfort-ev-22565r17-106v,src/data (TIRES) via getIndexableTireSlugs(),true,https://www.carpluspneuseoficina.com.br/pneu/pneu-prinx-xlab-comfort-ev-22565r17-106v,sitemap-produtos.xml,0.7,weekly,40
/pneu/pneu-prinx-xlab-comfort-ev-23560r18-103t,produto,pneu-prinx-xlab-comfort-ev-23560r18-103t,src/data (TIRES) via getIndexableTireSlugs(),true,https://www.carpluspneuseoficina.com.br/pneu/pneu-prinx-xlab-comfort-ev-23560r18-103t,sitemap-produtos.xml,0.7,weekly,40
/pneu/pneu-prinx-xlab-comfort-ev-17555r16-80h,produto,pneu-prinx-xlab-comfort-ev-17555r16-80h,src/data (TIRES) via getIndexableTireSlugs(),true,https://www.carpluspneuseoficina.com.br/pneu/pneu-prinx-xlab-comfort-ev-17555r16-80h,sitemap-produtos.xml,0.7,weekly,40
/pneu/pneu-delinte-185-60r14-82h-ds2,produto,pneu-delinte-185-60r14-82h-ds2,src/data (TIRES) via getIndexableTireSlugs(),true,https://www.carpluspneuseoficina.com.br/pneu/pneu-delinte-185-60r14-82h-ds2,sitemap-produtos.xml,0.7,weekly,40
/pneu/pneu-delinte-185r14c-102-100r-dv2-8pr,produto,pneu-delinte-185r14c-102-100r-dv2-8pr,src/data (TIRES) via getIndexableTireSlugs(),true,https://www.carpluspneuseoficina.com.br/pneu/pneu-delinte-185r14c-102-100r-dv2-8pr,sitemap-produtos.xml,0.7,weekly,40
/pneu/pneu-delinte-195-70r14-91t-ds2,produto,pneu-delinte-195-70r14-91t-ds2,src/data (TIRES) via getIndexableTireSlugs(),true,https://www.carpluspneuseoficina.com.br/pneu/pneu-delinte-195-70r14-91t-ds2,sitemap-produtos.xml,0.7,weekly,40
/pneu/pneu-delinte-195r14c-106-104r-dv2-8pr,produto,pneu-delinte-195r14c-106-104r-dv2-8pr,src/data (TIRES) via getIndexableTireSlugs(),true,https://www.carpluspneuseoficina.com.br/pneu/pneu-delinte-195r14c-106-104r-dv2-8pr,sitemap-produtos.xml,0.7,weekly,40
/pneu/pneu-delinte-165-50r15-72v-ds2,produto,pneu-delinte-165-50r15-72v-ds2,src/data (TIRES) via getIndexableTireSlugs(),true,https://www.carpluspneuseoficina.com.br/pneu/pneu-delinte-165-50r15-72v-ds2,sitemap-produtos.xml,0.7,weekly,40
/pneu/pneu-delinte-175-65r15-84h-dh2,produto,pneu-delinte-175-65r15-84h-dh2,src/data (TIRES) via getIndexableTireSlugs(),true,https://www.carpluspneuseoficina.com.br/pneu/pneu-delinte-175-65r15-84h-dh2,sitemap-produtos.xml,0.7,weekly,40
/pneu/pneu-delinte-185-45r15-75v-ds2,produto,pneu-delinte-185-45r15-75v-ds2,src/data (TIRES) via getIndexableTireSlugs(),true,https://www.carpluspneuseoficina.com.br/pneu/pneu-delinte-185-45r15-75v-ds2,sitemap-produtos.xml,0.7,weekly,40
/pneu/pneu-delinte-185-55r15-82v-ds2,produto,pneu-delinte-185-55r15-82v-ds2,src/data (TIRES) via getIndexableTireSlugs(),true,https://www.carpluspneuseoficina.com.br/pneu/pneu-delinte-185-55r15-82v-ds2,sitemap-produtos.xml,0.7,weekly,40
/pneu/pneu-delinte-185-60r15-84h-dh2,produto,pneu-delinte-185-60r15-84h-dh2,src/data (TIRES) via getIndexableTireSlugs(),true,https://www.carpluspneuseoficina.com.br/pneu/pneu-delinte-185-60r15-84h-dh2,sitemap-produtos.xml,0.7,weekly,40
/pneu/pneu-delinte-185-60r15-84h-ds2,produto,pneu-delinte-185-60r15-84h-ds2,src/data (TIRES) via getIndexableTireSlugs(),true,https://www.carpluspneuseoficina.com.br/pneu/pneu-delinte-185-60r15-84h-ds2,sitemap-produtos.xml,0.7,weekly,40
/pneu/pneu-delinte-185-65r15-88h-d1d1,produto,pneu-delinte-185-65r15-88h-d1d1,src/data (TIRES) via getIndexableTireSlugs(),true,https://www.carpluspneuseoficina.com.br/pneu/pneu-delinte-185-65r15-88h-d1d1,sitemap-produtos.xml,0.7,weekly,40
/pneu/pneu-delinte-185-65r15-88h-dh2,produto,pneu-delinte-185-65r15-88h-dh2,src/data (TIRES) via getIndexableTireSlugs(),true,https://www.carpluspneuseoficina.com.br/pneu/pneu-delinte-185-65r15-88h-dh2,sitemap-produtos.xml,0.7,weekly,40
/pneu/pneu-delinte-185-65r15-88v-ds2,produto,pneu-delinte-185-65r15-88v-ds2,src/data (TIRES) via getIndexableTireSlugs(),true,https://www.carpluspneuseoficina.com.br/pneu/pneu-delinte-185-65r15-88v-ds2,sitemap-produtos.xml,0.7,weekly,40
/pneu/pneu-delinte-195-45r15-78v-ds2,produto,pneu-delinte-195-45r15-78v-ds2,src/data (TIRES) via getIndexableTireSlugs(),true,https://www.carpluspneuseoficina.com.br/pneu/pneu-delinte-195-45r15-78v-ds2,sitemap-produtos.xml,0.7,weekly,40
/pneu/pneu-delinte-195-50r15-82v-ds2,produto,pneu-delinte-195-50r15-82v-ds2,src/data (TIRES) via getIndexableTireSlugs(),true,https://www.carpluspneuseoficina.com.br/pneu/pneu-delinte-195-50r15-82v-ds2,sitemap-produtos.xml,0.7,weekly,40
/pneu/pneu-delinte-195-50zr15-86w-xl-ak01-apex-king,produto,pneu-delinte-195-50zr15-86w-xl-ak01-apex-king,src/data (TIRES) via getIndexableTireSlugs(),true,https://www.carpluspneuseoficina.com.br/pneu/pneu-delinte-195-50zr15-86w-xl-ak01-apex-king,sitemap-produtos.xml,0.7,weekly,40
/pneu/pneu-delinte-195-55r15-85h-d1d1,produto,pneu-delinte-195-55r15-85h-d1d1,src/data (TIRES) via getIndexableTireSlugs(),true,https://www.carpluspneuseoficina.com.br/pneu/pneu-delinte-195-55r15-85h-d1d1,sitemap-produtos.xml,0.7,weekly,40
/pneu/pneu-delinte-195-55r15-85v-dh2,produto,pneu-delinte-195-55r15-85v-dh2,src/data (TIRES) via getIndexableTireSlugs(),true,https://www.carpluspneuseoficina.com.br/pneu/pneu-delinte-195-55r15-85v-dh2,sitemap-produtos.xml,0.7,weekly,40
/pneu/pneu-delinte-195-55r15-85v-ds2,produto,pneu-delinte-195-55r15-85v-ds2,src/data (TIRES) via getIndexableTireSlugs(),true,https://www.carpluspneuseoficina.com.br/pneu/pneu-delinte-195-55r15-85v-ds2,sitemap-produtos.xml,0.7,weekly,40
/pneu/pneu-delinte-195-55zr15-86w-xl-ak01-apex-king,produto,pneu-delinte-195-55zr15-86w-xl-ak01-apex-king,src/data (TIRES) via getIndexableTireSlugs(),true,https://www.carpluspneuseoficina.com.br/pneu/pneu-delinte-195-55zr15-86w-xl-ak01-apex-king,sitemap-produtos.xml,0.7,weekly,40
/pneu/pneu-delinte-195-60r15-88v-ds2,produto,pneu-delinte-195-60r15-88v-ds2,src/data (TIRES) via getIndexableTireSlugs(),true,https://www.carpluspneuseoficina.com.br/pneu/pneu-delinte-195-60r15-88v-ds2,sitemap-produtos.xml,0.7,weekly,40
/pneu/pneu-delinte-195-65r15-91v-d1d1,produto,pneu-delinte-195-65r15-91v-d1d1,src/data (TIRES) via getIndexableTireSlugs(),true,https://www.carpluspneuseoficina.com.br/pneu/pneu-delinte-195-65r15-91v-d1d1,sitemap-produtos.xml,0.7,weekly,40
/pneu/pneu-delinte-195-65r15-91v-dh2,produto,pneu-delinte-195-65r15-91v-dh2,src/data (TIRES) via getIndexableTireSlugs(),true,https://www.carpluspneuseoficina.com.br/pneu/pneu-delinte-195-65r15-91v-dh2,sitemap-produtos.xml,0.7,weekly,40
/pneu/pneu-delinte-195-65r15-95v-xl-ds2,produto,pneu-delinte-195-65r15-95v-xl-ds2,src/data (TIRES) via getIndexableTireSlugs(),true,https://www.carpluspneuseoficina.com.br/pneu/pneu-delinte-195-65r15-95v-xl-ds2,sitemap-produtos.xml,0.7,weekly,40
/pneu/pneu-delinte-195-70r15c-104-102s-dv2-8-lonas,produto,pneu-delinte-195-70r15c-104-102s-dv2-8-lonas,src/data (TIRES) via getIndexableTireSlugs(),true,https://www.carpluspneuseoficina.com.br/pneu/pneu-delinte-195-70r15c-104-102s-dv2-8-lonas,sitemap-produtos.xml,0.7,weekly,40
/pneu/pneu-delinte-195-70r15c-104-102s-dv2-8pr,produto,pneu-delinte-195-70r15c-104-102s-dv2-8pr,src/data (TIRES) via getIndexableTireSlugs(),true,https://www.carpluspneuseoficina.com.br/pneu/pneu-delinte-195-70r15c-104-102s-dv2-8pr,sitemap-produtos.xml,0.7,weekly,40
/pneu/pneu-delinte-205-60r15-91h-dx-10-at-bandit,produto,pneu-delinte-205-60r15-91h-dx-10-at-bandit,src/data (TIRES) via getIndexableTireSlugs(),true,https://www.carpluspneuseoficina.com.br/pneu/pneu-delinte-205-60r15-91h-dx-10-at-bandit,sitemap-produtos.xml,0.7,weekly,40
/pneu/pneu-delinte-205-65r15-94h-ds2,produto,pneu-delinte-205-65r15-94h-ds2,src/data (TIRES) via getIndexableTireSlugs(),true,https://www.carpluspneuseoficina.com.br/pneu/pneu-delinte-205-65r15-94h-ds2,sitemap-produtos.xml,0.7,weekly,40
/pneu/pneu-delinte-205-65r15-99h-xl-dx-10-at-bandit,produto,pneu-delinte-205-65r15-99h-xl-dx-10-at-bandit,src/data (TIRES) via getIndexableTireSlugs(),true,https://www.carpluspneuseoficina.com.br/pneu/pneu-delinte-205-65r15-99h-xl-dx-10-at-bandit,sitemap-produtos.xml,0.7,weekly,40
/pneu/pneu-17570r14-bridgestone-dueler-at-revo2-88h,produto,pneu-17570r14-bridgestone-dueler-at-revo2-88h,src/data (TIRES) via getIndexableTireSlugs(),true,https://www.carpluspneuseoficina.com.br/pneu/pneu-17570r14-bridgestone-dueler-at-revo2-88h,sitemap-produtos.xml,0.7,weekly,40
/pneu/pneu-17565r15-bridgestone-b250-84t-yt,produto,pneu-17565r15-bridgestone-b250-84t-yt,src/data (TIRES) via getIndexableTireSlugs(),true,https://www.carpluspneuseoficina.com.br/pneu/pneu-17565r15-bridgestone-b250-84t-yt,sitemap-produtos.xml,0.7,weekly,40
/pneu/pneu-18560r15-bridgestone-ecopia-ep150-84h-oe,produto,pneu-18560r15-bridgestone-ecopia-ep150-84h-oe,src/data (TIRES) via getIndexableTireSlugs(),true,https://www.carpluspneuseoficina.com.br/pneu/pneu-18560r15-bridgestone-ecopia-ep150-84h-oe,sitemap-produtos.xml,0.7,weekly,40
/pneu/pneu-18560r15-bridgestone-ecopia-ep150-88h-xl,produto,pneu-18560r15-bridgestone-ecopia-ep150-88h-xl,src/data (TIRES) via getIndexableTireSlugs(),true,https://www.carpluspneuseoficina.com.br/pneu/pneu-18560r15-bridgestone-ecopia-ep150-88h-xl,sitemap-produtos.xml,0.7,weekly,40
/pneu/pneu-18560r15-bridgestone-turanza-er300-84h-oe-yt,produto,pneu-18560r15-bridgestone-turanza-er300-84h-oe-yt,src/data (TIRES) via getIndexableTireSlugs(),true,https://www.carpluspneuseoficina.com.br/pneu/pneu-18560r15-bridgestone-turanza-er300-84h-oe-yt,sitemap-produtos.xml,0.7,weekly,40
/pneu/pneu-18565r15-bridgestone-ecopia-ep150-88h-oe,produto,pneu-18565r15-bridgestone-ecopia-ep150-88h-oe,src/data (TIRES) via getIndexableTireSlugs(),true,https://www.carpluspneuseoficina.com.br/pneu/pneu-18565r15-bridgestone-ecopia-ep150-88h-oe,sitemap-produtos.xml,0.7,weekly,40
/pneu/pneu-19555r15-bridgestone-ecopia-ep150-85h,produto,pneu-19555r15-bridgestone-ecopia-ep150-85h,src/data (TIRES) via getIndexableTireSlugs(),true,https://www.carpluspneuseoficina.com.br/pneu/pneu-19555r15-bridgestone-ecopia-ep150-85h,sitemap-produtos.xml,0.7,weekly,40
/pneu/pneu-19560r15-bridgestone-ecopia-ep150-88v,produto,pneu-19560r15-bridgestone-ecopia-ep150-88v,src/data (TIRES) via getIndexableTireSlugs(),true,https://www.carpluspneuseoficina.com.br/pneu/pneu-19560r15-bridgestone-ecopia-ep150-88v,sitemap-produtos.xml,0.7,weekly,40
/pneu/pneu-19565r15-bridgestone-ecopia-ep150-91h-oe,produto,pneu-19565r15-bridgestone-ecopia-ep150-91h-oe,src/data (TIRES) via getIndexableTireSlugs(),true,https://www.carpluspneuseoficina.com.br/pneu/pneu-19565r15-bridgestone-ecopia-ep150-91h-oe,sitemap-produtos.xml,0.7,weekly,40
/pneu/pneu-19570r15c-bridgestone-duravis-r630-104102r-yt,produto,pneu-19570r15c-bridgestone-duravis-r630-104102r-yt,src/data (TIRES) via getIndexableTireSlugs(),true,https://www.carpluspneuseoficina.com.br/pneu/pneu-19570r15c-bridgestone-duravis-r630-104102r-yt,sitemap-produtos.xml,0.7,weekly,40
/pneu/pneu-20560r15-bridgestone-dueler-at-revo2-91h,produto,pneu-20560r15-bridgestone-dueler-at-revo2-91h,src/data (TIRES) via getIndexableTireSlugs(),true,https://www.carpluspneuseoficina.com.br/pneu/pneu-20560r15-bridgestone-dueler-at-revo2-91h,sitemap-produtos.xml,0.7,weekly,40
/pneu/pneu-20565r15-bridgestone-dueler-at-revo2-94t,produto,pneu-20565r15-bridgestone-dueler-at-revo2-94t,src/data (TIRES) via getIndexableTireSlugs(),true,https://www.carpluspneuseoficina.com.br/pneu/pneu-20565r15-bridgestone-dueler-at-revo2-94t,sitemap-produtos.xml,0.7,weekly,40
/pneu/pneu-20570r15-bridgestone-dueler-at-693-96t,produto,pneu-20570r15-bridgestone-dueler-at-693-96t,src/data (TIRES) via getIndexableTireSlugs(),true,https://www.carpluspneuseoficina.com.br/pneu/pneu-20570r15-bridgestone-dueler-at-693-96t,sitemap-produtos.xml,0.7,weekly,40
/pneu/pneu-22570r15c-bridgestone-duravis-r630-112110r-yt,produto,pneu-22570r15c-bridgestone-duravis-r630-112110r-yt,src/data (TIRES) via getIndexableTireSlugs(),true,https://www.carpluspneuseoficina.com.br/pneu/pneu-22570r15c-bridgestone-duravis-r630-112110r-yt,sitemap-produtos.xml,0.7,weekly,40
/pneu/pneu-18555r16-bridgestone-ecopia-ep150-83v,produto,pneu-18555r16-bridgestone-ecopia-ep150-83v,src/data (TIRES) via getIndexableTireSlugs(),true,https://www.carpluspneuseoficina.com.br/pneu/pneu-18555r16-bridgestone-ecopia-ep150-83v,sitemap-produtos.xml,0.7,weekly,40
/pneu/pneu-18555r16-bridgestone-turanza-er300-83v-oe,produto,pneu-18555r16-bridgestone-turanza-er300-83v-oe,src/data (TIRES) via getIndexableTireSlugs(),true,https://www.carpluspneuseoficina.com.br/pneu/pneu-18555r16-bridgestone-turanza-er300-83v-oe,sitemap-produtos.xml,0.7,weekly,40
/pneu/pneu-19555r16-bridgestone-ecopia-ep150-87v,produto,pneu-19555r16-bridgestone-ecopia-ep150-87v,src/data (TIRES) via getIndexableTireSlugs(),true,https://www.carpluspneuseoficina.com.br/pneu/pneu-19555r16-bridgestone-ecopia-ep150-87v,sitemap-produtos.xml,0.7,weekly,40
/pneu/pneu-19560r16-bridgestone-ecopia-ep150-89h,produto,pneu-19560r16-bridgestone-ecopia-ep150-89h,src/data (TIRES) via getIndexableTireSlugs(),true,https://www.carpluspneuseoficina.com.br/pneu/pneu-19560r16-bridgestone-ecopia-ep150-89h,sitemap-produtos.xml,0.7,weekly,40
/pneu/pneu-19575r16c-bridgestone-duravis-r630-107105r-yt,produto,pneu-19575r16c-bridgestone-duravis-r630-107105r-yt,src/data (TIRES) via getIndexableTireSlugs(),true,https://www.carpluspneuseoficina.com.br/pneu/pneu-19575r16c-bridgestone-duravis-r630-107105r-yt,sitemap-produtos.xml,0.7,weekly,40
/pneu/pneu-20555r16-bridgestone-ecopia-ep150-91v-yt,produto,pneu-20555r16-bridgestone-ecopia-ep150-91v-yt,src/data (TIRES) via getIndexableTireSlugs(),true,https://www.carpluspneuseoficina.com.br/pneu/pneu-20555r16-bridgestone-ecopia-ep150-91v-yt,sitemap-produtos.xml,0.7,weekly,40
/pneu/pneu-20555r16-bridgestone-turanza-er300-91v-oe,produto,pneu-20555r16-bridgestone-turanza-er300-91v-oe,src/data (TIRES) via getIndexableTireSlugs(),true,https://www.carpluspneuseoficina.com.br/pneu/pneu-20555r16-bridgestone-turanza-er300-91v-oe,sitemap-produtos.xml,0.7,weekly,40
/pneu/pneu-20555r16-bridgestone-turanza-t001-run-flat-91v-moe,produto,pneu-20555r16-bridgestone-turanza-t001-run-flat-91v-moe,src/data (TIRES) via getIndexableTireSlugs(),true,https://www.carpluspneuseoficina.com.br/pneu/pneu-20555r16-bridgestone-turanza-t001-run-flat-91v-moe,sitemap-produtos.xml,0.7,weekly,40
/pneu/pneu-20555r16-bridgestone-turanza-t005-run-flat-91w-yt,produto,pneu-20555r16-bridgestone-turanza-t005-run-flat-91w-yt,src/data (TIRES) via getIndexableTireSlugs(),true,https://www.carpluspneuseoficina.com.br/pneu/pneu-20555r16-bridgestone-turanza-t005-run-flat-91w-yt,sitemap-produtos.xml,0.7,weekly,40
/pneu/pneu-20555r16-bridgestone-dueler-revo-at-bl-91h,produto,pneu-20555r16-bridgestone-dueler-revo-at-bl-91h,src/data (TIRES) via getIndexableTireSlugs(),true,https://www.carpluspneuseoficina.com.br/pneu/pneu-20555r16-bridgestone-dueler-revo-at-bl-91h,sitemap-produtos.xml,0.7,weekly,40
/pneu/pneu-20560r16-bridgestone-ecopia-ep150-92h-oe,produto,pneu-20560r16-bridgestone-ecopia-ep150-92h-oe,src/data (TIRES) via getIndexableTireSlugs(),true,https://www.carpluspneuseoficina.com.br/pneu/pneu-20560r16-bridgestone-ecopia-ep150-92h-oe,sitemap-produtos.xml,0.7,weekly,40
/pneu/pneu-20560r16-bridgestone-turanza-er300-96w,produto,pneu-20560r16-bridgestone-turanza-er300-96w,src/data (TIRES) via getIndexableTireSlugs(),true,https://www.carpluspneuseoficina.com.br/pneu/pneu-20560r16-bridgestone-turanza-er300-96w,sitemap-produtos.xml,0.7,weekly,40
/pneu/pneu-20560r16-bridgestone-dueler-at-revo2-92t,produto,pneu-20560r16-bridgestone-dueler-at-revo2-92t,src/data (TIRES) via getIndexableTireSlugs(),true,https://www.carpluspneuseoficina.com.br/pneu/pneu-20560r16-bridgestone-dueler-at-revo2-92t,sitemap-produtos.xml,0.7,weekly,40
/pneu/pneu-20575r16c-bridgestone-duravis-r630-110108r-yt,produto,pneu-20575r16c-bridgestone-duravis-r630-110108r-yt,src/data (TIRES) via getIndexableTireSlugs(),true,https://www.carpluspneuseoficina.com.br/pneu/pneu-20575r16c-bridgestone-duravis-r630-110108r-yt,sitemap-produtos.xml,0.7,weekly,40
/pneu/pneu-205r16c-bridgestone-dueler-ht-684iii-110108t,produto,pneu-205r16c-bridgestone-dueler-ht-684iii-110108t,src/data (TIRES) via getIndexableTireSlugs(),true,https://www.carpluspneuseoficina.com.br/pneu/pneu-205r16c-bridgestone-dueler-ht-684iii-110108t,sitemap-produtos.xml,0.7,weekly,40
/pneu/pneu-21560r16-bridgestone-ecopia-ep150-95v-oe,produto,pneu-21560r16-bridgestone-ecopia-ep150-95v-oe,src/data (TIRES) via getIndexableTireSlugs(),true,https://www.carpluspneuseoficina.com.br/pneu/pneu-21560r16-bridgestone-ecopia-ep150-95v-oe,sitemap-produtos.xml,0.7,weekly,40
/pneu/pneu-21565r16-bridgestone-dueler-ht-684ii-102h-xl-oe,produto,pneu-21565r16-bridgestone-dueler-ht-684ii-102h-xl-oe,src/data (TIRES) via getIndexableTireSlugs(),true,https://www.carpluspneuseoficina.com.br/pneu/pneu-21565r16-bridgestone-dueler-ht-684ii-102h-xl-oe,sitemap-produtos.xml,0.7,weekly,40
/pneu/pneu-21565r16-bridgestone-dueler-ht-684ii-98t-oe,produto,pneu-21565r16-bridgestone-dueler-ht-684ii-98t-oe,src/data (TIRES) via getIndexableTireSlugs(),true,https://www.carpluspneuseoficina.com.br/pneu/pneu-21565r16-bridgestone-dueler-ht-684ii-98t-oe,sitemap-produtos.xml,0.7,weekly,40
/pneu/pneu-21565r16-bridgestone-turanza-t005-98h,produto,pneu-21565r16-bridgestone-turanza-t005-98h,src/data (TIRES) via getIndexableTireSlugs(),true,https://www.carpluspneuseoficina.com.br/pneu/pneu-21565r16-bridgestone-turanza-t005-98h,sitemap-produtos.xml,0.7,weekly,40
/pneu/pneu-22550r16-bridgestone-potenza-re050-run-flat-92v-oe,produto,pneu-22550r16-bridgestone-potenza-re050-run-flat-92v-oe,src/data (TIRES) via getIndexableTireSlugs(),true,https://www.carpluspneuseoficina.com.br/pneu/pneu-22550r16-bridgestone-potenza-re050-run-flat-92v-oe,sitemap-produtos.xml,0.7,weekly,40
/pneu/pneu-23560r16-bridgestone-turanza-er300-100h-yt,produto,pneu-23560r16-bridgestone-turanza-er300-100h-yt,src/data (TIRES) via getIndexableTireSlugs(),true,https://www.carpluspneuseoficina.com.br/pneu/pneu-23560r16-bridgestone-turanza-er300-100h-yt,sitemap-produtos.xml,0.7,weekly,40
/pneu/pneu-23565r16c-bridgestone-duravis-r660-115r,produto,pneu-23565r16c-bridgestone-duravis-r660-115r,src/data (TIRES) via getIndexableTireSlugs(),true,https://www.carpluspneuseoficina.com.br/pneu/pneu-23565r16c-bridgestone-duravis-r660-115r,sitemap-produtos.xml,0.7,weekly,40
/pneu/pneu-23570r16-bridgestone-dueler-at-revo2-106t,produto,pneu-23570r16-bridgestone-dueler-at-revo2-106t,src/data (TIRES) via getIndexableTireSlugs(),true,https://www.carpluspneuseoficina.com.br/pneu/pneu-23570r16-bridgestone-dueler-at-revo2-106t,sitemap-produtos.xml,0.7,weekly,40
/pneu/pneu-24570r16-bridgestone-dueler-ht-684iii-ecopia-111t-oe,produto,pneu-24570r16-bridgestone-dueler-ht-684iii-ecopia-111t-oe,src/data (TIRES) via getIndexableTireSlugs(),true,https://www.carpluspneuseoficina.com.br/pneu/pneu-24570r16-bridgestone-dueler-ht-684iii-ecopia-111t-oe,sitemap-produtos.xml,0.7,weekly,40
/pneu/pneu-25570r16-bridgestone-dueler-at-revo2-111h,produto,pneu-25570r16-bridgestone-dueler-at-revo2-111h,src/data (TIRES) via getIndexableTireSlugs(),true,https://www.carpluspneuseoficina.com.br/pneu/pneu-25570r16-bridgestone-dueler-at-revo2-111h,sitemap-produtos.xml,0.7,weekly,40
/pneu/pneu-25570r16-bridgestone-dueler-ht-684ii-111h,produto,pneu-25570r16-bridgestone-dueler-ht-684ii-111h,src/data (TIRES) via getIndexableTireSlugs(),true,https://www.carpluspneuseoficina.com.br/pneu/pneu-25570r16-bridgestone-dueler-ht-684ii-111h,sitemap-produtos.xml,0.7,weekly,40
/pneu/pneu-25570r16-bridgestone-dueler-ht-840-111h-yt,produto,pneu-25570r16-bridgestone-dueler-ht-840-111h-yt,src/data (TIRES) via getIndexableTireSlugs(),true,https://www.carpluspneuseoficina.com.br/pneu/pneu-25570r16-bridgestone-dueler-ht-840-111h-yt,sitemap-produtos.xml,0.7,weekly,40
/pneu/pneu-26570r16-bridgestone-dueler-at-revo2-112t,produto,pneu-26570r16-bridgestone-dueler-at-revo2-112t,src/data (TIRES) via getIndexableTireSlugs(),true,https://www.carpluspneuseoficina.com.br/pneu/pneu-26570r16-bridgestone-dueler-at-revo2-112t,sitemap-produtos.xml,0.7,weekly,40
/pneu/pneu-26570r16-bridgestone-dueler-ht-840-112s-yt,produto,pneu-26570r16-bridgestone-dueler-ht-840-112s-yt,src/data (TIRES) via getIndexableTireSlugs(),true,https://www.carpluspneuseoficina.com.br/pneu/pneu-26570r16-bridgestone-dueler-ht-840-112s-yt,sitemap-produtos.xml,0.7,weekly,40
/pneu/pneu-20540r17-bridgestone-turanza-t005-84w,produto,pneu-20540r17-bridgestone-turanza-t005-84w,src/data (TIRES) via getIndexableTireSlugs(),true,https://www.carpluspneuseoficina.com.br/pneu/pneu-20540r17-bridgestone-turanza-t005-84w,sitemap-produtos.xml,0.7,weekly,40
/pneu/pneu-20545r17-bridgestone-potenza-re050a-run-flat-88v-xl,produto,pneu-20545r17-bridgestone-potenza-re050a-run-flat-88v-xl,src/data (TIRES) via getIndexableTireSlugs(),true,https://www.carpluspneuseoficina.com.br/pneu/pneu-20545r17-bridgestone-potenza-re050a-run-flat-88v-xl,sitemap-produtos.xml,0.7,weekly,40
/pneu/pneu-20550r17-bridgestone-turanza-t005-89v,produto,pneu-20550r17-bridgestone-turanza-t005-89v,src/data (TIRES) via getIndexableTireSlugs(),true,https://www.carpluspneuseoficina.com.br/pneu/pneu-20550r17-bridgestone-turanza-t005-89v,sitemap-produtos.xml,0.7,weekly,40
/pneu/pneu-20550r17-bridgestone-turanza-t005-93w,produto,pneu-20550r17-bridgestone-turanza-t005-93w,src/data (TIRES) via getIndexableTireSlugs(),true,https://www.carpluspneuseoficina.com.br/pneu/pneu-20550r17-bridgestone-turanza-t005-93w,sitemap-produtos.xml,0.7,weekly,40
/pneu/pneu-20550r17-bridgestone-potenza-re050a-run-flat-91v,produto,pneu-20550r17-bridgestone-potenza-re050a-run-flat-91v,src/data (TIRES) via getIndexableTireSlugs(),true,https://www.carpluspneuseoficina.com.br/pneu/pneu-20550r17-bridgestone-potenza-re050a-run-flat-91v,sitemap-produtos.xml,0.7,weekly,40
/pneu/pneu-20550r17-bridgestone-potenza-s001-run-flat-89w,produto,pneu-20550r17-bridgestone-potenza-s001-run-flat-89w,src/data (TIRES) via getIndexableTireSlugs(),true,https://www.carpluspneuseoficina.com.br/pneu/pneu-20550r17-bridgestone-potenza-s001-run-flat-89w,sitemap-produtos.xml,0.7,weekly,40
/pneu/pneu-20555r17-bridgestone-turanza-t001-91w,produto,pneu-20555r17-bridgestone-turanza-t001-91w,src/data (TIRES) via getIndexableTireSlugs(),true,https://www.carpluspneuseoficina.com.br/pneu/pneu-20555r17-bridgestone-turanza-t001-91w,sitemap-produtos.xml,0.7,weekly,40
/pneu/pneu-20555r17-bridgestone-turanza-t005-91v-oe,produto,pneu-20555r17-bridgestone-turanza-t005-91v-oe,src/data (TIRES) via getIndexableTireSlugs(),true,https://www.carpluspneuseoficina.com.br/pneu/pneu-20555r17-bridgestone-turanza-t005-91v-oe,sitemap-produtos.xml,0.7,weekly,40
/pneu/pneu-21545r17-bridgestone-turanza-t005-91v,produto,pneu-21545r17-bridgestone-turanza-t005-91v,src/data (TIRES) via getIndexableTireSlugs(),true,https://www.carpluspneuseoficina.com.br/pneu/pneu-21545r17-bridgestone-turanza-t005-91v,sitemap-produtos.xml,0.7,weekly,40
/pneu/pneu-21550r17-bridgestone-turanza-er33-91v-oe,produto,pneu-21550r17-bridgestone-turanza-er33-91v-oe,src/data (TIRES) via getIndexableTireSlugs(),true,https://www.carpluspneuseoficina.com.br/pneu/pneu-21550r17-bridgestone-turanza-er33-91v-oe,sitemap-produtos.xml,0.7,weekly,40
/pneu/pneu-21550r17-bridgestone-turanza-t005-91v,produto,pneu-21550r17-bridgestone-turanza-t005-91v,src/data (TIRES) via getIndexableTireSlugs(),true,https://www.carpluspneuseoficina.com.br/pneu/pneu-21550r17-bridgestone-turanza-t005-91v,sitemap-produtos.xml,0.7,weekly,40
/pneu/pneu-21550r17-bridgestone-turanza-t005-95w,produto,pneu-21550r17-bridgestone-turanza-t005-95w,src/data (TIRES) via getIndexableTireSlugs(),true,https://www.carpluspneuseoficina.com.br/pneu/pneu-21550r17-bridgestone-turanza-t005-95w,sitemap-produtos.xml,0.7,weekly,40
/pneu/pneu-21555r17-bridgestone-turanza-er370-94v-oe,produto,pneu-21555r17-bridgestone-turanza-er370-94v-oe,src/data (TIRES) via getIndexableTireSlugs(),true,https://www.carpluspneuseoficina.com.br/pneu/pneu-21555r17-bridgestone-turanza-er370-94v-oe,sitemap-produtos.xml,0.7,weekly,40
/pneu/pneu-21555r17-bridgestone-turanza-t005-94v,produto,pneu-21555r17-bridgestone-turanza-t005-94v,src/data (TIRES) via getIndexableTireSlugs(),true,https://www.carpluspneuseoficina.com.br/pneu/pneu-21555r17-bridgestone-turanza-t005-94v,sitemap-produtos.xml,0.7,weekly,40
/pneu/pneu-21560r17-bridgestone-alenza-001-100h,produto,pneu-21560r17-bridgestone-alenza-001-100h,src/data (TIRES) via getIndexableTireSlugs(),true,https://www.carpluspneuseoficina.com.br/pneu/pneu-21560r17-bridgestone-alenza-001-100h,sitemap-produtos.xml,0.7,weekly,40
/pneu/pneu-21560r17-bridgestone-dueler-hp-sport-96h,produto,pneu-21560r17-bridgestone-dueler-hp-sport-96h,src/data (TIRES) via getIndexableTireSlugs(),true,https://www.carpluspneuseoficina.com.br/pneu/pneu-21560r17-bridgestone-dueler-hp-sport-96h,sitemap-produtos.xml,0.7,weekly,40
/pneu/pneu-22545r17-bridgestone-turanza-t001-94w-xl,produto,pneu-22545r17-bridgestone-turanza-t001-94w-xl,src/data (TIRES) via getIndexableTireSlugs(),true,https://www.carpluspneuseoficina.com.br/pneu/pneu-22545r17-bridgestone-turanza-t001-94w-xl,sitemap-produtos.xml,0.7,weekly,40
/pneu/pneu-22545r17-bridgestone-turanza-t005-91w-oe,produto,pneu-22545r17-bridgestone-turanza-t005-91w-oe,src/data (TIRES) via getIndexableTireSlugs(),true,https://www.carpluspneuseoficina.com.br/pneu/pneu-22545r17-bridgestone-turanza-t005-91w-oe,sitemap-produtos.xml,0.7,weekly,40
/pneu/pneu-22545r17-bridgestone-turanza-t005-91y,produto,pneu-22545r17-bridgestone-turanza-t005-91y,src/data (TIRES) via getIndexableTireSlugs(),true,https://www.carpluspneuseoficina.com.br/pneu/pneu-22545r17-bridgestone-turanza-t005-91y,sitemap-produtos.xml,0.7,weekly,40
/pneu/pneu-22545r17-bridgestone-potenza-re050a-run-flat-91w-yt,produto,pneu-22545r17-bridgestone-potenza-re050a-run-flat-91w-yt,src/data (TIRES) via getIndexableTireSlugs(),true,https://www.carpluspneuseoficina.com.br/pneu/pneu-22545r17-bridgestone-potenza-re050a-run-flat-91w-yt,sitemap-produtos.xml,0.7,weekly,40
/pneu/pneu-22545r17-bridgestone-potenza-s001-run-flat-91w,produto,pneu-22545r17-bridgestone-potenza-s001-run-flat-91w,src/data (TIRES) via getIndexableTireSlugs(),true,https://www.carpluspneuseoficina.com.br/pneu/pneu-22545r17-bridgestone-potenza-s001-run-flat-91w,sitemap-produtos.xml,0.7,weekly,40
/pneu/pneu-22545r17-bridgestone-turanza-t001-run-flat-91w-moe,produto,pneu-22545r17-bridgestone-turanza-t001-run-flat-91w-moe,src/data (TIRES) via getIndexableTireSlugs(),true,https://www.carpluspneuseoficina.com.br/pneu/pneu-22545r17-bridgestone-turanza-t001-run-flat-91w-moe,sitemap-produtos.xml,0.7,weekly,40
/pneu/pneu-22545r17-bridgestone-turanza-t005-run-flat-94y,produto,pneu-22545r17-bridgestone-turanza-t005-run-flat-94y,src/data (TIRES) via getIndexableTireSlugs(),true,https://www.carpluspneuseoficina.com.br/pneu/pneu-22545r17-bridgestone-turanza-t005-run-flat-94y,sitemap-produtos.xml,0.7,weekly,40
/pneu/pneu-22550r17-bridgestone-turanza-t005-94v,produto,pneu-22550r17-bridgestone-turanza-t005-94v,src/data (TIRES) via getIndexableTireSlugs(),true,https://www.carpluspneuseoficina.com.br/pneu/pneu-22550r17-bridgestone-turanza-t005-94v,sitemap-produtos.xml,0.7,weekly,40
/pneu/pneu-22550r17-bridgestone-turanza-t005-94y,produto,pneu-22550r17-bridgestone-turanza-t005-94y,src/data (TIRES) via getIndexableTireSlugs(),true,https://www.carpluspneuseoficina.com.br/pneu/pneu-22550r17-bridgestone-turanza-t005-94y,sitemap-produtos.xml,0.7,weekly,40
/pneu/pneu-22550r17-bridgestone-turanza-t005-98y-xl,produto,pneu-22550r17-bridgestone-turanza-t005-98y-xl,src/data (TIRES) via getIndexableTireSlugs(),true,https://www.carpluspneuseoficina.com.br/pneu/pneu-22550r17-bridgestone-turanza-t005-98y-xl,sitemap-produtos.xml,0.7,weekly,40
/pneu/pneu-22550r17-bridgestone-potenza-re050a-run-flat-94w-yt,produto,pneu-22550r17-bridgestone-potenza-re050a-run-flat-94w-yt,src/data (TIRES) via getIndexableTireSlugs(),true,https://www.carpluspneuseoficina.com.br/pneu/pneu-22550r17-bridgestone-potenza-re050a-run-flat-94w-yt,sitemap-produtos.xml,0.7,weekly,40
/pneu/pneu-22550r17-bridgestone-potenza-s001-run-flat-94w,produto,pneu-22550r17-bridgestone-potenza-s001-run-flat-94w,src/data (TIRES) via getIndexableTireSlugs(),true,https://www.carpluspneuseoficina.com.br/pneu/pneu-22550r17-bridgestone-potenza-s001-run-flat-94w,sitemap-produtos.xml,0.7,weekly,40
/pneu/pneu-22550r17-bridgestone-turanza-t001-run-flat-94w,produto,pneu-22550r17-bridgestone-turanza-t001-run-flat-94w,src/data (TIRES) via getIndexableTireSlugs(),true,https://www.carpluspneuseoficina.com.br/pneu/pneu-22550r17-bridgestone-turanza-t001-run-flat-94w,sitemap-produtos.xml,0.7,weekly,40
/pneu/pneu-22555r17-bridgestone-turanza-t005-97w,produto,pneu-22555r17-bridgestone-turanza-t005-97w,src/data (TIRES) via getIndexableTireSlugs(),true,https://www.carpluspneuseoficina.com.br/pneu/pneu-22555r17-bridgestone-turanza-t005-97w,sitemap-produtos.xml,0.7,weekly,40
/pneu/pneu-22555r17-bridgestone-turanza-t001-run-flat-97w,produto,pneu-22555r17-bridgestone-turanza-t001-run-flat-97w,src/data (TIRES) via getIndexableTireSlugs(),true,https://www.carpluspneuseoficina.com.br/pneu/pneu-22555r17-bridgestone-turanza-t001-run-flat-97w,sitemap-produtos.xml,0.7,weekly,40
/pneu/pneu-22560r17-bridgestone-turanza-t005-99y,produto,pneu-22560r17-bridgestone-turanza-t005-99y,src/data (TIRES) via getIndexableTireSlugs(),true,https://www.carpluspneuseoficina.com.br/pneu/pneu-22560r17-bridgestone-turanza-t005-99y,sitemap-produtos.xml,0.7,weekly,40
/pneu/pneu-22565r17-bridgestone-dueler-at-revo2-102t,produto,pneu-22565r17-bridgestone-dueler-at-revo2-102t,src/data (TIRES) via getIndexableTireSlugs(),true,https://www.carpluspneuseoficina.com.br/pneu/pneu-22565r17-bridgestone-dueler-at-revo2-102t,sitemap-produtos.xml,0.7,weekly,40
/pneu/pneu-22565r17-bridgestone-dueler-ht-470-102t,produto,pneu-22565r17-bridgestone-dueler-ht-470-102t,src/data (TIRES) via getIndexableTireSlugs(),true,https://www.carpluspneuseoficina.com.br/pneu/pneu-22565r17-bridgestone-dueler-ht-470-102t,sitemap-produtos.xml,0.7,weekly,40
/pneu/pneu-22565r17-bridgestone-dueler-ht-684ii-102h,produto,pneu-22565r17-bridgestone-dueler-ht-684ii-102h,src/data (TIRES) via getIndexableTireSlugs(),true,https://www.carpluspneuseoficina.com.br/pneu/pneu-22565r17-bridgestone-dueler-ht-684ii-102h,sitemap-produtos.xml,0.7,weekly,40
/pneu/pneu-22565r17-bridgestone-alenza-001-102h,produto,pneu-22565r17-bridgestone-alenza-001-102h,src/data (TIRES) via getIndexableTireSlugs(),true,https://www.carpluspneuseoficina.com.br/pneu/pneu-22565r17-bridgestone-alenza-001-102h,sitemap-produtos.xml,0.7,weekly,40
/pneu/pneu-16570r14-firestone-multihawk-81t-yt,produto,pneu-16570r14-firestone-multihawk-81t-yt,src/data (TIRES) via getIndexableTireSlugs(),true,https://www.carpluspneuseoficina.com.br/pneu/pneu-16570r14-firestone-multihawk-81t-yt,sitemap-produtos.xml,0.7,weekly,40
/pneu/pneu-17565r14-firestone-f-700-82t,produto,pneu-17565r14-firestone-f-700-82t,src/data (TIRES) via getIndexableTireSlugs(),true,https://www.carpluspneuseoficina.com.br/pneu/pneu-17565r14-firestone-f-700-82t,sitemap-produtos.xml,0.7,weekly,40
/pneu/pneu-17565r15-firestone-f-700-84h-yt,produto,pneu-17565r15-firestone-f-700-84h-yt,src/data (TIRES) via getIndexableTireSlugs(),true,https://www.carpluspneuseoficina.com.br/pneu/pneu-17565r15-firestone-f-700-84h-yt,sitemap-produtos.xml,0.7,weekly,40
/pneu/pneu-17570r14-firestone-f-600-84t,produto,pneu-17570r14-firestone-f-600-84t,src/data (TIRES) via getIndexableTireSlugs(),true,https://www.carpluspneuseoficina.com.br/pneu/pneu-17570r14-firestone-f-600-84t,sitemap-produtos.xml,0.7,weekly,40
/pneu/pneu-17570r14-firestone-f-700-88t-oe,produto,pneu-17570r14-firestone-f-700-88t-oe,src/data (TIRES) via getIndexableTireSlugs(),true,https://www.carpluspneuseoficina.com.br/pneu/pneu-17570r14-firestone-f-700-88t-oe,sitemap-produtos.xml,0.7,weekly,40
/pneu/pneu-18555r16-firestone-f-700-83v,produto,pneu-18555r16-firestone-f-700-83v,src/data (TIRES) via getIndexableTireSlugs(),true,https://www.carpluspneuseoficina.com.br/pneu/pneu-18555r16-firestone-f-700-83v,sitemap-produtos.xml,0.7,weekly,40
/pneu/pneu-18560r15-firestone-f-700-84h,produto,pneu-18560r15-firestone-f-700-84h,src/data (TIRES) via getIndexableTireSlugs(),true,https://www.carpluspneuseoficina.com.br/pneu/pneu-18560r15-firestone-f-700-84h,sitemap-produtos.xml,0.7,weekly,40
/pneu/pneu-18565r14-firestone-f-700-86t,produto,pneu-18565r14-firestone-f-700-86t,src/data (TIRES) via getIndexableTireSlugs(),true,https://www.carpluspneuseoficina.com.br/pneu/pneu-18565r14-firestone-f-700-86t,sitemap-produtos.xml,0.7,weekly,40
/pneu/pneu-18565r15-firestone-f-700-88h,produto,pneu-18565r15-firestone-f-700-88h,src/data (TIRES) via getIndexableTireSlugs(),true,https://www.carpluspneuseoficina.com.br/pneu/pneu-18565r15-firestone-f-700-88h,sitemap-produtos.xml,0.7,weekly,40
/pneu/pneu-18570r14-firestone-f-600-88t,produto,pneu-18570r14-firestone-f-600-88t,src/data (TIRES) via getIndexableTireSlugs(),true,https://www.carpluspneuseoficina.com.br/pneu/pneu-18570r14-firestone-f-600-88t,sitemap-produtos.xml,0.7,weekly,40
/pneu/pneu-18570r14-firestone-f-700-88t-oe,produto,pneu-18570r14-firestone-f-700-88t-oe,src/data (TIRES) via getIndexableTireSlugs(),true,https://www.carpluspneuseoficina.com.br/pneu/pneu-18570r14-firestone-f-700-88t-oe,sitemap-produtos.xml,0.7,weekly,40
/pneu/pneu-185r14c-firestone-cv5000-8pr-102100r,produto,pneu-185r14c-firestone-cv5000-8pr-102100r,src/data (TIRES) via getIndexableTireSlugs(),true,https://www.carpluspneuseoficina.com.br/pneu/pneu-185r14c-firestone-cv5000-8pr-102100r,sitemap-produtos.xml,0.7,weekly,40
/pneu/pneu-19555r15-firestone-f-700-85h,produto,pneu-19555r15-firestone-f-700-85h,src/data (TIRES) via getIndexableTireSlugs(),true,https://www.carpluspneuseoficina.com.br/pneu/pneu-19555r15-firestone-f-700-85h,sitemap-produtos.xml,0.7,weekly,40
/pneu/pneu-19555r16-firestone-f-700-87v,produto,pneu-19555r16-firestone-f-700-87v,src/data (TIRES) via getIndexableTireSlugs(),true,https://www.carpluspneuseoficina.com.br/pneu/pneu-19555r16-firestone-f-700-87v,sitemap-produtos.xml,0.7,weekly,40
/pneu/pneu-19560r15-firestone-f-600-88h-yt,produto,pneu-19560r15-firestone-f-600-88h-yt,src/data (TIRES) via getIndexableTireSlugs(),true,https://www.carpluspneuseoficina.com.br/pneu/pneu-19560r15-firestone-f-600-88h-yt,sitemap-produtos.xml,0.7,weekly,40
/pneu/pneu-19560r15-firestone-f-700-88h,produto,pneu-19560r15-firestone-f-700-88h,src/data (TIRES) via getIndexableTireSlugs(),true,https://www.carpluspneuseoficina.com.br/pneu/pneu-19560r15-firestone-f-700-88h,sitemap-produtos.xml,0.7,weekly,40
/pneu/pneu-19565r15-firestone-f-600-91h-yt,produto,pneu-19565r15-firestone-f-600-91h-yt,src/data (TIRES) via getIndexableTireSlugs(),true,https://www.carpluspneuseoficina.com.br/pneu/pneu-19565r15-firestone-f-600-91h-yt,sitemap-produtos.xml,0.7,weekly,40
/pneu/pneu-19565r15-firestone-f-700-91h,produto,pneu-19565r15-firestone-f-700-91h,src/data (TIRES) via getIndexableTireSlugs(),true,https://www.carpluspneuseoficina.com.br/pneu/pneu-19565r15-firestone-f-700-91h,sitemap-produtos.xml,0.7,weekly,40
/pneu/pneu-19570r15c-firestone-cv5000-104102r,produto,pneu-19570r15c-firestone-cv5000-104102r,src/data (TIRES) via getIndexableTireSlugs(),true,https://www.carpluspneuseoficina.com.br/pneu/pneu-19570r15c-firestone-cv5000-104102r,sitemap-produtos.xml,0.7,weekly,40
/pneu/pneu-19575r16c-firestone-cv5000-107105r,produto,pneu-19575r16c-firestone-cv5000-107105r,src/data (TIRES) via getIndexableTireSlugs(),true,https://www.carpluspneuseoficina.com.br/pneu/pneu-19575r16c-firestone-cv5000-107105r,sitemap-produtos.xml,0.7,weekly,40
/pneu/pneu-20550r17-firestone-f-700-93v-xl,produto,pneu-20550r17-firestone-f-700-93v-xl,src/data (TIRES) via getIndexableTireSlugs(),true,https://www.carpluspneuseoficina.com.br/pneu/pneu-20550r17-firestone-f-700-93v-xl,sitemap-produtos.xml,0.7,weekly,40
/pneu/pneu-20555r16-firestone-f-700-91v,produto,pneu-20555r16-firestone-f-700-91v,src/data (TIRES) via getIndexableTireSlugs(),true,https://www.carpluspneuseoficina.com.br/pneu/pneu-20555r16-firestone-f-700-91v,sitemap-produtos.xml,0.7,weekly,40
/pneu/pneu-20560r16-firestone-destination-le3-92h,produto,pneu-20560r16-firestone-destination-le3-92h,src/data (TIRES) via getIndexableTireSlugs(),true,https://www.carpluspneuseoficina.com.br/pneu/pneu-20560r16-firestone-destination-le3-92h,sitemap-produtos.xml,0.7,weekly,40
/pneu/pneu-20560r16-firestone-f-700-92h,produto,pneu-20560r16-firestone-f-700-92h,src/data (TIRES) via getIndexableTireSlugs(),true,https://www.carpluspneuseoficina.com.br/pneu/pneu-20560r16-firestone-f-700-92h,sitemap-produtos.xml,0.7,weekly,40
/pneu/pneu-20565r16-firestone-destination-le3-95h,produto,pneu-20565r16-firestone-destination-le3-95h,src/data (TIRES) via getIndexableTireSlugs(),true,https://www.carpluspneuseoficina.com.br/pneu/pneu-20565r16-firestone-destination-le3-95h,sitemap-produtos.xml,0.7,weekly,40
/pneu/pneu-20570r15c-firestone-cv5000-106104r,produto,pneu-20570r15c-firestone-cv5000-106104r,src/data (TIRES) via getIndexableTireSlugs(),true,https://www.carpluspneuseoficina.com.br/pneu/pneu-20570r15c-firestone-cv5000-106104r,sitemap-produtos.xml,0.7,weekly,40
/pneu/pneu-20575r16c-firestone-cv5000-110108r,produto,pneu-20575r16c-firestone-cv5000-110108r,src/data (TIRES) via getIndexableTireSlugs(),true,https://www.carpluspneuseoficina.com.br/pneu/pneu-20575r16c-firestone-cv5000-110108r,sitemap-produtos.xml,0.7,weekly,40
/pneu/pneu-21545r17-firestone-f-700-91v-xl,produto,pneu-21545r17-firestone-f-700-91v-xl,src/data (TIRES) via getIndexableTireSlugs(),true,https://www.carpluspneuseoficina.com.br/pneu/pneu-21545r17-firestone-f-700-91v-xl,sitemap-produtos.xml,0.7,weekly,40
/pneu/pneu-21550r17-firestone-f-700-91v,produto,pneu-21550r17-firestone-f-700-91v,src/data (TIRES) via getIndexableTireSlugs(),true,https://www.carpluspneuseoficina.com.br/pneu/pneu-21550r17-firestone-f-700-91v,sitemap-produtos.xml,0.7,weekly,40
/pneu/pneu-21555r18-firestone-destination-le3-99v-xl,produto,pneu-21555r18-firestone-destination-le3-99v-xl,src/data (TIRES) via getIndexableTireSlugs(),true,https://www.carpluspneuseoficina.com.br/pneu/pneu-21555r18-firestone-destination-le3-99v-xl,sitemap-produtos.xml,0.7,weekly,40
/pneu/pneu-21560r17-firestone-destination-le3-100h-xl,produto,pneu-21560r17-firestone-destination-le3-100h-xl,src/data (TIRES) via getIndexableTireSlugs(),true,https://www.carpluspneuseoficina.com.br/pneu/pneu-21560r17-firestone-destination-le3-100h-xl,sitemap-produtos.xml,0.7,weekly,40
/pneu/pneu-21565r16-firestone-destination-atx-102t-xl,produto,pneu-21565r16-firestone-destination-atx-102t-xl,src/data (TIRES) via getIndexableTireSlugs(),true,https://www.carpluspneuseoficina.com.br/pneu/pneu-21565r16-firestone-destination-atx-102t-xl,sitemap-produtos.xml,0.7,weekly,40
/pneu/pneu-21565r16-firestone-destination-ht-98h,produto,pneu-21565r16-firestone-destination-ht-98h,src/data (TIRES) via getIndexableTireSlugs(),true,https://www.carpluspneuseoficina.com.br/pneu/pneu-21565r16-firestone-destination-ht-98h,sitemap-produtos.xml,0.7,weekly,40
/pneu/pneu-21580r16-firestone-destination-ht-107s,produto,pneu-21580r16-firestone-destination-ht-107s,src/data (TIRES) via getIndexableTireSlugs(),true,https://www.carpluspneuseoficina.com.br/pneu/pneu-21580r16-firestone-destination-ht-107s,sitemap-produtos.xml,0.7,weekly,40
/pneu/pneu-21580r16-firestone-destination-atx-107s,produto,pneu-21580r16-firestone-destination-atx-107s,src/data (TIRES) via getIndexableTireSlugs(),true,https://www.carpluspneuseoficina.com.br/pneu/pneu-21580r16-firestone-destination-atx-107s,sitemap-produtos.xml,0.7,weekly,40
/pneu/pneu-22545r17-firestone-f-700-91w,produto,pneu-22545r17-firestone-f-700-91w,src/data (TIRES) via getIndexableTireSlugs(),true,https://www.carpluspneuseoficina.com.br/pneu/pneu-22545r17-firestone-f-700-91w,sitemap-produtos.xml,0.7,weekly,40
/pneu/pneu-22545r18-firestone-f-700-95w-xl,produto,pneu-22545r18-firestone-f-700-95w-xl,src/data (TIRES) via getIndexableTireSlugs(),true,https://www.carpluspneuseoficina.com.br/pneu/pneu-22545r18-firestone-f-700-95w-xl,sitemap-produtos.xml,0.7,weekly,40
/pneu/pneu-22550r17-firestone-f-700-94v,produto,pneu-22550r17-firestone-f-700-94v,src/data (TIRES) via getIndexableTireSlugs(),true,https://www.carpluspneuseoficina.com.br/pneu/pneu-22550r17-firestone-f-700-94v,sitemap-produtos.xml,0.7,weekly,40
/pneu/pneu-22555r18-firestone-destination-le3-98v,produto,pneu-22555r18-firestone-destination-le3-98v,src/data (TIRES) via getIndexableTireSlugs(),true,https://www.carpluspneuseoficina.com.br/pneu/pneu-22555r18-firestone-destination-le3-98v,sitemap-produtos.xml,0.7,weekly,40
/pneu/pneu-22560r17-firestone-destination-le2-99t,produto,pneu-22560r17-firestone-destination-le2-99t,src/data (TIRES) via getIndexableTireSlugs(),true,https://www.carpluspneuseoficina.com.br/pneu/pneu-22560r17-firestone-destination-le2-99t,sitemap-produtos.xml,0.7,weekly,40
/pneu/pneu-22560r17-firestone-destination-le3-103h-xl,produto,pneu-22560r17-firestone-destination-le3-103h-xl,src/data (TIRES) via getIndexableTireSlugs(),true,https://www.carpluspneuseoficina.com.br/pneu/pneu-22560r17-firestone-destination-le3-103h-xl,sitemap-produtos.xml,0.7,weekly,40
/pneu/pneu-22560r18-firestone-destination-atx-104t-xl,produto,pneu-22560r18-firestone-destination-atx-104t-xl,src/data (TIRES) via getIndexableTireSlugs(),true,https://www.carpluspneuseoficina.com.br/pneu/pneu-22560r18-firestone-destination-atx-104t-xl,sitemap-produtos.xml,0.7,weekly,40
/pneu/pneu-22565r16c-firestone-cv5000-112110r-aa,produto,pneu-22565r16c-firestone-cv5000-112110r-aa,src/data (TIRES) via getIndexableTireSlugs(),true,https://www.carpluspneuseoficina.com.br/pneu/pneu-22565r16c-firestone-cv5000-112110r-aa,sitemap-produtos.xml,0.7,weekly,40
/pneu/pneu-22565r17-firestone-destination-le2-102h-yt,produto,pneu-22565r17-firestone-destination-le2-102h-yt,src/data (TIRES) via getIndexableTireSlugs(),true,https://www.carpluspneuseoficina.com.br/pneu/pneu-22565r17-firestone-destination-le2-102h-yt,sitemap-produtos.xml,0.7,weekly,40
/pneu/pneu-22565r17-firestone-destination-le3-106h-xl,produto,pneu-22565r17-firestone-destination-le3-106h-xl,src/data (TIRES) via getIndexableTireSlugs(),true,https://www.carpluspneuseoficina.com.br/pneu/pneu-22565r17-firestone-destination-le3-106h-xl,sitemap-produtos.xml,0.7,weekly,40
/pneu/pneu-22570r15c-firestone-cv5000-112110r-yt,produto,pneu-22570r15c-firestone-cv5000-112110r-yt,src/data (TIRES) via getIndexableTireSlugs(),true,https://www.carpluspneuseoficina.com.br/pneu/pneu-22570r15c-firestone-cv5000-112110r-yt,sitemap-produtos.xml,0.7,weekly,40
/pneu/pneu-22570r16-firestone-destination-at-10299s,produto,pneu-22570r16-firestone-destination-at-10299s,src/data (TIRES) via getIndexableTireSlugs(),true,https://www.carpluspneuseoficina.com.br/pneu/pneu-22570r16-firestone-destination-at-10299s,sitemap-produtos.xml,0.7,weekly,40
/pneu/pneu-22575r15-firestone-destination-at-110108s,produto,pneu-22575r15-firestone-destination-at-110108s,src/data (TIRES) via getIndexableTireSlugs(),true,https://www.carpluspneuseoficina.com.br/pneu/pneu-22575r15-firestone-destination-at-110108s,sitemap-produtos.xml,0.7,weekly,40
/pneu/pneu-22575r16c-firestone-cv5000-121120r,produto,pneu-22575r16c-firestone-cv5000-121120r,src/data (TIRES) via getIndexableTireSlugs(),true,https://www.carpluspneuseoficina.com.br/pneu/pneu-22575r16c-firestone-cv5000-121120r,sitemap-produtos.xml,0.7,weekly,40
/pneu/pneu-23550r18-firestone-destination-le3-101v-xl,produto,pneu-23550r18-firestone-destination-le3-101v-xl,src/data (TIRES) via getIndexableTireSlugs(),true,https://www.carpluspneuseoficina.com.br/pneu/pneu-23550r18-firestone-destination-le3-101v-xl,sitemap-produtos.xml,0.7,weekly,40
/pneu/pneu-23555r17-firestone-destination-le3-103v-xl,produto,pneu-23555r17-firestone-destination-le3-103v-xl,src/data (TIRES) via getIndexableTireSlugs(),true,https://www.carpluspneuseoficina.com.br/pneu/pneu-23555r17-firestone-destination-le3-103v-xl,sitemap-produtos.xml,0.7,weekly,40
/pneu/pneu-23555r18-firestone-destination-le2-104v-xl-yt,produto,pneu-23555r18-firestone-destination-le2-104v-xl-yt,src/data (TIRES) via getIndexableTireSlugs(),true,https://www.carpluspneuseoficina.com.br/pneu/pneu-23555r18-firestone-destination-le2-104v-xl-yt,sitemap-produtos.xml,0.7,weekly,40
/pneu/pneu-23555r18-firestone-destination-le3-104v-xl,produto,pneu-23555r18-firestone-destination-le3-104v-xl,src/data (TIRES) via getIndexableTireSlugs(),true,https://www.carpluspneuseoficina.com.br/pneu/pneu-23555r18-firestone-destination-le3-104v-xl,sitemap-produtos.xml,0.7,weekly,40
/pneu/pneu-23560r16-firestone-destination-le2-100v,produto,pneu-23560r16-firestone-destination-le2-100v,src/data (TIRES) via getIndexableTireSlugs(),true,https://www.carpluspneuseoficina.com.br/pneu/pneu-23560r16-firestone-destination-le2-100v,sitemap-produtos.xml,0.7,weekly,40
/pneu/pneu-23560r16-firestone-destination-le3-100v,produto,pneu-23560r16-firestone-destination-le3-100v,src/data (TIRES) via getIndexableTireSlugs(),true,https://www.carpluspneuseoficina.com.br/pneu/pneu-23560r16-firestone-destination-le3-100v,sitemap-produtos.xml,0.7,weekly,40
/pneu/pneu-23560r17-firestone-destination-le-100h-yt,produto,pneu-23560r17-firestone-destination-le-100h-yt,src/data (TIRES) via getIndexableTireSlugs(),true,https://www.carpluspneuseoficina.com.br/pneu/pneu-23560r17-firestone-destination-le-100h-yt,sitemap-produtos.xml,0.7,weekly,40
/pneu/pneu-23560r18-firestone-destination-le2-103v-yt,produto,pneu-23560r18-firestone-destination-le2-103v-yt,src/data (TIRES) via getIndexableTireSlugs(),true,https://www.carpluspneuseoficina.com.br/pneu/pneu-23560r18-firestone-destination-le2-103v-yt,sitemap-produtos.xml,0.7,weekly,40
/pneu/pneu-23560r18-firestone-destination-le3-107v-xl,produto,pneu-23560r18-firestone-destination-le3-107v-xl,src/data (TIRES) via getIndexableTireSlugs(),true,https://www.carpluspneuseoficina.com.br/pneu/pneu-23560r18-firestone-destination-le3-107v-xl,sitemap-produtos.xml,0.7,weekly,40
/pneu/pneu-23570r16-firestone-destination-atx-106t,produto,pneu-23570r16-firestone-destination-atx-106t,src/data (TIRES) via getIndexableTireSlugs(),true,https://www.carpluspneuseoficina.com.br/pneu/pneu-23570r16-firestone-destination-atx-106t,sitemap-produtos.xml,0.7,weekly,40
/pneu/pneu-23570r16-firestone-destination-ht-106t,produto,pneu-23570r16-firestone-destination-ht-106t,src/data (TIRES) via getIndexableTireSlugs(),true,https://www.carpluspneuseoficina.com.br/pneu/pneu-23570r16-firestone-destination-ht-106t,sitemap-produtos.xml,0.7,weekly,40
/pneu/pneu-23570r16lt-firestone-destination-at-104101s-yt,produto,pneu-23570r16lt-firestone-destination-at-104101s-yt,src/data (TIRES) via getIndexableTireSlugs(),true,https://www.carpluspneuseoficina.com.br/pneu/pneu-23570r16lt-firestone-destination-at-104101s-yt,sitemap-produtos.xml,0.7,weekly,40
/pneu/pneu-23575r15-firestone-destination-atx-109t-xl,produto,pneu-23575r15-firestone-destination-atx-109t-xl,src/data (TIRES) via getIndexableTireSlugs(),true,https://www.carpluspneuseoficina.com.br/pneu/pneu-23575r15-firestone-destination-atx-109t-xl,sitemap-produtos.xml,0.7,weekly,40
/pneu/pneu-23575r15lt-firestone-destination-at-104101s-yt,produto,pneu-23575r15lt-firestone-destination-at-104101s-yt,src/data (TIRES) via getIndexableTireSlugs(),true,https://www.carpluspneuseoficina.com.br/pneu/pneu-23575r15lt-firestone-destination-at-104101s-yt,sitemap-produtos.xml,0.7,weekly,40
/pneu/pneu-23575r15lt-firestone-destination-ht-109t,produto,pneu-23575r15lt-firestone-destination-ht-109t,src/data (TIRES) via getIndexableTireSlugs(),true,https://www.carpluspneuseoficina.com.br/pneu/pneu-23575r15lt-firestone-destination-ht-109t,sitemap-produtos.xml,0.7,weekly,40
/pneu/pneu-23575r15lt-firestone-destination-mt-104q,produto,pneu-23575r15lt-firestone-destination-mt-104q,src/data (TIRES) via getIndexableTireSlugs(),true,https://www.carpluspneuseoficina.com.br/pneu/pneu-23575r15lt-firestone-destination-mt-104q,sitemap-produtos.xml,0.7,weekly,40
/pneu/pneu-24570r16-firestone-destination-atx-111t-lt,produto,pneu-24570r16-firestone-destination-atx-111t-lt,src/data (TIRES) via getIndexableTireSlugs(),true,https://www.carpluspneuseoficina.com.br/pneu/pneu-24570r16-firestone-destination-atx-111t-lt,sitemap-produtos.xml,0.7,weekly,40
/pneu/pneu-24570r16-firestone-destination-ht-107h,produto,pneu-24570r16-firestone-destination-ht-107h,src/data (TIRES) via getIndexableTireSlugs(),true,https://www.carpluspneuseoficina.com.br/pneu/pneu-24570r16-firestone-destination-ht-107h,sitemap-produtos.xml,0.7,weekly,40
/pneu/pneu-24570r16lt-firestone-destination-at-113110s-yt,produto,pneu-24570r16lt-firestone-destination-at-113110s-yt,src/data (TIRES) via getIndexableTireSlugs(),true,https://www.carpluspneuseoficina.com.br/pneu/pneu-24570r16lt-firestone-destination-at-113110s-yt,sitemap-produtos.xml,0.7,weekly,40
/pneu/pneu-25560r18-firestone-destination-ht-112h,produto,pneu-25560r18-firestone-destination-ht-112h,src/data (TIRES) via getIndexableTireSlugs(),true,https://www.carpluspneuseoficina.com.br/pneu/pneu-25560r18-firestone-destination-ht-112h,sitemap-produtos.xml,0.7,weekly,40
/pneu/pneu-25565r17-firestone-destination-atx-at-110t,produto,pneu-25565r17-firestone-destination-atx-at-110t,src/data (TIRES) via getIndexableTireSlugs(),true,https://www.carpluspneuseoficina.com.br/pneu/pneu-25565r17-firestone-destination-atx-at-110t,sitemap-produtos.xml,0.7,weekly,40
/pneu/pneu-25570r16-firestone-destination-ht-111t,produto,pneu-25570r16-firestone-destination-ht-111t,src/data (TIRES) via getIndexableTireSlugs(),true,https://www.carpluspneuseoficina.com.br/pneu/pneu-25570r16-firestone-destination-ht-111t,sitemap-produtos.xml,0.7,weekly,40
/pneu/pneu-25575r15-firestone-destination-atx-109105s-yt,produto,pneu-25575r15-firestone-destination-atx-109105s-yt,src/data (TIRES) via getIndexableTireSlugs(),true,https://www.carpluspneuseoficina.com.br/pneu/pneu-25575r15-firestone-destination-atx-109105s-yt,sitemap-produtos.xml,0.7,weekly,40
/pneu/pneu-25575r15-firestone-destination-atx-110s,produto,pneu-25575r15-firestone-destination-atx-110s,src/data (TIRES) via getIndexableTireSlugs(),true,https://www.carpluspneuseoficina.com.br/pneu/pneu-25575r15-firestone-destination-atx-110s,sitemap-produtos.xml,0.7,weekly,40
/pneu/pneu-25575r15-firestone-destination-ht-110s,produto,pneu-25575r15-firestone-destination-ht-110s,src/data (TIRES) via getIndexableTireSlugs(),true,https://www.carpluspneuseoficina.com.br/pneu/pneu-25575r15-firestone-destination-ht-110s,sitemap-produtos.xml,0.7,weekly,40
/pneu/pneu-25575r15lt-firestone-destination-at-109105s-yt,produto,pneu-25575r15lt-firestone-destination-at-109105s-yt,src/data (TIRES) via getIndexableTireSlugs(),true,https://www.carpluspneuseoficina.com.br/pneu/pneu-25575r15lt-firestone-destination-at-109105s-yt,sitemap-produtos.xml,0.7,weekly,40
/pneu/pneu-26560r18-firestone-destination-atx-114t-xl,produto,pneu-26560r18-firestone-destination-atx-114t-xl,src/data (TIRES) via getIndexableTireSlugs(),true,https://www.carpluspneuseoficina.com.br/pneu/pneu-26560r18-firestone-destination-atx-114t-xl,sitemap-produtos.xml,0.7,weekly,40
/pneu/pneu-26560r18-firestone-destination-le3-110h,produto,pneu-26560r18-firestone-destination-le3-110h,src/data (TIRES) via getIndexableTireSlugs(),true,https://www.carpluspneuseoficina.com.br/pneu/pneu-26560r18-firestone-destination-le3-110h,sitemap-produtos.xml,0.7,weekly,40
/pneu/pneu-26565r17-firestone-destination-atx-112t,produto,pneu-26565r17-firestone-destination-atx-112t,src/data (TIRES) via getIndexableTireSlugs(),true,https://www.carpluspneuseoficina.com.br/pneu/pneu-26565r17-firestone-destination-atx-112t,sitemap-produtos.xml,0.7,weekly,40
/pneu/pneu-26565r17-firestone-destination-ht-112h,produto,pneu-26565r17-firestone-destination-ht-112h,src/data (TIRES) via getIndexableTireSlugs(),true,https://www.carpluspneuseoficina.com.br/pneu/pneu-26565r17-firestone-destination-ht-112h,sitemap-produtos.xml,0.7,weekly,40
/pneu/pneu-26565r17-firestone-destination-le2-112h-yt,produto,pneu-26565r17-firestone-destination-le2-112h-yt,src/data (TIRES) via getIndexableTireSlugs(),true,https://www.carpluspneuseoficina.com.br/pneu/pneu-26565r17-firestone-destination-le2-112h-yt,sitemap-produtos.xml,0.7,weekly,40
/pneu/pneu-26565r17-firestone-destination-le3-112h,produto,pneu-26565r17-firestone-destination-le3-112h,src/data (TIRES) via getIndexableTireSlugs(),true,https://www.carpluspneuseoficina.com.br/pneu/pneu-26565r17-firestone-destination-le3-112h,sitemap-produtos.xml,0.7,weekly,40
/pneu/pneu-26570r16-firestone-destination-atx-112t,produto,pneu-26570r16-firestone-destination-atx-112t,src/data (TIRES) via getIndexableTireSlugs(),true,https://www.carpluspneuseoficina.com.br/pneu/pneu-26570r16-firestone-destination-atx-112t,sitemap-produtos.xml,0.7,weekly,40
/pneu/pneu-26570r16-firestone-destination-ht-112t,produto,pneu-26570r16-firestone-destination-ht-112t,src/data (TIRES) via getIndexableTireSlugs(),true,https://www.carpluspneuseoficina.com.br/pneu/pneu-26570r16-firestone-destination-ht-112t,sitemap-produtos.xml,0.7,weekly,40
/pneu/pneu-26570r16lt-firestone-destination-at-110107s-yt,produto,pneu-26570r16lt-firestone-destination-at-110107s-yt,src/data (TIRES) via getIndexableTireSlugs(),true,https://www.carpluspneuseoficina.com.br/pneu/pneu-26570r16lt-firestone-destination-at-110107s-yt,sitemap-produtos.xml,0.7,weekly,40
/pneu/pneu-26570r16lt-firestone-destination-mt23-110107q,produto,pneu-26570r16lt-firestone-destination-mt23-110107q,src/data (TIRES) via getIndexableTireSlugs(),true,https://www.carpluspneuseoficina.com.br/pneu/pneu-26570r16lt-firestone-destination-mt23-110107q,sitemap-produtos.xml,0.7,weekly,40
/pneu/pneu-26575r16lt-firestone-destination-at-123120r-yt,produto,pneu-26575r16lt-firestone-destination-at-123120r-yt,src/data (TIRES) via getIndexableTireSlugs(),true,https://www.carpluspneuseoficina.com.br/pneu/pneu-26575r16lt-firestone-destination-at-123120r-yt,sitemap-produtos.xml,0.7,weekly,40
/pneu/pneu-26575r16lt-firestone-destination-atx-123120s,produto,pneu-26575r16lt-firestone-destination-atx-123120s,src/data (TIRES) via getIndexableTireSlugs(),true,https://www.carpluspneuseoficina.com.br/pneu/pneu-26575r16lt-firestone-destination-atx-123120s,sitemap-produtos.xml,0.7,weekly,40
/pneu/pneu-26575r16lt-firestone-destination-mt23-112109q,produto,pneu-26575r16lt-firestone-destination-mt23-112109q,src/data (TIRES) via getIndexableTireSlugs(),true,https://www.carpluspneuseoficina.com.br/pneu/pneu-26575r16lt-firestone-destination-mt23-112109q,sitemap-produtos.xml,0.7,weekly,40
/pneu/pneu-31x105r15lt-firestone-destination-atx-109s,produto,pneu-31x105r15lt-firestone-destination-atx-109s,src/data (TIRES) via getIndexableTireSlugs(),true,https://www.carpluspneuseoficina.com.br/pneu/pneu-31x105r15lt-firestone-destination-atx-109s,sitemap-produtos.xml,0.7,weekly,40
/pneu/pneu-31x105r15lt-firestone-destination-mt23-109q,produto,pneu-31x105r15lt-firestone-destination-mt23-109q,src/data (TIRES) via getIndexableTireSlugs(),true,https://www.carpluspneuseoficina.com.br/pneu/pneu-31x105r15lt-firestone-destination-mt23-109q,sitemap-produtos.xml,0.7,weekly,40
/pneu/pneu-pirelli-16570r13-formula-energy-79t,produto,pneu-pirelli-16570r13-formula-energy-79t,src/data (TIRES) via getIndexableTireSlugs(),true,https://www.carpluspneuseoficina.com.br/pneu/pneu-pirelli-16570r13-formula-energy-79t,sitemap-produtos.xml,0.7,weekly,40
/pneu/pneu-pirelli-17570r13-formula-energy-82t,produto,pneu-pirelli-17570r13-formula-energy-82t,src/data (TIRES) via getIndexableTireSlugs(),true,https://www.carpluspneuseoficina.com.br/pneu/pneu-pirelli-17570r13-formula-energy-82t,sitemap-produtos.xml,0.7,weekly,40
/pneu/pneu-pirelli-17565r14-formula-energy-82t,produto,pneu-pirelli-17565r14-formula-energy-82t,src/data (TIRES) via getIndexableTireSlugs(),true,https://www.carpluspneuseoficina.com.br/pneu/pneu-pirelli-17565r14-formula-energy-82t,sitemap-produtos.xml,0.7,weekly,40
/pneu/pneu-pirelli-17570r14-formula-energy-84t,produto,pneu-pirelli-17570r14-formula-energy-84t,src/data (TIRES) via getIndexableTireSlugs(),true,https://www.carpluspneuseoficina.com.br/pneu/pneu-pirelli-17570r14-formula-energy-84t,sitemap-produtos.xml,0.7,weekly,40
/pneu/pneu-pirelli-18560r14-formula-energy-82h,produto,pneu-pirelli-18560r14-formula-energy-82h,src/data (TIRES) via getIndexableTireSlugs(),true,https://www.carpluspneuseoficina.com.br/pneu/pneu-pirelli-18560r14-formula-energy-82h,sitemap-produtos.xml,0.7,weekly,40
/pneu/pneu-pirelli-18565r14-formula-energy-86t,produto,pneu-pirelli-18565r14-formula-energy-86t,src/data (TIRES) via getIndexableTireSlugs(),true,https://www.carpluspneuseoficina.com.br/pneu/pneu-pirelli-18565r14-formula-energy-86t,sitemap-produtos.xml,0.7,weekly,40
/pneu/pneu-pirelli-17570r13-formula-evo-82t,produto,pneu-pirelli-17570r13-formula-evo-82t,src/data (TIRES) via getIndexableTireSlugs(),true,https://www.carpluspneuseoficina.com.br/pneu/pneu-pirelli-17570r13-formula-evo-82t,sitemap-produtos.xml,0.7,weekly,40
/pneu/pneu-pirelli-18570r14-formula-evo-88h,produto,pneu-pirelli-18570r14-formula-evo-88h,src/data (TIRES) via getIndexableTireSlugs(),true,https://www.carpluspneuseoficina.com.br/pneu/pneu-pirelli-18570r14-formula-evo-88h,sitemap-produtos.xml,0.7,weekly,40
/pneu/pneu-pirelli-18560r15-formula-evo-88h,produto,pneu-pirelli-18560r15-formula-evo-88h,src/data (TIRES) via getIndexableTireSlugs(),true,https://www.carpluspneuseoficina.com.br/pneu/pneu-pirelli-18560r15-formula-evo-88h,sitemap-produtos.xml,0.7,weekly,40
/pneu/pneu-pirelli-18565r15-formula-evo-88h,produto,pneu-pirelli-18565r15-formula-evo-88h,src/data (TIRES) via getIndexableTireSlugs(),true,https://www.carpluspneuseoficina.com.br/pneu/pneu-pirelli-18565r15-formula-evo-88h,sitemap-produtos.xml,0.7,weekly,40
/pneu/pneu-pirelli-19555r15-formula-evo-85h,produto,pneu-pirelli-19555r15-formula-evo-85h,src/data (TIRES) via getIndexableTireSlugs(),true,https://www.carpluspneuseoficina.com.br/pneu/pneu-pirelli-19555r15-formula-evo-85h,sitemap-produtos.xml,0.7,weekly,40
/pneu/pneu-pirelli-19560r15-formula-evo-88h,produto,pneu-pirelli-19560r15-formula-evo-88h,src/data (TIRES) via getIndexableTireSlugs(),true,https://www.carpluspneuseoficina.com.br/pneu/pneu-pirelli-19560r15-formula-evo-88h,sitemap-produtos.xml,0.7,weekly,40
/pneu/pneu-pirelli-19565r15-formula-evo-91h,produto,pneu-pirelli-19565r15-formula-evo-91h,src/data (TIRES) via getIndexableTireSlugs(),true,https://www.carpluspneuseoficina.com.br/pneu/pneu-pirelli-19565r15-formula-evo-91h,sitemap-produtos.xml,0.7,weekly,40
/pneu/pneu-pirelli-16570r14-cinturato-p1-85t,produto,pneu-pirelli-16570r14-cinturato-p1-85t,src/data (TIRES) via getIndexableTireSlugs(),true,https://www.carpluspneuseoficina.com.br/pneu/pneu-pirelli-16570r14-cinturato-p1-85t,sitemap-produtos.xml,0.7,weekly,40
/pneu/pneu-pirelli-17565r14-cinturato-p1-82t,produto,pneu-pirelli-17565r14-cinturato-p1-82t,src/data (TIRES) via getIndexableTireSlugs(),true,https://www.carpluspneuseoficina.com.br/pneu/pneu-pirelli-17565r14-cinturato-p1-82t,sitemap-produtos.xml,0.7,weekly,40
/pneu/pneu-pirelli-17570r14-cinturato-p1-84t,produto,pneu-pirelli-17570r14-cinturato-p1-84t,src/data (TIRES) via getIndexableTireSlugs(),true,https://www.carpluspneuseoficina.com.br/pneu/pneu-pirelli-17570r14-cinturato-p1-84t,sitemap-produtos.xml,0.7,weekly,40
/pneu/pneu-pirelli-18565r14-cinturato-p1-86t,produto,pneu-pirelli-18565r14-cinturato-p1-86t,src/data (TIRES) via getIndexableTireSlugs(),true,https://www.carpluspneuseoficina.com.br/pneu/pneu-pirelli-18565r14-cinturato-p1-86t,sitemap-produtos.xml,0.7,weekly,40
/pneu/pneu-pirelli-18570r14-cinturato-p1-88h,produto,pneu-pirelli-18570r14-cinturato-p1-88h,src/data (TIRES) via getIndexableTireSlugs(),true,https://www.carpluspneuseoficina.com.br/pneu/pneu-pirelli-18570r14-cinturato-p1-88h,sitemap-produtos.xml,0.7,weekly,40
/pneu/pneu-pirelli-18555r15-cinturato-p1-82h,produto,pneu-pirelli-18555r15-cinturato-p1-82h,src/data (TIRES) via getIndexableTireSlugs(),true,https://www.carpluspneuseoficina.com.br/pneu/pneu-pirelli-18555r15-cinturato-p1-82h,sitemap-produtos.xml,0.7,weekly,40
/pneu/pneu-pirelli-18560r15-cinturato-p1-88h,produto,pneu-pirelli-18560r15-cinturato-p1-88h,src/data (TIRES) via getIndexableTireSlugs(),true,https://www.carpluspneuseoficina.com.br/pneu/pneu-pirelli-18560r15-cinturato-p1-88h,sitemap-produtos.xml,0.7,weekly,40
/pneu/pneu-pirelli-18565r15-cinturato-p1-88h,produto,pneu-pirelli-18565r15-cinturato-p1-88h,src/data (TIRES) via getIndexableTireSlugs(),true,https://www.carpluspneuseoficina.com.br/pneu/pneu-pirelli-18565r15-cinturato-p1-88h,sitemap-produtos.xml,0.7,weekly,40
/pneu/pneu-pirelli-19560r15-cinturato-p1-88h,produto,pneu-pirelli-19560r15-cinturato-p1-88h,src/data (TIRES) via getIndexableTireSlugs(),true,https://www.carpluspneuseoficina.com.br/pneu/pneu-pirelli-19560r15-cinturato-p1-88h,sitemap-produtos.xml,0.7,weekly,40
/pneu/pneu-pirelli-19565r15-cinturato-p1-91h,produto,pneu-pirelli-19565r15-cinturato-p1-91h,src/data (TIRES) via getIndexableTireSlugs(),true,https://www.carpluspneuseoficina.com.br/pneu/pneu-pirelli-19565r15-cinturato-p1-91h,sitemap-produtos.xml,0.7,weekly,40
/pneu/pneu-pirelli-20565r15-cinturato-p1-94t,produto,pneu-pirelli-20565r15-cinturato-p1-94t,src/data (TIRES) via getIndexableTireSlugs(),true,https://www.carpluspneuseoficina.com.br/pneu/pneu-pirelli-20565r15-cinturato-p1-94t,sitemap-produtos.xml,0.7,weekly,40
/pneu/pneu-pirelli-18555r16-cinturato-p1-83v,produto,pneu-pirelli-18555r16-cinturato-p1-83v,src/data (TIRES) via getIndexableTireSlugs(),true,https://www.carpluspneuseoficina.com.br/pneu/pneu-pirelli-18555r16-cinturato-p1-83v,sitemap-produtos.xml,0.7,weekly,40
/pneu/pneu-pirelli-19550r15-cinturato-p1-plus-82v,produto,pneu-pirelli-19550r15-cinturato-p1-plus-82v,src/data (TIRES) via getIndexableTireSlugs(),true,https://www.carpluspneuseoficina.com.br/pneu/pneu-pirelli-19550r15-cinturato-p1-plus-82v,sitemap-produtos.xml,0.7,weekly,40
/pneu/pneu-pirelli-19555r15-cinturato-p1-plus-85v,produto,pneu-pirelli-19555r15-cinturato-p1-plus-85v,src/data (TIRES) via getIndexableTireSlugs(),true,https://www.carpluspneuseoficina.com.br/pneu/pneu-pirelli-19555r15-cinturato-p1-plus-85v,sitemap-produtos.xml,0.7,weekly,40
/pneu/pneu-pirelli-17565r14-cinturato-p4-82t,produto,pneu-pirelli-17565r14-cinturato-p4-82t,src/data (TIRES) via getIndexableTireSlugs(),true,https://www.carpluspneuseoficina.com.br/pneu/pneu-pirelli-17565r14-cinturato-p4-82t,sitemap-produtos.xml,0.7,weekly,40
/pneu/pneu-pirelli-17565r15-cinturato-p4-84t,produto,pneu-pirelli-17565r15-cinturato-p4-84t,src/data (TIRES) via getIndexableTireSlugs(),true,https://www.carpluspneuseoficina.com.br/pneu/pneu-pirelli-17565r15-cinturato-p4-84t,sitemap-produtos.xml,0.7,weekly,40
/pneu/pneu-pirelli-19555r15-cinturato-p7-85h,produto,pneu-pirelli-19555r15-cinturato-p7-85h,src/data (TIRES) via getIndexableTireSlugs(),true,https://www.carpluspneuseoficina.com.br/pneu/pneu-pirelli-19555r15-cinturato-p7-85h,sitemap-produtos.xml,0.7,weekly,40
/pneu/pneu-pirelli-20560r15-cinturato-p7-91h,produto,pneu-pirelli-20560r15-cinturato-p7-91h,src/data (TIRES) via getIndexableTireSlugs(),true,https://www.carpluspneuseoficina.com.br/pneu/pneu-pirelli-20560r15-cinturato-p7-91h,sitemap-produtos.xml,0.7,weekly,40
/pneu/pneu-pirelli-19550r16-cinturato-p7-84v,produto,pneu-pirelli-19550r16-cinturato-p7-84v,src/data (TIRES) via getIndexableTireSlugs(),true,https://www.carpluspneuseoficina.com.br/pneu/pneu-pirelli-19550r16-cinturato-p7-84v,sitemap-produtos.xml,0.7,weekly,40
/pneu/pneu-pirelli-19555r16-cinturato-p7-87h,produto,pneu-pirelli-19555r16-cinturato-p7-87h,src/data (TIRES) via getIndexableTireSlugs(),true,https://www.carpluspneuseoficina.com.br/pneu/pneu-pirelli-19555r16-cinturato-p7-87h,sitemap-produtos.xml,0.7,weekly,40
/pneu/pneu-pirelli-19545r16-cinturato-p7-all-season-84v-xl,produto,pneu-pirelli-19545r16-cinturato-p7-all-season-84v-xl,src/data (TIRES) via getIndexableTireSlugs(),true,https://www.carpluspneuseoficina.com.br/pneu/pneu-pirelli-19545r16-cinturato-p7-all-season-84v-xl,sitemap-produtos.xml,0.7,weekly,40
/pneu/pneu-pirelli-19555r16-cinturato-p1-runflat-87v,produto,pneu-pirelli-19555r16-cinturato-p1-runflat-87v,src/data (TIRES) via getIndexableTireSlugs(),true,https://www.carpluspneuseoficina.com.br/pneu/pneu-pirelli-19555r16-cinturato-p1-runflat-87v,sitemap-produtos.xml,0.7,weekly,40
/pneu/pneu-pirelli-17565r15-powergy-84t,produto,pneu-pirelli-17565r15-powergy-84t,src/data (TIRES) via getIndexableTireSlugs(),true,https://www.carpluspneuseoficina.com.br/pneu/pneu-pirelli-17565r15-powergy-84t,sitemap-produtos.xml,0.7,weekly,40
/pneu/pneu-pirelli-19555r15-powergy-85h,produto,pneu-pirelli-19555r15-powergy-85h,src/data (TIRES) via getIndexableTireSlugs(),true,https://www.carpluspneuseoficina.com.br/pneu/pneu-pirelli-19555r15-powergy-85h,sitemap-produtos.xml,0.7,weekly,40
/pneu/pneu-pirelli-18555r16-powergy-83v,produto,pneu-pirelli-18555r16-powergy-83v,src/data (TIRES) via getIndexableTireSlugs(),true,https://www.carpluspneuseoficina.com.br/pneu/pneu-pirelli-18555r16-powergy-83v,sitemap-produtos.xml,0.7,weekly,40
/pneu/pneu-pirelli-19555r16-powergy-87v,produto,pneu-pirelli-19555r16-powergy-87v,src/data (TIRES) via getIndexableTireSlugs(),true,https://www.carpluspneuseoficina.com.br/pneu/pneu-pirelli-19555r16-powergy-87v,sitemap-produtos.xml,0.7,weekly,40
/pneu/pneu-pirelli-17565r14c-chrono-90t,produto,pneu-pirelli-17565r14c-chrono-90t,src/data (TIRES) via getIndexableTireSlugs(),true,https://www.carpluspneuseoficina.com.br/pneu/pneu-pirelli-17565r14c-chrono-90t,sitemap-produtos.xml,0.7,weekly,40
/pneu/pneu-pirelli-17570r14-chrono-88t,produto,pneu-pirelli-17570r14-chrono-88t,src/data (TIRES) via getIndexableTireSlugs(),true,https://www.carpluspneuseoficina.com.br/pneu/pneu-pirelli-17570r14-chrono-88t,sitemap-produtos.xml,0.7,weekly,40
/pneu/pneu-pirelli-185r14c-chrono-102r,produto,pneu-pirelli-185r14c-chrono-102r,src/data (TIRES) via getIndexableTireSlugs(),true,https://www.carpluspneuseoficina.com.br/pneu/pneu-pirelli-185r14c-chrono-102r,sitemap-produtos.xml,0.7,weekly,40
/pneu/pneu-pirelli-195r14c-chrono-106r,produto,pneu-pirelli-195r14c-chrono-106r,src/data (TIRES) via getIndexableTireSlugs(),true,https://www.carpluspneuseoficina.com.br/pneu/pneu-pirelli-195r14c-chrono-106r,sitemap-produtos.xml,0.7,weekly,40
/pneu/pneu-pirelli-185r15c-chrono-103r,produto,pneu-pirelli-185r15c-chrono-103r,src/data (TIRES) via getIndexableTireSlugs(),true,https://www.carpluspneuseoficina.com.br/pneu/pneu-pirelli-185r15c-chrono-103r,sitemap-produtos.xml,0.7,weekly,40
/pneu/pneu-pirelli-19570r15c-chrono-104r,produto,pneu-pirelli-19570r15c-chrono-104r,src/data (TIRES) via getIndexableTireSlugs(),true,https://www.carpluspneuseoficina.com.br/pneu/pneu-pirelli-19570r15c-chrono-104r,sitemap-produtos.xml,0.7,weekly,40
/pneu/pneu-pirelli-20570r15c-chrono-106r,produto,pneu-pirelli-20570r15c-chrono-106r,src/data (TIRES) via getIndexableTireSlugs(),true,https://www.carpluspneuseoficina.com.br/pneu/pneu-pirelli-20570r15c-chrono-106r,sitemap-produtos.xml,0.7,weekly,40
/pneu/pneu-pirelli-22570r15c-chrono-112s,produto,pneu-pirelli-22570r15c-chrono-112s,src/data (TIRES) via getIndexableTireSlugs(),true,https://www.carpluspneuseoficina.com.br/pneu/pneu-pirelli-22570r15c-chrono-112s,sitemap-produtos.xml,0.7,weekly,40
/pneu/pneu-pirelli-17570r14-scorpion-atr-88h-xl,produto,pneu-pirelli-17570r14-scorpion-atr-88h-xl,src/data (TIRES) via getIndexableTireSlugs(),true,https://www.carpluspneuseoficina.com.br/pneu/pneu-pirelli-17570r14-scorpion-atr-88h-xl,sitemap-produtos.xml,0.7,weekly,40
/pneu/pneu-pirelli-18565r15-scorpion-atr-88h,produto,pneu-pirelli-18565r15-scorpion-atr-88h,src/data (TIRES) via getIndexableTireSlugs(),true,https://www.carpluspneuseoficina.com.br/pneu/pneu-pirelli-18565r15-scorpion-atr-88h,sitemap-produtos.xml,0.7,weekly,40
/pneu/pneu-pirelli-20560r15-scorpion-atr-91h,produto,pneu-pirelli-20560r15-scorpion-atr-91h,src/data (TIRES) via getIndexableTireSlugs(),true,https://www.carpluspneuseoficina.com.br/pneu/pneu-pirelli-20560r15-scorpion-atr-91h,sitemap-produtos.xml,0.7,weekly,40
/pneu/pneu-pirelli-20565r15-scorpion-atr-94h,produto,pneu-pirelli-20565r15-scorpion-atr-94h,src/data (TIRES) via getIndexableTireSlugs(),true,https://www.carpluspneuseoficina.com.br/pneu/pneu-pirelli-20565r15-scorpion-atr-94h,sitemap-produtos.xml,0.7,weekly,40
/pneu/pneu-pirelli-20570r15-formula-st-96t,produto,pneu-pirelli-20570r15-formula-st-96t,src/data (TIRES) via getIndexableTireSlugs(),true,https://www.carpluspneuseoficina.com.br/pneu/pneu-pirelli-20570r15-formula-st-96t,sitemap-produtos.xml,0.7,weekly,40
/pneu/pneu-pirelli-20570r15-scorpion-atr-96t,produto,pneu-pirelli-20570r15-scorpion-atr-96t,src/data (TIRES) via getIndexableTireSlugs(),true,https://www.carpluspneuseoficina.com.br/pneu/pneu-pirelli-20570r15-scorpion-atr-96t,sitemap-produtos.xml,0.7,weekly,40
/pneu/pneu-pirelli-20570r15-scorpion-ht-96t,produto,pneu-pirelli-20570r15-scorpion-ht-96t,src/data (TIRES) via getIndexableTireSlugs(),true,https://www.carpluspneuseoficina.com.br/pneu/pneu-pirelli-20570r15-scorpion-ht-96t,sitemap-produtos.xml,0.7,weekly,40
/pneu/pneu-pirelli-20575r15-scorpion-atr-99t-xl-letras-brancas,produto,pneu-pirelli-20575r15-scorpion-atr-99t-xl-letras-brancas,src/data (TIRES) via getIndexableTireSlugs(),true,https://www.carpluspneuseoficina.com.br/pneu/pneu-pirelli-20575r15-scorpion-atr-99t-xl-letras-brancas,sitemap-produtos.xml,0.7,weekly,40
/pneu/pneu-pirelli-21575r15-scorpion-atr-106t-letras-brancas,produto,pneu-pirelli-21575r15-scorpion-atr-106t-letras-brancas,src/data (TIRES) via getIndexableTireSlugs(),true,https://www.carpluspneuseoficina.com.br/pneu/pneu-pirelli-21575r15-scorpion-atr-106t-letras-brancas,sitemap-produtos.xml,0.7,weekly,40
/pneu/pneu-pirelli-21575r15-scorpion-mtr-106q,produto,pneu-pirelli-21575r15-scorpion-mtr-106q,src/data (TIRES) via getIndexableTireSlugs(),true,https://www.carpluspneuseoficina.com.br/pneu/pneu-pirelli-21575r15-scorpion-mtr-106q,sitemap-produtos.xml,0.7,weekly,40
/pneu/pneu-pirelli-23575r15-formula-st-104s,produto,pneu-pirelli-23575r15-formula-st-104s,src/data (TIRES) via getIndexableTireSlugs(),true,https://www.carpluspneuseoficina.com.br/pneu/pneu-pirelli-23575r15-formula-st-104s,sitemap-produtos.xml,0.7,weekly,40
/pneu/pneu-pirelli-23575r15-scorpion-atr-108t-xl,produto,pneu-pirelli-23575r15-scorpion-atr-108t-xl,src/data (TIRES) via getIndexableTireSlugs(),true,https://www.carpluspneuseoficina.com.br/pneu/pneu-pirelli-23575r15-scorpion-atr-108t-xl,sitemap-produtos.xml,0.7,weekly,40
/pneu/pneu-pirelli-23575r15-scorpion-atr-street-110t,produto,pneu-pirelli-23575r15-scorpion-atr-street-110t,src/data (TIRES) via getIndexableTireSlugs(),true,https://www.carpluspneuseoficina.com.br/pneu/pneu-pirelli-23575r15-scorpion-atr-street-110t,sitemap-produtos.xml,0.7,weekly,40
/pneu/pneu-pirelli-25575r15-scorpion-atr-109s,produto,pneu-pirelli-25575r15-scorpion-atr-109s,src/data (TIRES) via getIndexableTireSlugs(),true,https://www.carpluspneuseoficina.com.br/pneu/pneu-pirelli-25575r15-scorpion-atr-109s,sitemap-produtos.xml,0.7,weekly,40
/pneu/pneu-pirelli-30x950r15lt-scorpion-mtr-104q-letras-brancas,produto,pneu-pirelli-30x950r15lt-scorpion-mtr-104q-letras-brancas,src/data (TIRES) via getIndexableTireSlugs(),true,https://www.carpluspneuseoficina.com.br/pneu/pneu-pirelli-30x950r15lt-scorpion-mtr-104q-letras-brancas,sitemap-produtos.xml,0.7,weekly,40
/pneu/pneu-pirelli-31x1050r15lt-scorpion-atr-109s-letras-brancas,produto,pneu-pirelli-31x1050r15lt-scorpion-atr-109s-letras-brancas,src/data (TIRES) via getIndexableTireSlugs(),true,https://www.carpluspneuseoficina.com.br/pneu/pneu-pirelli-31x1050r15lt-scorpion-atr-109s-letras-brancas,sitemap-produtos.xml,0.7,weekly,40
/pneu/pneu-pirelli-31x1050r15lt-scorpion-mtr-109q,produto,pneu-pirelli-31x1050r15lt-scorpion-mtr-109q,src/data (TIRES) via getIndexableTireSlugs(),true,https://www.carpluspneuseoficina.com.br/pneu/pneu-pirelli-31x1050r15lt-scorpion-mtr-109q,sitemap-produtos.xml,0.7,weekly,40
/pneu/pneu-pirelli-16514-tornado-alfa,produto,pneu-pirelli-16514-tornado-alfa,src/data (TIRES) via getIndexableTireSlugs(),true,https://www.carpluspneuseoficina.com.br/pneu/pneu-pirelli-16514-tornado-alfa,sitemap-produtos.xml,0.7,weekly,40
/pneu/pneu-pirelli-21575r14-scorpion-atr-street-98q,produto,pneu-pirelli-21575r14-scorpion-atr-street-98q,src/data (TIRES) via getIndexableTireSlugs(),true,https://www.carpluspneuseoficina.com.br/pneu/pneu-pirelli-21575r14-scorpion-atr-street-98q,sitemap-produtos.xml,0.7,weekly,40
/pneu/pneu-pirelli-17565r14-p400-evo-82h,produto,pneu-pirelli-17565r14-p400-evo-82h,src/data (TIRES) via getIndexableTireSlugs(),true,https://www.carpluspneuseoficina.com.br/pneu/pneu-pirelli-17565r14-p400-evo-82h,sitemap-produtos.xml,0.7,weekly,40
/pneu/pneu-pirelli-18570r14-p400-evo-88t,produto,pneu-pirelli-18570r14-p400-evo-88t,src/data (TIRES) via getIndexableTireSlugs(),true,https://www.carpluspneuseoficina.com.br/pneu/pneu-pirelli-18570r14-p400-evo-88t,sitemap-produtos.xml,0.7,weekly,40
/pneu/pneu-pirelli-18560r15-p400-evo-84h,produto,pneu-pirelli-18560r15-p400-evo-84h,src/data (TIRES) via getIndexableTireSlugs(),true,https://www.carpluspneuseoficina.com.br/pneu/pneu-pirelli-18560r15-p400-evo-84h,sitemap-produtos.xml,0.7,weekly,40
/pneu/pneu-pirelli-18565r15-p400-evo-88h,produto,pneu-pirelli-18565r15-p400-evo-88h,src/data (TIRES) via getIndexableTireSlugs(),true,https://www.carpluspneuseoficina.com.br/pneu/pneu-pirelli-18565r15-p400-evo-88h,sitemap-produtos.xml,0.7,weekly,40
/pneu/pneu-pirelli-19555r15-p400-evo-85h,produto,pneu-pirelli-19555r15-p400-evo-85h,src/data (TIRES) via getIndexableTireSlugs(),true,https://www.carpluspneuseoficina.com.br/pneu/pneu-pirelli-19555r15-p400-evo-85h,sitemap-produtos.xml,0.7,weekly,40
/pneu/pneu-pirelli-19565r15-p400-evo-91h,produto,pneu-pirelli-19565r15-p400-evo-91h,src/data (TIRES) via getIndexableTireSlugs(),true,https://www.carpluspneuseoficina.com.br/pneu/pneu-pirelli-19565r15-p400-evo-91h,sitemap-produtos.xml,0.7,weekly,40
/pneu/pneu-pirelli-18565r15-cinturato-p1-92h-k1,produto,pneu-pirelli-18565r15-cinturato-p1-92h-k1,src/data (TIRES) via getIndexableTireSlugs(),true,https://www.carpluspneuseoficina.com.br/pneu/pneu-pirelli-18565r15-cinturato-p1-92h-k1,sitemap-produtos.xml,0.7,weekly,40
/pneu/pneu-pirelli-23575r15-scorpion-atr-110s,produto,pneu-pirelli-23575r15-scorpion-atr-110s,src/data (TIRES) via getIndexableTireSlugs(),true,https://www.carpluspneuseoficina.com.br/pneu/pneu-pirelli-23575r15-scorpion-atr-110s,sitemap-produtos.xml,0.7,weekly,40
/pneu/pneu-pirelli-19550r16-cinturato-p7-84h,produto,pneu-pirelli-19550r16-cinturato-p7-84h,src/data (TIRES) via getIndexableTireSlugs(),true,https://www.carpluspneuseoficina.com.br/pneu/pneu-pirelli-19550r16-cinturato-p7-84h,sitemap-produtos.xml,0.7,weekly,40
/pneu/pneu-pirelli-205-55r16-p7-91v,produto,pneu-pirelli-205-55r16-p7-91v,src/data (TIRES) via getIndexableTireSlugs(),true,https://www.carpluspneuseoficina.com.br/pneu/pneu-pirelli-205-55r16-p7-91v,sitemap-produtos.xml,0.7,weekly,40
/pneu/pneu-pirelli-215-40r18-p-zero-85y-run-flat,produto,pneu-pirelli-215-40r18-p-zero-85y-run-flat,src/data (TIRES) via getIndexableTireSlugs(),true,https://www.carpluspneuseoficina.com.br/pneu/pneu-pirelli-215-40r18-p-zero-85y-run-flat,sitemap-produtos.xml,0.7,weekly,40
/pneu/pneu-pirelli-215-40r18-p-zero-nero-89w,produto,pneu-pirelli-215-40r18-p-zero-nero-89w,src/data (TIRES) via getIndexableTireSlugs(),true,https://www.carpluspneuseoficina.com.br/pneu/pneu-pirelli-215-40r18-p-zero-nero-89w,sitemap-produtos.xml,0.7,weekly,40
/pneu/pneu-pirelli-225-35r19-p-zero-corsa,produto,pneu-pirelli-225-35r19-p-zero-corsa,src/data (TIRES) via getIndexableTireSlugs(),true,https://www.carpluspneuseoficina.com.br/pneu/pneu-pirelli-225-35r19-p-zero-corsa,sitemap-produtos.xml,0.7,weekly,40
/pneu/pneu-pirelli-225-35r19-p-zero-rosso,produto,pneu-pirelli-225-35r19-p-zero-rosso,src/data (TIRES) via getIndexableTireSlugs(),true,https://www.carpluspneuseoficina.com.br/pneu/pneu-pirelli-225-35r19-p-zero-rosso,sitemap-produtos.xml,0.7,weekly,40
/pneu/pneu-pirelli-225-35r20-p-zero-90y-xl-run-flat,produto,pneu-pirelli-225-35r20-p-zero-90y-xl-run-flat,src/data (TIRES) via getIndexableTireSlugs(),true,https://www.carpluspneuseoficina.com.br/pneu/pneu-pirelli-225-35r20-p-zero-90y-xl-run-flat,sitemap-produtos.xml,0.7,weekly,40
/pneu/pneu-pirelli-225-40r18-p-zero-88y-run-flat,produto,pneu-pirelli-225-40r18-p-zero-88y-run-flat,src/data (TIRES) via getIndexableTireSlugs(),true,https://www.carpluspneuseoficina.com.br/pneu/pneu-pirelli-225-40r18-p-zero-88y-run-flat,sitemap-produtos.xml,0.7,weekly,40
/pneu/pneu-pirelli-225-40r19-p-zero-89y-run-flat,produto,pneu-pirelli-225-40r19-p-zero-89y-run-flat,src/data (TIRES) via getIndexableTireSlugs(),true,https://www.carpluspneuseoficina.com.br/pneu/pneu-pirelli-225-40r19-p-zero-89y-run-flat,sitemap-produtos.xml,0.7,weekly,40
/pneu/pneu-pirelli-225-40r19-p-zero-93y-xl,produto,pneu-pirelli-225-40r19-p-zero-93y-xl,src/data (TIRES) via getIndexableTireSlugs(),true,https://www.carpluspneuseoficina.com.br/pneu/pneu-pirelli-225-40r19-p-zero-93y-xl,sitemap-produtos.xml,0.7,weekly,40
/pneu/pneu-pirelli-225-45r17-dragon-91w,produto,pneu-pirelli-225-45r17-dragon-91w,src/data (TIRES) via getIndexableTireSlugs(),true,https://www.carpluspneuseoficina.com.br/pneu/pneu-pirelli-225-45r17-dragon-91w,sitemap-produtos.xml,0.7,weekly,40
/pneu/pneu-pirelli-225-45r17-p7-cinturato-91y,produto,pneu-pirelli-225-45r17-p7-cinturato-91y,src/data (TIRES) via getIndexableTireSlugs(),true,https://www.carpluspneuseoficina.com.br/pneu/pneu-pirelli-225-45r17-p7-cinturato-91y,sitemap-produtos.xml,0.7,weekly,40
/pneu/pneu-pirelli-225-45r17-p1-cinturato-plus-94w,produto,pneu-pirelli-225-45r17-p1-cinturato-plus-94w,src/data (TIRES) via getIndexableTireSlugs(),true,https://www.carpluspneuseoficina.com.br/pneu/pneu-pirelli-225-45r17-p1-cinturato-plus-94w,sitemap-produtos.xml,0.7,weekly,40
/pneu/pneu-pirelli-225-45r18-p1-cinturato-95w,produto,pneu-pirelli-225-45r18-p1-cinturato-95w,src/data (TIRES) via getIndexableTireSlugs(),true,https://www.carpluspneuseoficina.com.br/pneu/pneu-pirelli-225-45r18-p1-cinturato-95w,sitemap-produtos.xml,0.7,weekly,40
/pneu/pneu-pirelli-225-45r18-p7-cinturato-95w,produto,pneu-pirelli-225-45r18-p7-cinturato-95w,src/data (TIRES) via getIndexableTireSlugs(),true,https://www.carpluspneuseoficina.com.br/pneu/pneu-pirelli-225-45r18-p7-cinturato-95w,sitemap-produtos.xml,0.7,weekly,40
/pneu/pneu-pirelli-225-45r18-p7-cinturato-95y-xl-run-flat,produto,pneu-pirelli-225-45r18-p7-cinturato-95y-xl-run-flat,src/data (TIRES) via getIndexableTireSlugs(),true,https://www.carpluspneuseoficina.com.br/pneu/pneu-pirelli-225-45r18-p7-cinturato-95y-xl-run-flat,sitemap-produtos.xml,0.7,weekly,40
/pneu/pneu-pirelli-225-50r16-p7-cinturato-92v,produto,pneu-pirelli-225-50r16-p7-cinturato-92v,src/data (TIRES) via getIndexableTireSlugs(),true,https://www.carpluspneuseoficina.com.br/pneu/pneu-pirelli-225-50r16-p7-cinturato-92v,sitemap-produtos.xml,0.7,weekly,40
/pneu/pneu-pirelli-225-55r17-p7-cinturato-97w-run-flat,produto,pneu-pirelli-225-55r17-p7-cinturato-97w-run-flat,src/data (TIRES) via getIndexableTireSlugs(),true,https://www.carpluspneuseoficina.com.br/pneu/pneu-pirelli-225-55r17-p7-cinturato-97w-run-flat,sitemap-produtos.xml,0.7,weekly,40
/pneu/pneu-pirelli-225-55r17-p7-cinturato-97y,produto,pneu-pirelli-225-55r17-p7-cinturato-97y,src/data (TIRES) via getIndexableTireSlugs(),true,https://www.carpluspneuseoficina.com.br/pneu/pneu-pirelli-225-55r17-p7-cinturato-97y,sitemap-produtos.xml,0.7,weekly,40
/pneu/pneu-pirelli-225-60r18-scorpion-verde-104h,produto,pneu-pirelli-225-60r18-scorpion-verde-104h,src/data (TIRES) via getIndexableTireSlugs(),true,https://www.carpluspneuseoficina.com.br/pneu/pneu-pirelli-225-60r18-scorpion-verde-104h,sitemap-produtos.xml,0.7,weekly,40
/pneu/pneu-pirelli-225-60r18-scorpion-verde-all-season-104h,produto,pneu-pirelli-225-60r18-scorpion-verde-all-season-104h,src/data (TIRES) via getIndexableTireSlugs(),true,https://www.carpluspneuseoficina.com.br/pneu/pneu-pirelli-225-60r18-scorpion-verde-all-season-104h,sitemap-produtos.xml,0.7,weekly,40
/pneu/pneu-pirelli-225-65r17-scorpion-a-t-102h,produto,pneu-pirelli-225-65r17-scorpion-a-t-102h,src/data (TIRES) via getIndexableTireSlugs(),true,https://www.carpluspneuseoficina.com.br/pneu/pneu-pirelli-225-65r17-scorpion-a-t-102h,sitemap-produtos.xml,0.7,weekly,40
/pneu/pneu-pirelli-225-70r16-scorpion-atr-101t,produto,pneu-pirelli-225-70r16-scorpion-atr-101t,src/data (TIRES) via getIndexableTireSlugs(),true,https://www.carpluspneuseoficina.com.br/pneu/pneu-pirelli-225-70r16-scorpion-atr-101t,sitemap-produtos.xml,0.7,weekly,40
/pneu/pneu-pirelli-225-70r16-scorpion-verde-107h,produto,pneu-pirelli-225-70r16-scorpion-verde-107h,src/data (TIRES) via getIndexableTireSlugs(),true,https://www.carpluspneuseoficina.com.br/pneu/pneu-pirelli-225-70r16-scorpion-verde-107h,sitemap-produtos.xml,0.7,weekly,40
/pneu/pneu-pirelli-225-75r15-scorpion-atr-105t,produto,pneu-pirelli-225-75r15-scorpion-atr-105t,src/data (TIRES) via getIndexableTireSlugs(),true,https://www.carpluspneuseoficina.com.br/pneu/pneu-pirelli-225-75r15-scorpion-atr-105t,sitemap-produtos.xml,0.7,weekly,40
/pneu/pneu-pirelli-235-35r19-p-zero-corsa-xl,produto,pneu-pirelli-235-35r19-p-zero-corsa-xl,src/data (TIRES) via getIndexableTireSlugs(),true,https://www.carpluspneuseoficina.com.br/pneu/pneu-pirelli-235-35r19-p-zero-corsa-xl,sitemap-produtos.xml,0.7,weekly,40
/pneu/pneu-pirelli-235-35r19-p-zero-xl,produto,pneu-pirelli-235-35r19-p-zero-xl,src/data (TIRES) via getIndexableTireSlugs(),true,https://www.carpluspneuseoficina.com.br/pneu/pneu-pirelli-235-35r19-p-zero-xl,sitemap-produtos.xml,0.7,weekly,40
/pneu/pneu-pirelli-235-35r19-p-zero-mo-xl,produto,pneu-pirelli-235-35r19-p-zero-mo-xl,src/data (TIRES) via getIndexableTireSlugs(),true,https://www.carpluspneuseoficina.com.br/pneu/pneu-pirelli-235-35r19-p-zero-mo-xl,sitemap-produtos.xml,0.7,weekly,40
/pneu/pneu-pirelli-235-35r19-p-zero-91y-xl,produto,pneu-pirelli-235-35r19-p-zero-91y-xl,src/data (TIRES) via getIndexableTireSlugs(),true,https://www.carpluspneuseoficina.com.br/pneu/pneu-pirelli-235-35r19-p-zero-91y-xl,sitemap-produtos.xml,0.7,weekly,40
/pneu/pneu-pirelli-235-40r18-p-zero-rosso,produto,pneu-pirelli-235-40r18-p-zero-rosso,src/data (TIRES) via getIndexableTireSlugs(),true,https://www.carpluspneuseoficina.com.br/pneu/pneu-pirelli-235-40r18-p-zero-rosso,sitemap-produtos.xml,0.7,weekly,40
/pneu/pneu-pirelli-235-40r18-p-zero-xl,produto,pneu-pirelli-235-40r18-p-zero-xl,src/data (TIRES) via getIndexableTireSlugs(),true,https://www.carpluspneuseoficina.com.br/pneu/pneu-pirelli-235-40r18-p-zero-xl,sitemap-produtos.xml,0.7,weekly,40
/pneu/pneu-pirelli-235-40r18-p7-cinturato-s-i-95w-xl,produto,pneu-pirelli-235-40r18-p7-cinturato-s-i-95w-xl,src/data (TIRES) via getIndexableTireSlugs(),true,https://www.carpluspneuseoficina.com.br/pneu/pneu-pirelli-235-40r18-p7-cinturato-s-i-95w-xl,sitemap-produtos.xml,0.7,weekly,40
/pneu/pneu-pirelli-235-40r18-p-zero-95y-xl,produto,pneu-pirelli-235-40r18-p-zero-95y-xl,src/data (TIRES) via getIndexableTireSlugs(),true,https://www.carpluspneuseoficina.com.br/pneu/pneu-pirelli-235-40r18-p-zero-95y-xl,sitemap-produtos.xml,0.7,weekly,40
/pneu/pneu-pirelli-235-40r19-p7-cinturato-92v,produto,pneu-pirelli-235-40r19-p7-cinturato-92v,src/data (TIRES) via getIndexableTireSlugs(),true,https://www.carpluspneuseoficina.com.br/pneu/pneu-pirelli-235-40r19-p7-cinturato-92v,sitemap-produtos.xml,0.7,weekly,40
/pneu/pneu-pirelli-235-45r17-p7-cinturato-s-i-94w,produto,pneu-pirelli-235-45r17-p7-cinturato-s-i-94w,src/data (TIRES) via getIndexableTireSlugs(),true,https://www.carpluspneuseoficina.com.br/pneu/pneu-pirelli-235-45r17-p7-cinturato-s-i-94w,sitemap-produtos.xml,0.7,weekly,40
/pneu/pneu-pirelli-235-45r17-p7-cinturato-97w,produto,pneu-pirelli-235-45r17-p7-cinturato-97w,src/data (TIRES) via getIndexableTireSlugs(),true,https://www.carpluspneuseoficina.com.br/pneu/pneu-pirelli-235-45r17-p7-cinturato-97w,sitemap-produtos.xml,0.7,weekly,40
/pneu/pneu-pirelli-235-45r18-p-zero-nero,produto,pneu-pirelli-235-45r18-p-zero-nero,src/data (TIRES) via getIndexableTireSlugs(),true,https://www.carpluspneuseoficina.com.br/pneu/pneu-pirelli-235-45r18-p-zero-nero,sitemap-produtos.xml,0.7,weekly,40
/pneu/pneu-pirelli-235-55r18-scorpion-verde-all-season,produto,pneu-pirelli-235-55r18-scorpion-verde-all-season,src/data (TIRES) via getIndexableTireSlugs(),true,https://www.carpluspneuseoficina.com.br/pneu/pneu-pirelli-235-55r18-scorpion-verde-all-season,sitemap-produtos.xml,0.7,weekly,40
/pneu/pneu-pirelli-235-65r17-scorpion-verde-all-season,produto,pneu-pirelli-235-65r17-scorpion-verde-all-season,src/data (TIRES) via getIndexableTireSlugs(),true,https://www.carpluspneuseoficina.com.br/pneu/pneu-pirelli-235-65r17-scorpion-verde-all-season,sitemap-produtos.xml,0.7,weekly,40
/pneu/pneu-pirelli-245-40r17-p-zero-nero-gt,produto,pneu-pirelli-245-40r17-p-zero-nero-gt,src/data (TIRES) via getIndexableTireSlugs(),true,https://www.carpluspneuseoficina.com.br/pneu/pneu-pirelli-245-40r17-p-zero-nero-gt,sitemap-produtos.xml,0.7,weekly,40
/pneu/pneu-pirelli-255-40r17-p-zero-nero-gt,produto,pneu-pirelli-255-40r17-p-zero-nero-gt,src/data (TIRES) via getIndexableTireSlugs(),true,https://www.carpluspneuseoficina.com.br/pneu/pneu-pirelli-255-40r17-p-zero-nero-gt,sitemap-produtos.xml,0.7,weekly,40
/pneu/pneu-pirelli-235-70r16-scorpion-verde-106h,produto,pneu-pirelli-235-70r16-scorpion-verde-106h,src/data (TIRES) via getIndexableTireSlugs(),true,https://www.carpluspneuseoficina.com.br/pneu/pneu-pirelli-235-70r16-scorpion-verde-106h,sitemap-produtos.xml,0.7,weekly,40
/pneu/pneu-pirelli-235-75r15-scorpion-ht-110t,produto,pneu-pirelli-235-75r15-scorpion-ht-110t,src/data (TIRES) via getIndexableTireSlugs(),true,https://www.carpluspneuseoficina.com.br/pneu/pneu-pirelli-235-75r15-scorpion-ht-110t,sitemap-produtos.xml,0.7,weekly,40
/pneu/pneu-pirelli-245-30r19-p-zero-89y-xl-run-flat,produto,pneu-pirelli-245-30r19-p-zero-89y-xl-run-flat,src/data (TIRES) via getIndexableTireSlugs(),true,https://www.carpluspneuseoficina.com.br/pneu/pneu-pirelli-245-30r19-p-zero-89y-xl-run-flat,sitemap-produtos.xml,0.7,weekly,40
/pneu/pneu-pirelli-245-30r20-p-zero-xl,produto,pneu-pirelli-245-30r20-p-zero-xl,src/data (TIRES) via getIndexableTireSlugs(),true,https://www.carpluspneuseoficina.com.br/pneu/pneu-pirelli-245-30r20-p-zero-xl,sitemap-produtos.xml,0.7,weekly,40
/pneu/pneu-pirelli-245-30r20-p-zero-corsa-xl,produto,pneu-pirelli-245-30r20-p-zero-corsa-xl,src/data (TIRES) via getIndexableTireSlugs(),true,https://www.carpluspneuseoficina.com.br/pneu/pneu-pirelli-245-30r20-p-zero-corsa-xl,sitemap-produtos.xml,0.7,weekly,40
/pneu/pneu-pirelli-245-35r18-p-zero-rosso,produto,pneu-pirelli-245-35r18-p-zero-rosso,src/data (TIRES) via getIndexableTireSlugs(),true,https://www.carpluspneuseoficina.com.br/pneu/pneu-pirelli-245-35r18-p-zero-rosso,sitemap-produtos.xml,0.7,weekly,40
/pneu/pneu-pirelli-245-35r18-p-zero-corsa-xl,produto,pneu-pirelli-245-35r18-p-zero-corsa-xl,src/data (TIRES) via getIndexableTireSlugs(),true,https://www.carpluspneuseoficina.com.br/pneu/pneu-pirelli-245-35r18-p-zero-corsa-xl,sitemap-produtos.xml,0.7,weekly,40
/pneu/pneu-pirelli-245-35r18-p-zero-88y-run-flat,produto,pneu-pirelli-245-35r18-p-zero-88y-run-flat,src/data (TIRES) via getIndexableTireSlugs(),true,https://www.carpluspneuseoficina.com.br/pneu/pneu-pirelli-245-35r18-p-zero-88y-run-flat,sitemap-produtos.xml,0.7,weekly,40
/pneu/pneu-pirelli-245-35r18-p-zero-92y-xl,produto,pneu-pirelli-245-35r18-p-zero-92y-xl,src/data (TIRES) via getIndexableTireSlugs(),true,https://www.carpluspneuseoficina.com.br/pneu/pneu-pirelli-245-35r18-p-zero-92y-xl,sitemap-produtos.xml,0.7,weekly,40
/pneu/pneu-pirelli-245-35r19-p-zero-corsa-xl,produto,pneu-pirelli-245-35r19-p-zero-corsa-xl,src/data (TIRES) via getIndexableTireSlugs(),true,https://www.carpluspneuseoficina.com.br/pneu/pneu-pirelli-245-35r19-p-zero-corsa-xl,sitemap-produtos.xml,0.7,weekly,40
/pneu/pneu-pirelli-245-35r19-p-zero-xl,produto,pneu-pirelli-245-35r19-p-zero-xl,src/data (TIRES) via getIndexableTireSlugs(),true,https://www.carpluspneuseoficina.com.br/pneu/pneu-pirelli-245-35r19-p-zero-xl,sitemap-produtos.xml,0.7,weekly,40
/pneu/pneu-pirelli-245-35r20-p-zero-xl,produto,pneu-pirelli-245-35r20-p-zero-xl,src/data (TIRES) via getIndexableTireSlugs(),true,https://www.carpluspneuseoficina.com.br/pneu/pneu-pirelli-245-35r20-p-zero-xl,sitemap-produtos.xml,0.7,weekly,40
/pneu/pneu-pirelli-245-35r20-p-zero-corsa-xl,produto,pneu-pirelli-245-35r20-p-zero-corsa-xl,src/data (TIRES) via getIndexableTireSlugs(),true,https://www.carpluspneuseoficina.com.br/pneu/pneu-pirelli-245-35r20-p-zero-corsa-xl,sitemap-produtos.xml,0.7,weekly,40
/pneu/pneu-pirelli-245-40r17-p-zero-asimmetrico,produto,pneu-pirelli-245-40r17-p-zero-asimmetrico,src/data (TIRES) via getIndexableTireSlugs(),true,https://www.carpluspneuseoficina.com.br/pneu/pneu-pirelli-245-40r17-p-zero-asimmetrico,sitemap-produtos.xml,0.7,weekly,40
/pneu/pneu-pirelli-245-40r17-p7-cinturato-91w,produto,pneu-pirelli-245-40r17-p7-cinturato-91w,src/data (TIRES) via getIndexableTireSlugs(),true,https://www.carpluspneuseoficina.com.br/pneu/pneu-pirelli-245-40r17-p7-cinturato-91w,sitemap-produtos.xml,0.7,weekly,40
/pneu/pneu-pirelli-245-40r18-p7-cinturato-93y,produto,pneu-pirelli-245-40r18-p7-cinturato-93y,src/data (TIRES) via getIndexableTireSlugs(),true,https://www.carpluspneuseoficina.com.br/pneu/pneu-pirelli-245-40r18-p7-cinturato-93y,sitemap-produtos.xml,0.7,weekly,40
/pneu/pneu-pirelli-245-40r18-p-zero-93y-run-flat,produto,pneu-pirelli-245-40r18-p-zero-93y-run-flat,src/data (TIRES) via getIndexableTireSlugs(),true,https://www.carpluspneuseoficina.com.br/pneu/pneu-pirelli-245-40r18-p-zero-93y-run-flat,sitemap-produtos.xml,0.7,weekly,40
/pneu/pneu-pirelli-245-40r18-p7-cinturato-97y-run-flat,produto,pneu-pirelli-245-40r18-p7-cinturato-97y-run-flat,src/data (TIRES) via getIndexableTireSlugs(),true,https://www.carpluspneuseoficina.com.br/pneu/pneu-pirelli-245-40r18-p7-cinturato-97y-run-flat,sitemap-produtos.xml,0.7,weekly,40
/pneu/pneu-pirelli-245-40r18-p-zero-97y-xl,produto,pneu-pirelli-245-40r18-p-zero-97y-xl,src/data (TIRES) via getIndexableTireSlugs(),true,https://www.carpluspneuseoficina.com.br/pneu/pneu-pirelli-245-40r18-p-zero-97y-xl,sitemap-produtos.xml,0.7,weekly,40
/pneu/pneu-pirelli-245-40r19-p-zero-xl,produto,pneu-pirelli-245-40r19-p-zero-xl,src/data (TIRES) via getIndexableTireSlugs(),true,https://www.carpluspneuseoficina.com.br/pneu/pneu-pirelli-245-40r19-p-zero-xl,sitemap-produtos.xml,0.7,weekly,40
/pneu/pneu-pirelli-245-40r19-p-zero-rosso-xl,produto,pneu-pirelli-245-40r19-p-zero-rosso-xl,src/data (TIRES) via getIndexableTireSlugs(),true,https://www.carpluspneuseoficina.com.br/pneu/pneu-pirelli-245-40r19-p-zero-rosso-xl,sitemap-produtos.xml,0.7,weekly,40
/pneu/pneu-pirelli-245-40r19-p-zero-94y-run-flat,produto,pneu-pirelli-245-40r19-p-zero-94y-run-flat,src/data (TIRES) via getIndexableTireSlugs(),true,https://www.carpluspneuseoficina.com.br/pneu/pneu-pirelli-245-40r19-p-zero-94y-run-flat,sitemap-produtos.xml,0.7,weekly,40
/pneu/pneu-pirelli-245-40r19-p-zero-98y-xl,produto,pneu-pirelli-245-40r19-p-zero-98y-xl,src/data (TIRES) via getIndexableTireSlugs(),true,https://www.carpluspneuseoficina.com.br/pneu/pneu-pirelli-245-40r19-p-zero-98y-xl,sitemap-produtos.xml,0.7,weekly,40
/pneu/pneu-pirelli-245-40r20-p-zero-xl,produto,pneu-pirelli-245-40r20-p-zero-xl,src/data (TIRES) via getIndexableTireSlugs(),true,https://www.carpluspneuseoficina.com.br/pneu/pneu-pirelli-245-40r20-p-zero-xl,sitemap-produtos.xml,0.7,weekly,40
/pneu/pneu-pirelli-245-40r20-p-zero-99w-xl,produto,pneu-pirelli-245-40r20-p-zero-99w-xl,src/data (TIRES) via getIndexableTireSlugs(),true,https://www.carpluspneuseoficina.com.br/pneu/pneu-pirelli-245-40r20-p-zero-99w-xl,sitemap-produtos.xml,0.7,weekly,40
/pneu/pneu-pirelli-245-40r20-p-zero-99y-run-flat,produto,pneu-pirelli-245-40r20-p-zero-99y-run-flat,src/data (TIRES) via getIndexableTireSlugs(),true,https://www.carpluspneuseoficina.com.br/pneu/pneu-pirelli-245-40r20-p-zero-99y-run-flat,sitemap-produtos.xml,0.7,weekly,40
/pneu/pneu-pirelli-245-40r19-p7-cinturato-98y-xl-run-flat,produto,pneu-pirelli-245-40r19-p7-cinturato-98y-xl-run-flat,src/data (TIRES) via getIndexableTireSlugs(),true,https://www.carpluspneuseoficina.com.br/pneu/pneu-pirelli-245-40r19-p7-cinturato-98y-xl-run-flat,sitemap-produtos.xml,0.7,weekly,40
/pneu/pneu-pirelli-245-45r17-p-zero-rosso-95y,produto,pneu-pirelli-245-45r17-p-zero-rosso-95y,src/data (TIRES) via getIndexableTireSlugs(),true,https://www.carpluspneuseoficina.com.br/pneu/pneu-pirelli-245-45r17-p-zero-rosso-95y,sitemap-produtos.xml,0.7,weekly,40
/pneu/pneu-pirelli-245-45r18-p-zero-rosso-96y,produto,pneu-pirelli-245-45r18-p-zero-rosso-96y,src/data (TIRES) via getIndexableTireSlugs(),true,https://www.carpluspneuseoficina.com.br/pneu/pneu-pirelli-245-45r18-p-zero-rosso-96y,sitemap-produtos.xml,0.7,weekly,40
/pneu/pneu-pirelli-245-45r19-p-zero-rosso-98y,produto,pneu-pirelli-245-45r19-p-zero-rosso-98y,src/data (TIRES) via getIndexableTireSlugs(),true,https://www.carpluspneuseoficina.com.br/pneu/pneu-pirelli-245-45r19-p-zero-rosso-98y,sitemap-produtos.xml,0.7,weekly,40
/pneu/pneu-pirelli-245-45r20-p-zero-rosso-99y,produto,pneu-pirelli-245-45r20-p-zero-rosso-99y,src/data (TIRES) via getIndexableTireSlugs(),true,https://www.carpluspneuseoficina.com.br/pneu/pneu-pirelli-245-45r20-p-zero-rosso-99y,sitemap-produtos.xml,0.7,weekly,40
/pneu/pneu-pirelli-245-50r18-p-zero-rosso-100w,produto,pneu-pirelli-245-50r18-p-zero-rosso-100w,src/data (TIRES) via getIndexableTireSlugs(),true,https://www.carpluspneuseoficina.com.br/pneu/pneu-pirelli-245-50r18-p-zero-rosso-100w,sitemap-produtos.xml,0.7,weekly,40
/pneu/pneu-pirelli-245-50r20-p-zero-rosso-102w,produto,pneu-pirelli-245-50r20-p-zero-rosso-102w,src/data (TIRES) via getIndexableTireSlugs(),true,https://www.carpluspneuseoficina.com.br/pneu/pneu-pirelli-245-50r20-p-zero-rosso-102w,sitemap-produtos.xml,0.7,weekly,40
/pneu/pneu-pirelli-255-30r19-p-zero-91y-xl,produto,pneu-pirelli-255-30r19-p-zero-91y-xl,src/data (TIRES) via getIndexableTireSlugs(),true,https://www.carpluspneuseoficina.com.br/pneu/pneu-pirelli-255-30r19-p-zero-91y-xl,sitemap-produtos.xml,0.7,weekly,40
/pneu/pneu-pirelli-255-30r20-p-zero-92y-xl,produto,pneu-pirelli-255-30r20-p-zero-92y-xl,src/data (TIRES) via getIndexableTireSlugs(),true,https://www.carpluspneuseoficina.com.br/pneu/pneu-pirelli-255-30r20-p-zero-92y-xl,sitemap-produtos.xml,0.7,weekly,40
/pneu/pneu-pirelli-255-35r18-p-zero-90y,produto,pneu-pirelli-255-35r18-p-zero-90y,src/data (TIRES) via getIndexableTireSlugs(),true,https://www.carpluspneuseoficina.com.br/pneu/pneu-pirelli-255-35r18-p-zero-90y,sitemap-produtos.xml,0.7,weekly,40
/pneu/pneu-pirelli-255-35r19-p-zero-92y,produto,pneu-pirelli-255-35r19-p-zero-92y,src/data (TIRES) via getIndexableTireSlugs(),true,https://www.carpluspneuseoficina.com.br/pneu/pneu-pirelli-255-35r19-p-zero-92y,sitemap-produtos.xml,0.7,weekly,40
/pneu/pneu-pirelli-255-35r20-p-zero-97y-xl,produto,pneu-pirelli-255-35r20-p-zero-97y-xl,src/data (TIRES) via getIndexableTireSlugs(),true,https://www.carpluspneuseoficina.com.br/pneu/pneu-pirelli-255-35r20-p-zero-97y-xl,sitemap-produtos.xml,0.7,weekly,40
/pneu/pneu-pirelli-255-40r17-p-zero-94w,produto,pneu-pirelli-255-40r17-p-zero-94w,src/data (TIRES) via getIndexableTireSlugs(),true,https://www.carpluspneuseoficina.com.br/pneu/pneu-pirelli-255-40r17-p-zero-94w,sitemap-produtos.xml,0.7,weekly,40
/pneu/pneu-pirelli-245-40r21-p-zero-100v-xl,produto,pneu-pirelli-245-40r21-p-zero-100v-xl,src/data (TIRES) via getIndexableTireSlugs(),true,https://www.carpluspneuseoficina.com.br/pneu/pneu-pirelli-245-40r21-p-zero-100v-xl,sitemap-produtos.xml,0.7,weekly,40
/pneu/pneu-pirelli-245-40r21-p-zero-100w-xl,produto,pneu-pirelli-245-40r21-p-zero-100w-xl,src/data (TIRES) via getIndexableTireSlugs(),true,https://www.carpluspneuseoficina.com.br/pneu/pneu-pirelli-245-40r21-p-zero-100w-xl,sitemap-produtos.xml,0.7,weekly,40
/pneu/pneu-pirelli-245-40r21-p-zero-100y-xl-run-flat,produto,pneu-pirelli-245-40r21-p-zero-100y-xl-run-flat,src/data (TIRES) via getIndexableTireSlugs(),true,https://www.carpluspneuseoficina.com.br/pneu/pneu-pirelli-245-40r21-p-zero-100y-xl-run-flat,sitemap-produtos.xml,0.7,weekly,40
/pneu/pneu-pirelli-245-45r17-p7-cinturato-95w,produto,pneu-pirelli-245-45r17-p7-cinturato-95w,src/data (TIRES) via getIndexableTireSlugs(),true,https://www.carpluspneuseoficina.com.br/pneu/pneu-pirelli-245-45r17-p7-cinturato-95w,sitemap-produtos.xml,0.7,weekly,40
/pneu/pneu-pirelli-245-45r17-p7-cinturato-95y,produto,pneu-pirelli-245-45r17-p7-cinturato-95y,src/data (TIRES) via getIndexableTireSlugs(),true,https://www.carpluspneuseoficina.com.br/pneu/pneu-pirelli-245-45r17-p7-cinturato-95y,sitemap-produtos.xml,0.7,weekly,40
/pneu/pneu-pirelli-245-45r17-p7-cinturato-99y,produto,pneu-pirelli-245-45r17-p7-cinturato-99y,src/data (TIRES) via getIndexableTireSlugs(),true,https://www.carpluspneuseoficina.com.br/pneu/pneu-pirelli-245-45r17-p7-cinturato-99y,sitemap-produtos.xml,0.7,weekly,40
/pneu/pneu-pirelli-245-45r18-p-zero-xl,produto,pneu-pirelli-245-45r18-p-zero-xl,src/data (TIRES) via getIndexableTireSlugs(),true,https://www.carpluspneuseoficina.com.br/pneu/pneu-pirelli-245-45r18-p-zero-xl,sitemap-produtos.xml,0.7,weekly,40
/pneu/pneu-pirelli-245-45r18-p-zero-rosso-xl,produto,pneu-pirelli-245-45r18-p-zero-rosso-xl,src/data (TIRES) via getIndexableTireSlugs(),true,https://www.carpluspneuseoficina.com.br/pneu/pneu-pirelli-245-45r18-p-zero-rosso-xl,sitemap-produtos.xml,0.7,weekly,40
/pneu/pneu-pirelli-245-45r18-p-zero-100w-xl,produto,pneu-pirelli-245-45r18-p-zero-100w-xl,src/data (TIRES) via getIndexableTireSlugs(),true,https://www.carpluspneuseoficina.com.br/pneu/pneu-pirelli-245-45r18-p-zero-100w-xl,sitemap-produtos.xml,0.7,weekly,40
/pneu/pneu-pirelli-245-45r18-p-zero-100y-xl,produto,pneu-pirelli-245-45r18-p-zero-100y-xl,src/data (TIRES) via getIndexableTireSlugs(),true,https://www.carpluspneuseoficina.com.br/pneu/pneu-pirelli-245-45r18-p-zero-100y-xl,sitemap-produtos.xml,0.7,weekly,40
/pneu/pneu-pirelli-245-45r18-p-zero-96y,produto,pneu-pirelli-245-45r18-p-zero-96y,src/data (TIRES) via getIndexableTireSlugs(),true,https://www.carpluspneuseoficina.com.br/pneu/pneu-pirelli-245-45r18-p-zero-96y,sitemap-produtos.xml,0.7,weekly,40
/pneu/pneu-pirelli-245-45r18-p7-cinturato-96y-run-flat,produto,pneu-pirelli-245-45r18-p7-cinturato-96y-run-flat,src/data (TIRES) via getIndexableTireSlugs(),true,https://www.carpluspneuseoficina.com.br/pneu/pneu-pirelli-245-45r18-p7-cinturato-96y-run-flat,sitemap-produtos.xml,0.7,weekly,40
/pneu/pneu-pirelli-245-45r18-p7-cinturato-100y-xl-run-flat,produto,pneu-pirelli-245-45r18-p7-cinturato-100y-xl-run-flat,src/data (TIRES) via getIndexableTireSlugs(),true,https://www.carpluspneuseoficina.com.br/pneu/pneu-pirelli-245-45r18-p7-cinturato-100y-xl-run-flat,sitemap-produtos.xml,0.7,weekly,40
/pneu/pneu-pirelli-245-45r19-p-zero-xl,produto,pneu-pirelli-245-45r19-p-zero-xl,src/data (TIRES) via getIndexableTireSlugs(),true,https://www.carpluspneuseoficina.com.br/pneu/pneu-pirelli-245-45r19-p-zero-xl,sitemap-produtos.xml,0.7,weekly,40
/pneu/pneu-pirelli-245-45r19-p-zero-102y-xl,produto,pneu-pirelli-245-45r19-p-zero-102y-xl,src/data (TIRES) via getIndexableTireSlugs(),true,https://www.carpluspneuseoficina.com.br/pneu/pneu-pirelli-245-45r19-p-zero-102y-xl,sitemap-produtos.xml,0.7,weekly,40
/pneu/pneu-pirelli-245-45r19-p-zero-98y-run-flat,produto,pneu-pirelli-245-45r19-p-zero-98y-run-flat,src/data (TIRES) via getIndexableTireSlugs(),true,https://www.carpluspneuseoficina.com.br/pneu/pneu-pirelli-245-45r19-p-zero-98y-run-flat,sitemap-produtos.xml,0.7,weekly,40
/pneu/pneu-pirelli-245-45r20-scorpion-verde-all-season-103v-xl,produto,pneu-pirelli-245-45r20-scorpion-verde-all-season-103v-xl,src/data (TIRES) via getIndexableTireSlugs(),true,https://www.carpluspneuseoficina.com.br/pneu/pneu-pirelli-245-45r20-scorpion-verde-all-season-103v-xl,sitemap-produtos.xml,0.7,weekly,40
/pneu/pneu-pirelli-245-45r20-scorpion-zero-all-season-103w,produto,pneu-pirelli-245-45r20-scorpion-zero-all-season-103w,src/data (TIRES) via getIndexableTireSlugs(),true,https://www.carpluspneuseoficina.com.br/pneu/pneu-pirelli-245-45r20-scorpion-zero-all-season-103w,sitemap-produtos.xml,0.7,weekly,40
/pneu/pneu-pirelli-245-45r20-p-zero-103w-xl,produto,pneu-pirelli-245-45r20-p-zero-103w-xl,src/data (TIRES) via getIndexableTireSlugs(),true,https://www.carpluspneuseoficina.com.br/pneu/pneu-pirelli-245-45r20-p-zero-103w-xl,sitemap-produtos.xml,0.7,weekly,40
/pneu/pneu-pirelli-245-45r20-scorpion-verde-103w-xl,produto,pneu-pirelli-245-45r20-scorpion-verde-103w-xl,src/data (TIRES) via getIndexableTireSlugs(),true,https://www.carpluspneuseoficina.com.br/pneu/pneu-pirelli-245-45r20-scorpion-verde-103w-xl,sitemap-produtos.xml,0.7,weekly,40
/pneu/pneu-pirelli-245-45r20-scorpion-verde-all-season-99v-lr,produto,pneu-pirelli-245-45r20-scorpion-verde-all-season-99v-lr,src/data (TIRES) via getIndexableTireSlugs(),true,https://www.carpluspneuseoficina.com.br/pneu/pneu-pirelli-245-45r20-scorpion-verde-all-season-99v-lr,sitemap-produtos.xml,0.7,weekly,40
/pneu/pneu-pirelli-245-50r18-p7-cinturato-100y,produto,pneu-pirelli-245-50r18-p7-cinturato-100y,src/data (TIRES) via getIndexableTireSlugs(),true,https://www.carpluspneuseoficina.com.br/pneu/pneu-pirelli-245-50r18-p7-cinturato-100y,sitemap-produtos.xml,0.7,weekly,40
/pneu/pneu-pirelli-245-50r19-p7-cinturato-105w-xl-run-flat,produto,pneu-pirelli-245-50r19-p7-cinturato-105w-xl-run-flat,src/data (TIRES) via getIndexableTireSlugs(),true,https://www.carpluspneuseoficina.com.br/pneu/pneu-pirelli-245-50r19-p7-cinturato-105w-xl-run-flat,sitemap-produtos.xml,0.7,weekly,40
/pneu/pneu-pirelli-245-50r20-scorpion-str-102h,produto,pneu-pirelli-245-50r20-scorpion-str-102h,src/data (TIRES) via getIndexableTireSlugs(),true,https://www.carpluspneuseoficina.com.br/pneu/pneu-pirelli-245-50r20-scorpion-str-102h,sitemap-produtos.xml,0.7,weekly,40
/pneu/pneu-pirelli-245-50r20-scorpion-verde-all-season-102v,produto,pneu-pirelli-245-50r20-scorpion-verde-all-season-102v,src/data (TIRES) via getIndexableTireSlugs(),true,https://www.carpluspneuseoficina.com.br/pneu/pneu-pirelli-245-50r20-scorpion-verde-all-season-102v,sitemap-produtos.xml,0.7,weekly,40
/pneu/pneu-pirelli-245-60r18-scorpion-verde-all-season-105h,produto,pneu-pirelli-245-60r18-scorpion-verde-all-season-105h,src/data (TIRES) via getIndexableTireSlugs(),true,https://www.carpluspneuseoficina.com.br/pneu/pneu-pirelli-245-60r18-scorpion-verde-all-season-105h,sitemap-produtos.xml,0.7,weekly,40
/pneu/pneu-pirelli-255-30r21-p-zero-xl,produto,pneu-pirelli-255-30r21-p-zero-xl,src/data (TIRES) via getIndexableTireSlugs(),true,https://www.carpluspneuseoficina.com.br/pneu/pneu-pirelli-255-30r21-p-zero-xl,sitemap-produtos.xml,0.7,weekly,40
/pneu/pneu-pirelli-255-30r22-p-zero-xl,produto,pneu-pirelli-255-30r22-p-zero-xl,src/data (TIRES) via getIndexableTireSlugs(),true,https://www.carpluspneuseoficina.com.br/pneu/pneu-pirelli-255-30r22-p-zero-xl,sitemap-produtos.xml,0.7,weekly,40
/pneu/pneu-pirelli-255-35r18-p-zero-94y-xl,produto,pneu-pirelli-255-35r18-p-zero-94y-xl,src/data (TIRES) via getIndexableTireSlugs(),true,https://www.carpluspneuseoficina.com.br/pneu/pneu-pirelli-255-35r18-p-zero-94y-xl,sitemap-produtos.xml,0.7,weekly,40
/pneu/pneu-pirelli-255-35r19-p-zero-xl,produto,pneu-pirelli-255-35r19-p-zero-xl,src/data (TIRES) via getIndexableTireSlugs(),true,https://www.carpluspneuseoficina.com.br/pneu/pneu-pirelli-255-35r19-p-zero-xl,sitemap-produtos.xml,0.7,weekly,40
/pneu/pneu-pirelli-255-35r19-p-zero-96y-xl,produto,pneu-pirelli-255-35r19-p-zero-96y-xl,src/data (TIRES) via getIndexableTireSlugs(),true,https://www.carpluspneuseoficina.com.br/pneu/pneu-pirelli-255-35r19-p-zero-96y-xl,sitemap-produtos.xml,0.7,weekly,40
/pneu/pneu-pirelli-255-35r20-p-zero-corsa-xl,produto,pneu-pirelli-255-35r20-p-zero-corsa-xl,src/data (TIRES) via getIndexableTireSlugs(),true,https://www.carpluspneuseoficina.com.br/pneu/pneu-pirelli-255-35r20-p-zero-corsa-xl,sitemap-produtos.xml,0.7,weekly,40
/pneu/pneu-pirelli-255-35r20-p-zero-xl,produto,pneu-pirelli-255-35r20-p-zero-xl,src/data (TIRES) via getIndexableTireSlugs(),true,https://www.carpluspneuseoficina.com.br/pneu/pneu-pirelli-255-35r20-p-zero-xl,sitemap-produtos.xml,0.7,weekly,40
/pneu/pneu-pirelli-255-35r20-p-zero-97w-xl,produto,pneu-pirelli-255-35r20-p-zero-97w-xl,src/data (TIRES) via getIndexableTireSlugs(),true,https://www.carpluspneuseoficina.com.br/pneu/pneu-pirelli-255-35r20-p-zero-97w-xl,sitemap-produtos.xml,0.7,weekly,40
/pneu/pneu-continental-16570r13-contiecocontact-3-79t,produto,pneu-continental-16570r13-contiecocontact-3-79t,src/data (TIRES) via getIndexableTireSlugs(),true,https://www.carpluspneuseoficina.com.br/pneu/pneu-continental-16570r13-contiecocontact-3-79t,sitemap-produtos.xml,0.7,weekly,40
/pneu/pneu-continental-17570r13-powercontact-2-82t,produto,pneu-continental-17570r13-powercontact-2-82t,src/data (TIRES) via getIndexableTireSlugs(),true,https://www.carpluspneuseoficina.com.br/pneu/pneu-continental-17570r13-powercontact-2-82t,sitemap-produtos.xml,0.7,weekly,40
/pneu/pneu-continental-17570r13-altimax-one-82t,produto,pneu-continental-17570r13-altimax-one-82t,src/data (TIRES) via getIndexableTireSlugs(),true,https://www.carpluspneuseoficina.com.br/pneu/pneu-continental-17570r13-altimax-one-82t,sitemap-produtos.xml,0.7,weekly,40
/pneu/pneu-continental-17580r14-contiecocontact-3-88h,produto,pneu-continental-17580r14-contiecocontact-3-88h,src/data (TIRES) via getIndexableTireSlugs(),true,https://www.carpluspneuseoficina.com.br/pneu/pneu-continental-17580r14-contiecocontact-3-88h,sitemap-produtos.xml,0.7,weekly,40
/pneu/pneu-continental-17570r14c-vancocontact-2-6pr-9593t,produto,pneu-continental-17570r14c-vancocontact-2-6pr-9593t,src/data (TIRES) via getIndexableTireSlugs(),true,https://www.carpluspneuseoficina.com.br/pneu/pneu-continental-17570r14c-vancocontact-2-6pr-9593t,sitemap-produtos.xml,0.7,weekly,40
/pneu/pneu-continental-17565r14c-contivancontact-100-6pr-9088t,produto,pneu-continental-17565r14c-contivancontact-100-6pr-9088t,src/data (TIRES) via getIndexableTireSlugs(),true,https://www.carpluspneuseoficina.com.br/pneu/pneu-continental-17565r14c-contivancontact-100-6pr-9088t,sitemap-produtos.xml,0.7,weekly,40
/pneu/pneu-continental-19575r14c-vanco-2-8pr-106104q,produto,pneu-continental-19575r14c-vanco-2-8pr-106104q,src/data (TIRES) via getIndexableTireSlugs(),true,https://www.carpluspneuseoficina.com.br/pneu/pneu-continental-19575r14c-vanco-2-8pr-106104q,sitemap-produtos.xml,0.7,weekly,40
/pneu/pneu-continental-16570r14c-contivancontact-100-6pr-8987r,produto,pneu-continental-16570r14c-contivancontact-100-6pr-8987r,src/data (TIRES) via getIndexableTireSlugs(),true,https://www.carpluspneuseoficina.com.br/pneu/pneu-continental-16570r14c-contivancontact-100-6pr-8987r,sitemap-produtos.xml,0.7,weekly,40
/pneu/pneu-continental-17565r14-powercontact-2-82t,produto,pneu-continental-17565r14-powercontact-2-82t,src/data (TIRES) via getIndexableTireSlugs(),true,https://www.carpluspneuseoficina.com.br/pneu/pneu-continental-17565r14-powercontact-2-82t,sitemap-produtos.xml,0.7,weekly,40
/pneu/pneu-continental-17570r14-powercontact-2-84t,produto,pneu-continental-17570r14-powercontact-2-84t,src/data (TIRES) via getIndexableTireSlugs(),true,https://www.carpluspneuseoficina.com.br/pneu/pneu-continental-17570r14-powercontact-2-84t,sitemap-produtos.xml,0.7,weekly,40
/pneu/pneu-continental-18560r14-powercontact-2-82h,produto,pneu-continental-18560r14-powercontact-2-82h,src/data (TIRES) via getIndexableTireSlugs(),true,https://www.carpluspneuseoficina.com.br/pneu/pneu-continental-18560r14-powercontact-2-82h,sitemap-produtos.xml,0.7,weekly,40
/pneu/pneu-continental-18565r14-powercontact-2-86t,produto,pneu-continental-18565r14-powercontact-2-86t,src/data (TIRES) via getIndexableTireSlugs(),true,https://www.carpluspneuseoficina.com.br/pneu/pneu-continental-18565r14-powercontact-2-86t,sitemap-produtos.xml,0.7,weekly,40
/pneu/pneu-continental-18570r14-powercontact-2-88h,produto,pneu-continental-18570r14-powercontact-2-88h,src/data (TIRES) via getIndexableTireSlugs(),true,https://www.carpluspneuseoficina.com.br/pneu/pneu-continental-18570r14-powercontact-2-88h,sitemap-produtos.xml,0.7,weekly,40
/pneu/pneu-continental-17570r14-xl-fr-conticrosscontact-at-88h,produto,pneu-continental-17570r14-xl-fr-conticrosscontact-at-88h,src/data (TIRES) via getIndexableTireSlugs(),true,https://www.carpluspneuseoficina.com.br/pneu/pneu-continental-17570r14-xl-fr-conticrosscontact-at-88h,sitemap-produtos.xml,0.7,weekly,40
/pneu/pneu-continental-16570r14-xl-ecocontact-6-85t,produto,pneu-continental-16570r14-xl-ecocontact-6-85t,src/data (TIRES) via getIndexableTireSlugs(),true,https://www.carpluspneuseoficina.com.br/pneu/pneu-continental-16570r14-xl-ecocontact-6-85t,sitemap-produtos.xml,0.7,weekly,40
/pneu/pneu-continental-18565r14-ultracontact-86h,produto,pneu-continental-18565r14-ultracontact-86h,src/data (TIRES) via getIndexableTireSlugs(),true,https://www.carpluspneuseoficina.com.br/pneu/pneu-continental-18565r14-ultracontact-86h,sitemap-produtos.xml,0.7,weekly,40
/pneu/pneu-continental-17565r14-ultracontact-82h,produto,pneu-continental-17565r14-ultracontact-82h,src/data (TIRES) via getIndexableTireSlugs(),true,https://www.carpluspneuseoficina.com.br/pneu/pneu-continental-17565r14-ultracontact-82h,sitemap-produtos.xml,0.7,weekly,40
/pneu/pneu-continental-18560r14-ultracontact-82h,produto,pneu-continental-18560r14-ultracontact-82h,src/data (TIRES) via getIndexableTireSlugs(),true,https://www.carpluspneuseoficina.com.br/pneu/pneu-continental-18560r14-ultracontact-82h,sitemap-produtos.xml,0.7,weekly,40
/pneu/pneu-continental-18570r14-ultracontact-88h,produto,pneu-continental-18570r14-ultracontact-88h,src/data (TIRES) via getIndexableTireSlugs(),true,https://www.carpluspneuseoficina.com.br/pneu/pneu-continental-18570r14-ultracontact-88h,sitemap-produtos.xml,0.7,weekly,40
/pneu/pneu-continental-17570r14-ultracontact-84t,produto,pneu-continental-17570r14-ultracontact-84t,src/data (TIRES) via getIndexableTireSlugs(),true,https://www.carpluspneuseoficina.com.br/pneu/pneu-continental-17570r14-ultracontact-84t,sitemap-produtos.xml,0.7,weekly,40
/pneu/pneu-continental-195r14c-vancontact-ultra-8pr-106104q,produto,pneu-continental-195r14c-vancontact-ultra-8pr-106104q,src/data (TIRES) via getIndexableTireSlugs(),true,https://www.carpluspneuseoficina.com.br/pneu/pneu-continental-195r14c-vancontact-ultra-8pr-106104q,sitemap-produtos.xml,0.7,weekly,40
/pneu/pneu-continental-185r14c-eurovan-2-8pr-102100q,produto,pneu-continental-185r14c-eurovan-2-8pr-102100q,src/data (TIRES) via getIndexableTireSlugs(),true,https://www.carpluspneuseoficina.com.br/pneu/pneu-continental-185r14c-eurovan-2-8pr-102100q,sitemap-produtos.xml,0.7,weekly,40
/pneu/pneu-continental-17565r14-altimax-one-82t,produto,pneu-continental-17565r14-altimax-one-82t,src/data (TIRES) via getIndexableTireSlugs(),true,https://www.carpluspneuseoficina.com.br/pneu/pneu-continental-17565r14-altimax-one-82t,sitemap-produtos.xml,0.7,weekly,40
/pneu/pneu-continental-17570r14-xl-altimax-one-88t,produto,pneu-continental-17570r14-xl-altimax-one-88t,src/data (TIRES) via getIndexableTireSlugs(),true,https://www.carpluspneuseoficina.com.br/pneu/pneu-continental-17570r14-xl-altimax-one-88t,sitemap-produtos.xml,0.7,weekly,40
/pneu/pneu-continental-18565r14-altimax-one-86h,produto,pneu-continental-18565r14-altimax-one-86h,src/data (TIRES) via getIndexableTireSlugs(),true,https://www.carpluspneuseoficina.com.br/pneu/pneu-continental-18565r14-altimax-one-86h,sitemap-produtos.xml,0.7,weekly,40
/pneu/pneu-continental-18570r14-altimax-one-88h,produto,pneu-continental-18570r14-altimax-one-88h,src/data (TIRES) via getIndexableTireSlugs(),true,https://www.carpluspneuseoficina.com.br/pneu/pneu-continental-18570r14-altimax-one-88h,sitemap-produtos.xml,0.7,weekly,40
/pneu/pneu-continental-18560r14-altimax-one-82h,produto,pneu-continental-18560r14-altimax-one-82h,src/data (TIRES) via getIndexableTireSlugs(),true,https://www.carpluspneuseoficina.com.br/pneu/pneu-continental-18560r14-altimax-one-82h,sitemap-produtos.xml,0.7,weekly,40
/pneu/pneu-continental-17555r15-fr-contiecocontact-3-77t,produto,pneu-continental-17555r15-fr-contiecocontact-3-77t,src/data (TIRES) via getIndexableTireSlugs(),true,https://www.carpluspneuseoficina.com.br/pneu/pneu-continental-17555r15-fr-contiecocontact-3-77t,sitemap-produtos.xml,0.7,weekly,40
/pneu/pneu-continental-18555r15-contipremiumcontact-5-82v,produto,pneu-continental-18555r15-contipremiumcontact-5-82v,src/data (TIRES) via getIndexableTireSlugs(),true,https://www.carpluspneuseoficina.com.br/pneu/pneu-continental-18555r15-contipremiumcontact-5-82v,sitemap-produtos.xml,0.7,weekly,40
/pneu/pneu-continental-18565r15-xl-contipowercontact-92t,produto,pneu-continental-18565r15-xl-contipowercontact-92t,src/data (TIRES) via getIndexableTireSlugs(),true,https://www.carpluspneuseoficina.com.br/pneu/pneu-continental-18565r15-xl-contipowercontact-92t,sitemap-produtos.xml,0.7,weekly,40
/pneu/pneu-continental-15560r15-fr-contiecocontact-3-74t,produto,pneu-continental-15560r15-fr-contiecocontact-3-74t,src/data (TIRES) via getIndexableTireSlugs(),true,https://www.carpluspneuseoficina.com.br/pneu/pneu-continental-15560r15-fr-contiecocontact-3-74t,sitemap-produtos.xml,0.7,weekly,40
/pneu/pneu-continental-19565r15-premiumcontact-6-91h,produto,pneu-continental-19565r15-premiumcontact-6-91h,src/data (TIRES) via getIndexableTireSlugs(),true,https://www.carpluspneuseoficina.com.br/pneu/pneu-continental-19565r15-premiumcontact-6-91h,sitemap-produtos.xml,0.7,weekly,40
/pneu/pneu-continental-22570r15c-vancontact-ap-8pr-112110r,produto,pneu-continental-22570r15c-vancontact-ap-8pr-112110r,src/data (TIRES) via getIndexableTireSlugs(),true,https://www.carpluspneuseoficina.com.br/pneu/pneu-continental-22570r15c-vancontact-ap-8pr-112110r,sitemap-produtos.xml,0.7,weekly,40
/pneu/pneu-continental-19570r15c-vancontact-ap-8pr-104102r,produto,pneu-continental-19570r15c-vancontact-ap-8pr-104102r,src/data (TIRES) via getIndexableTireSlugs(),true,https://www.carpluspneuseoficina.com.br/pneu/pneu-continental-19570r15c-vancontact-ap-8pr-104102r,sitemap-produtos.xml,0.7,weekly,40
/pneu/pneu-continental-20570r15c-vancontact-ap-8pr-106104r,produto,pneu-continental-20570r15c-vancontact-ap-8pr-106104r,src/data (TIRES) via getIndexableTireSlugs(),true,https://www.carpluspneuseoficina.com.br/pneu/pneu-continental-20570r15c-vancontact-ap-8pr-106104r,sitemap-produtos.xml,0.7,weekly,40
/pneu/pneu-continental-21570r15c-contivancontact-100-8pr-109107s,produto,pneu-continental-21570r15c-contivancontact-100-8pr-109107s,src/data (TIRES) via getIndexableTireSlugs(),true,https://www.carpluspneuseoficina.com.br/pneu/pneu-continental-21570r15c-contivancontact-100-8pr-109107s,sitemap-produtos.xml,0.7,weekly,40
/pneu/pneu-continental-23575r15-xl-fr-conticrosscontact-lx-2-109t,produto,pneu-continental-23575r15-xl-fr-conticrosscontact-lx-2-109t,src/data (TIRES) via getIndexableTireSlugs(),true,https://www.carpluspneuseoficina.com.br/pneu/pneu-continental-23575r15-xl-fr-conticrosscontact-lx-2-109t,sitemap-produtos.xml,0.7,weekly,40
/pneu/pneu-continental-20570r15-fr-conticrosscontact-at-96t,produto,pneu-continental-20570r15-fr-conticrosscontact-at-96t,src/data (TIRES) via getIndexableTireSlugs(),true,https://www.carpluspneuseoficina.com.br/pneu/pneu-continental-20570r15-fr-conticrosscontact-at-96t,sitemap-produtos.xml,0.7,weekly,40
/pneu/pneu-continental-17565r15-powercontact-2-84h,produto,pneu-continental-17565r15-powercontact-2-84h,src/data (TIRES) via getIndexableTireSlugs(),true,https://www.carpluspneuseoficina.com.br/pneu/pneu-continental-17565r15-powercontact-2-84h,sitemap-produtos.xml,0.7,weekly,40
/pneu/pneu-continental-18560r15-powercontact-2-84h,produto,pneu-continental-18560r15-powercontact-2-84h,src/data (TIRES) via getIndexableTireSlugs(),true,https://www.carpluspneuseoficina.com.br/pneu/pneu-continental-18560r15-powercontact-2-84h,sitemap-produtos.xml,0.7,weekly,40
/pneu/pneu-continental-19555r15-fr-powercontact-2-85h,produto,pneu-continental-19555r15-fr-powercontact-2-85h,src/data (TIRES) via getIndexableTireSlugs(),true,https://www.carpluspneuseoficina.com.br/pneu/pneu-continental-19555r15-fr-powercontact-2-85h,sitemap-produtos.xml,0.7,weekly,40
/pneu/pneu-continental-19560r15-powercontact-2-88h,produto,pneu-continental-19560r15-powercontact-2-88h,src/data (TIRES) via getIndexableTireSlugs(),true,https://www.carpluspneuseoficina.com.br/pneu/pneu-continental-19560r15-powercontact-2-88h,sitemap-produtos.xml,0.7,weekly,40
/pneu/pneu-continental-20565r15-powercontact-2-94t,produto,pneu-continental-20565r15-powercontact-2-94t,src/data (TIRES) via getIndexableTireSlugs(),true,https://www.carpluspneuseoficina.com.br/pneu/pneu-continental-20565r15-powercontact-2-94t,sitemap-produtos.xml,0.7,weekly,40
/pneu/pneu-continental-20565r15-fr-conticrosscontact-at-94h,produto,pneu-continental-20565r15-fr-conticrosscontact-at-94h,src/data (TIRES) via getIndexableTireSlugs(),true,https://www.carpluspneuseoficina.com.br/pneu/pneu-continental-20565r15-fr-conticrosscontact-at-94h,sitemap-produtos.xml,0.7,weekly,40
/pneu/pneu-continental-20560r15-fr-conticrosscontact-at-91h,produto,pneu-continental-20560r15-fr-conticrosscontact-at-91h,src/data (TIRES) via getIndexableTireSlugs(),true,https://www.carpluspneuseoficina.com.br/pneu/pneu-continental-20560r15-fr-conticrosscontact-at-91h,sitemap-produtos.xml,0.7,weekly,40
/pneu/pneu-continental-19565r15-powercontact-2-91h,produto,pneu-continental-19565r15-powercontact-2-91h,src/data (TIRES) via getIndexableTireSlugs(),true,https://www.carpluspneuseoficina.com.br/pneu/pneu-continental-19565r15-powercontact-2-91h,sitemap-produtos.xml,0.7,weekly,40
/pneu/pneu-continental-t13580r15-scontact-100m,produto,pneu-continental-t13580r15-scontact-100m,src/data (TIRES) via getIndexableTireSlugs(),true,https://www.carpluspneuseoficina.com.br/pneu/pneu-continental-t13580r15-scontact-100m,sitemap-produtos.xml,0.7,weekly,40
/pneu/pneu-continental-18560r15-xl-ecocontact-6-88h,produto,pneu-continental-18560r15-xl-ecocontact-6-88h,src/data (TIRES) via getIndexableTireSlugs(),true,https://www.carpluspneuseoficina.com.br/pneu/pneu-continental-18560r15-xl-ecocontact-6-88h,sitemap-produtos.xml,0.7,weekly,40
/pneu/pneu-continental-19555r15-fr-ultracontact-85h,produto,pneu-continental-19555r15-fr-ultracontact-85h,src/data (TIRES) via getIndexableTireSlugs(),true,https://www.carpluspneuseoficina.com.br/pneu/pneu-continental-19555r15-fr-ultracontact-85h,sitemap-produtos.xml,0.7,weekly,40
/pneu/pneu-continental-19560r15-ultracontact-88h,produto,pneu-continental-19560r15-ultracontact-88h,src/data (TIRES) via getIndexableTireSlugs(),true,https://www.carpluspneuseoficina.com.br/pneu/pneu-continental-19560r15-ultracontact-88h,sitemap-produtos.xml,0.7,weekly,40
/pneu/pneu-continental-20565r15-ultracontact-94h,produto,pneu-continental-20565r15-ultracontact-94h,src/data (TIRES) via getIndexableTireSlugs(),true,https://www.carpluspneuseoficina.com.br/pneu/pneu-continental-20565r15-ultracontact-94h,sitemap-produtos.xml,0.7,weekly,40
/pneu/pneu-continental-17565r15-ultracontact-84h,produto,pneu-continental-17565r15-ultracontact-84h,src/data (TIRES) via getIndexableTireSlugs(),true,https://www.carpluspneuseoficina.com.br/pneu/pneu-continental-17565r15-ultracontact-84h,sitemap-produtos.xml,0.7,weekly,40
/pneu/pneu-continental-19565r15-ultracontact-91h,produto,pneu-continental-19565r15-ultracontact-91h,src/data (TIRES) via getIndexableTireSlugs(),true,https://www.carpluspneuseoficina.com.br/pneu/pneu-continental-19565r15-ultracontact-91h,sitemap-produtos.xml,0.7,weekly,40
/pneu/pneu-continental-18565r15-ultracontact-88h,produto,pneu-continental-18565r15-ultracontact-88h,src/data (TIRES) via getIndexableTireSlugs(),true,https://www.carpluspneuseoficina.com.br/pneu/pneu-continental-18565r15-ultracontact-88h,sitemap-produtos.xml,0.7,weekly,40
/pneu/pneu-continental-18560r15-ultracontact-84h,produto,pneu-continental-18560r15-ultracontact-84h,src/data (TIRES) via getIndexableTireSlugs(),true,https://www.carpluspneuseoficina.com.br/pneu/pneu-continental-18560r15-ultracontact-84h,sitemap-produtos.xml,0.7,weekly,40
/pneu/pneu-continental-22560r15-ecocontact-6-96w,produto,pneu-continental-22560r15-ecocontact-6-96w,src/data (TIRES) via getIndexableTireSlugs(),true,https://www.carpluspneuseoficina.com.br/pneu/pneu-continental-22560r15-ecocontact-6-96w,sitemap-produtos.xml,0.7,weekly,40
/pneu/pneu-continental-18565r15-contipremiumcontact-5-88h,produto,pneu-continental-18565r15-contipremiumcontact-5-88h,src/data (TIRES) via getIndexableTireSlugs(),true,https://www.carpluspneuseoficina.com.br/pneu/pneu-continental-18565r15-contipremiumcontact-5-88h,sitemap-produtos.xml,0.7,weekly,40
/pneu/pneu-continental-20560r15-contipremiumcontact-2-91v,produto,pneu-continental-20560r15-contipremiumcontact-2-91v,src/data (TIRES) via getIndexableTireSlugs(),true,https://www.carpluspneuseoficina.com.br/pneu/pneu-continental-20560r15-contipremiumcontact-2-91v,sitemap-produtos.xml,0.7,weekly,40
/pneu/pneu-continental-18565r15-powercontact-2-88h,produto,pneu-continental-18565r15-powercontact-2-88h,src/data (TIRES) via getIndexableTireSlugs(),true,https://www.carpluspneuseoficina.com.br/pneu/pneu-continental-18565r15-powercontact-2-88h,sitemap-produtos.xml,0.7,weekly,40
/pneu/pneu-continental-21575r15-fr-grabber-atx-rwl-100t,produto,pneu-continental-21575r15-fr-grabber-atx-rwl-100t,src/data (TIRES) via getIndexableTireSlugs(),true,https://www.carpluspneuseoficina.com.br/pneu/pneu-continental-21575r15-fr-grabber-atx-rwl-100t,sitemap-produtos.xml,0.7,weekly,40
/pneu/pneu-continental-31x1050r15lt-lrc-fr-grabber-atx-rwl-6pr-109s,produto,pneu-continental-31x1050r15lt-lrc-fr-grabber-atx-rwl-6pr-109s,src/data (TIRES) via getIndexableTireSlugs(),true,https://www.carpluspneuseoficina.com.br/pneu/pneu-continental-31x1050r15lt-lrc-fr-grabber-atx-rwl-6pr-109s,sitemap-produtos.xml,0.7,weekly,40
/pneu/pneu-continental-22575r15-fr-grabber-at3-102t,produto,pneu-continental-22575r15-fr-grabber-at3-102t,src/data (TIRES) via getIndexableTireSlugs(),true,https://www.carpluspneuseoficina.com.br/pneu/pneu-continental-22575r15-fr-grabber-at3-102t,sitemap-produtos.xml,0.7,weekly,40
/pneu/pneu-continental-lt23575r15-lrc-fr-grabber-atx-rwl-6pr-104101s,produto,pneu-continental-lt23575r15-lrc-fr-grabber-atx-rwl-6pr-104101s,src/data (TIRES) via getIndexableTireSlugs(),true,https://www.carpluspneuseoficina.com.br/pneu/pneu-continental-lt23575r15-lrc-fr-grabber-atx-rwl-6pr-104101s,sitemap-produtos.xml,0.7,weekly,40
/pneu/pneu-continental-26570r15-fr-grabber-atx-rwl-112t,produto,pneu-continental-26570r15-fr-grabber-atx-rwl-112t,src/data (TIRES) via getIndexableTireSlugs(),true,https://www.carpluspneuseoficina.com.br/pneu/pneu-continental-26570r15-fr-grabber-atx-rwl-112t,sitemap-produtos.xml,0.7,weekly,40
/pneu/pneu-continental-22570r15-fr-grabber-atx-rwl-100t,produto,pneu-continental-22570r15-fr-grabber-atx-rwl-100t,src/data (TIRES) via getIndexableTireSlugs(),true,https://www.carpluspneuseoficina.com.br/pneu/pneu-continental-22570r15-fr-grabber-atx-rwl-100t,sitemap-produtos.xml,0.7,weekly,40
/pneu/pneu-continental-20575r15-fr-grabber-atx-rwl-97t,produto,pneu-continental-20575r15-fr-grabber-atx-rwl-97t,src/data (TIRES) via getIndexableTireSlugs(),true,https://www.carpluspneuseoficina.com.br/pneu/pneu-continental-20575r15-fr-grabber-atx-rwl-97t,sitemap-produtos.xml,0.7,weekly,40
/pneu/pneu-continental-23575r15-xl-fr-grabber-atx-109t,produto,pneu-continental-23575r15-xl-fr-grabber-atx-109t,src/data (TIRES) via getIndexableTireSlugs(),true,https://www.carpluspneuseoficina.com.br/pneu/pneu-continental-23575r15-xl-fr-grabber-atx-109t,sitemap-produtos.xml,0.7,weekly,40
/pneu/pneu-continental-30x950r15lt-lrc-fr-grabber-x3-6pr-104q,produto,pneu-continental-30x950r15lt-lrc-fr-grabber-x3-6pr-104q,src/data (TIRES) via getIndexableTireSlugs(),true,https://www.carpluspneuseoficina.com.br/pneu/pneu-continental-30x950r15lt-lrc-fr-grabber-x3-6pr-104q,sitemap-produtos.xml,0.7,weekly,40
/pneu/pneu-continental-17565r15-altimax-one-84h,produto,pneu-continental-17565r15-altimax-one-84h,src/data (TIRES) via getIndexableTireSlugs(),true,https://www.carpluspneuseoficina.com.br/pneu/pneu-continental-17565r15-altimax-one-84h,sitemap-produtos.xml,0.7,weekly,40
/pneu/pneu-continental-18560r15-xl-altimax-one-88h,produto,pneu-continental-18560r15-xl-altimax-one-88h,src/data (TIRES) via getIndexableTireSlugs(),true,https://www.carpluspneuseoficina.com.br/pneu/pneu-continental-18560r15-xl-altimax-one-88h,sitemap-produtos.xml,0.7,weekly,40
/pneu/pneu-continental-18565r15-altimax-one-88h,produto,pneu-continental-18565r15-altimax-one-88h,src/data (TIRES) via getIndexableTireSlugs(),true,https://www.carpluspneuseoficina.com.br/pneu/pneu-continental-18565r15-altimax-one-88h,sitemap-produtos.xml,0.7,weekly,40
/pneu/pneu-continental-19555r15-fr-altimax-one-s-85v,produto,pneu-continental-19555r15-fr-altimax-one-s-85v,src/data (TIRES) via getIndexableTireSlugs(),true,https://www.carpluspneuseoficina.com.br/pneu/pneu-continental-19555r15-fr-altimax-one-s-85v,sitemap-produtos.xml,0.7,weekly,40
/pneu/pneu-continental-19560r15-altimax-one-88h,produto,pneu-continental-19560r15-altimax-one-88h,src/data (TIRES) via getIndexableTireSlugs(),true,https://www.carpluspneuseoficina.com.br/pneu/pneu-continental-19560r15-altimax-one-88h,sitemap-produtos.xml,0.7,weekly,40
/pneu/pneu-continental-19565r15-altimax-one-91h,produto,pneu-continental-19565r15-altimax-one-91h,src/data (TIRES) via getIndexableTireSlugs(),true,https://www.carpluspneuseoficina.com.br/pneu/pneu-continental-19565r15-altimax-one-91h,sitemap-produtos.xml,0.7,weekly,40
/pneu/pneu-continental-20560r15-altimax-one-s-91h,produto,pneu-continental-20560r15-altimax-one-s-91h,src/data (TIRES) via getIndexableTireSlugs(),true,https://www.carpluspneuseoficina.com.br/pneu/pneu-continental-20560r15-altimax-one-s-91h,sitemap-produtos.xml,0.7,weekly,40
/pneu/pneu-continental-19550r15-fr-altimax-one-s-82v,produto,pneu-continental-19550r15-fr-altimax-one-s-82v,src/data (TIRES) via getIndexableTireSlugs(),true,https://www.carpluspneuseoficina.com.br/pneu/pneu-continental-19550r15-fr-altimax-one-s-82v,sitemap-produtos.xml,0.7,weekly,40
/pneu/pneu-continental-20565r15-altimax-one-s-94t,produto,pneu-continental-20565r15-altimax-one-s-94t,src/data (TIRES) via getIndexableTireSlugs(),true,https://www.carpluspneuseoficina.com.br/pneu/pneu-continental-20565r15-altimax-one-s-94t,sitemap-produtos.xml,0.7,weekly,40
/pneu/pneu-continental-18555r15-altimax-one-s-82v,produto,pneu-continental-18555r15-altimax-one-s-82v,src/data (TIRES) via getIndexableTireSlugs(),true,https://www.carpluspneuseoficina.com.br/pneu/pneu-continental-18555r15-altimax-one-s-82v,sitemap-produtos.xml,0.7,weekly,40
/pneu/pneu-continental-22570r15c-eurovan-2-8pr-112110r,produto,pneu-continental-22570r15c-eurovan-2-8pr-112110r,src/data (TIRES) via getIndexableTireSlugs(),true,https://www.carpluspneuseoficina.com.br/pneu/pneu-continental-22570r15c-eurovan-2-8pr-112110r,sitemap-produtos.xml,0.7,weekly,40
/pneu/pneu-continental-19570r15c-eurovan-2-8pr-104102r,produto,pneu-continental-19570r15c-eurovan-2-8pr-104102r,src/data (TIRES) via getIndexableTireSlugs(),true,https://www.carpluspneuseoficina.com.br/pneu/pneu-continental-19570r15c-eurovan-2-8pr-104102r,sitemap-produtos.xml,0.7,weekly,40
/pneu/pneu-continental-20570r15c-eurovan-2-8pr-106104r,produto,pneu-continental-20570r15c-eurovan-2-8pr-106104r,src/data (TIRES) via getIndexableTireSlugs(),true,https://www.carpluspneuseoficina.com.br/pneu/pneu-continental-20570r15c-eurovan-2-8pr-106104r,sitemap-produtos.xml,0.7,weekly,40
/pneu/pneu-continental-19555r16-xl-contiecocontact-5-91h,produto,pneu-continental-19555r16-xl-contiecocontact-5-91h,src/data (TIRES) via getIndexableTireSlugs(),true,https://www.carpluspneuseoficina.com.br/pneu/pneu-continental-19555r16-xl-contiecocontact-5-91h,sitemap-produtos.xml,0.7,weekly,40
/pneu/pneu-continental-24570r16-xl-conticrosscontact-lx-2-111t,produto,pneu-continental-24570r16-xl-conticrosscontact-lx-2-111t,src/data (TIRES) via getIndexableTireSlugs(),true,https://www.carpluspneuseoficina.com.br/pneu/pneu-continental-24570r16-xl-conticrosscontact-lx-2-111t,sitemap-produtos.xml,0.7,weekly,40
/pneu/pneu-continental-26570r16-fr-crosscontact-atr-112h,produto,pneu-continental-26570r16-fr-crosscontact-atr-112h,src/data (TIRES) via getIndexableTireSlugs(),true,https://www.carpluspneuseoficina.com.br/pneu/pneu-continental-26570r16-fr-crosscontact-atr-112h,sitemap-produtos.xml,0.7,weekly,40
/pneu/pneu-continental-21570r16-crosscontact-lx-sport-100h,produto,pneu-continental-21570r16-crosscontact-lx-sport-100h,src/data (TIRES) via getIndexableTireSlugs(),true,https://www.carpluspneuseoficina.com.br/pneu/pneu-continental-21570r16-crosscontact-lx-sport-100h,sitemap-produtos.xml,0.7,weekly,40
/pneu/pneu-continental-20555r16-contiecocontact-5-mo-91v,produto,pneu-continental-20555r16-contiecocontact-5-mo-91v,src/data (TIRES) via getIndexableTireSlugs(),true,https://www.carpluspneuseoficina.com.br/pneu/pneu-continental-20555r16-contiecocontact-5-mo-91v,sitemap-produtos.xml,0.7,weekly,40
/pneu/pneu-continental-21545r16-xl-fr-contipremiumcontact-2-ao-90v,produto,pneu-continental-21545r16-xl-fr-contipremiumcontact-2-ao-90v,src/data (TIRES) via getIndexableTireSlugs(),true,https://www.carpluspneuseoficina.com.br/pneu/pneu-continental-21545r16-xl-fr-contipremiumcontact-2-ao-90v,sitemap-produtos.xml,0.7,weekly,40
/pneu/pneu-continental-22550r16-fr-premiumcontact-6-92y,produto,pneu-continental-22550r16-fr-premiumcontact-6-92y,src/data (TIRES) via getIndexableTireSlugs(),true,https://www.carpluspneuseoficina.com.br/pneu/pneu-continental-22550r16-fr-premiumcontact-6-92y,sitemap-produtos.xml,0.7,weekly,40
/pneu/pneu-continental-19555r16-fr-contipowercontact-87v,produto,pneu-continental-19555r16-fr-contipowercontact-87v,src/data (TIRES) via getIndexableTireSlugs(),true,https://www.carpluspneuseoficina.com.br/pneu/pneu-continental-19555r16-fr-contipowercontact-87v,sitemap-produtos.xml,0.7,weekly,40
/pneu/pneu-continental-20555r16-premiumcontact-6-91v,produto,pneu-continental-20555r16-premiumcontact-6-91v,src/data (TIRES) via getIndexableTireSlugs(),true,https://www.carpluspneuseoficina.com.br/pneu/pneu-continental-20555r16-premiumcontact-6-91v,sitemap-produtos.xml,0.7,weekly,40
/pneu/pneu-continental-20565r16c-contivancontact-100-6pr-103101h,produto,pneu-continental-20565r16c-contivancontact-100-6pr-103101h,src/data (TIRES) via getIndexableTireSlugs(),true,https://www.carpluspneuseoficina.com.br/pneu/pneu-continental-20565r16c-contivancontact-100-6pr-103101h,sitemap-produtos.xml,0.7,weekly,40
/pneu/pneu-continental-21565r16c-contivancontact-100-6pr-106104t,produto,pneu-continental-21565r16c-contivancontact-100-6pr-106104t,src/data (TIRES) via getIndexableTireSlugs(),true,https://www.carpluspneuseoficina.com.br/pneu/pneu-continental-21565r16c-contivancontact-100-6pr-106104t,sitemap-produtos.xml,0.7,weekly,40
/pneu/pneu-continental-20575r16c-vancontact-ap-8pr-110108r,produto,pneu-continental-20575r16c-vancontact-ap-8pr-110108r,src/data (TIRES) via getIndexableTireSlugs(),true,https://www.carpluspneuseoficina.com.br/pneu/pneu-continental-20575r16c-vancontact-ap-8pr-110108r,sitemap-produtos.xml,0.7,weekly,40
/pneu/pneu-continental-22575r16c-vancontact-ap-10pr-118116r,produto,pneu-continental-22575r16c-vancontact-ap-10pr-118116r,src/data (TIRES) via getIndexableTireSlugs(),true,https://www.carpluspneuseoficina.com.br/pneu/pneu-continental-22575r16c-vancontact-ap-10pr-118116r,sitemap-produtos.xml,0.7,weekly,40
/pneu/pneu-continental-19575r16c-vancontact-ap-8pr-107105r,produto,pneu-continental-19575r16c-vancontact-ap-8pr-107105r,src/data (TIRES) via getIndexableTireSlugs(),true,https://www.carpluspneuseoficina.com.br/pneu/pneu-continental-19575r16c-vancontact-ap-8pr-107105r,sitemap-produtos.xml,0.7,weekly,40
/pneu/pneu-continental-21565r16-conticrosscontact-at-98t,produto,pneu-continental-21565r16-conticrosscontact-at-98t,src/data (TIRES) via getIndexableTireSlugs(),true,https://www.carpluspneuseoficina.com.br/pneu/pneu-continental-21565r16-conticrosscontact-at-98t,sitemap-produtos.xml,0.7,weekly,40
/pneu/pneu-continental-19545r16-contiprocontact-84h-xl-fr,produto,pneu-continental-19545r16-contiprocontact-84h-xl-fr,src/data (TIRES) via getIndexableTireSlugs(),true,https://www.carpluspneuseoficina.com.br/pneu/pneu-continental-19545r16-contiprocontact-84h-xl-fr,sitemap-produtos.xml,0.7,weekly,40
/pneu/pneu-continental-22570r16-conticrosscontact-lx-2-103h-fr,produto,pneu-continental-22570r16-conticrosscontact-lx-2-103h-fr,src/data (TIRES) via getIndexableTireSlugs(),true,https://www.carpluspneuseoficina.com.br/pneu/pneu-continental-22570r16-conticrosscontact-lx-2-103h-fr,sitemap-produtos.xml,0.7,weekly,40
/pneu/pneu-continental-24570r16-conticrosscontact-lx-111t-xl,produto,pneu-continental-24570r16-conticrosscontact-lx-111t-xl,src/data (TIRES) via getIndexableTireSlugs(),true,https://www.carpluspneuseoficina.com.br/pneu/pneu-continental-24570r16-conticrosscontact-lx-111t-xl,sitemap-produtos.xml,0.7,weekly,40
/pneu/pneu-continental-20560r16-conticrosscontact-at-92h-fr,produto,pneu-continental-20560r16-conticrosscontact-at-92h-fr,src/data (TIRES) via getIndexableTireSlugs(),true,https://www.carpluspneuseoficina.com.br/pneu/pneu-continental-20560r16-conticrosscontact-at-92h-fr,sitemap-produtos.xml,0.7,weekly,40
/pneu/pneu-continental-19555r16-powercontact-2-87h-fr,produto,pneu-continental-19555r16-powercontact-2-87h-fr,src/data (TIRES) via getIndexableTireSlugs(),true,https://www.carpluspneuseoficina.com.br/pneu/pneu-continental-19555r16-powercontact-2-87h-fr,sitemap-produtos.xml,0.7,weekly,40
/pneu/pneu-continental-19560r16-conticrosscontact-lx-89h,produto,pneu-continental-19560r16-conticrosscontact-lx-89h,src/data (TIRES) via getIndexableTireSlugs(),true,https://www.carpluspneuseoficina.com.br/pneu/pneu-continental-19560r16-conticrosscontact-lx-89h,sitemap-produtos.xml,0.7,weekly,40
/pneu/pneu-continental-23570r16-crosscontact-atr-106t-fr,produto,pneu-continental-23570r16-crosscontact-atr-106t-fr,src/data (TIRES) via getIndexableTireSlugs(),true,https://www.carpluspneuseoficina.com.br/pneu/pneu-continental-23570r16-crosscontact-atr-106t-fr,sitemap-produtos.xml,0.7,weekly,40
/pneu/pneu-continental-18555r16-powercontact-2-83v-fr,produto,pneu-continental-18555r16-powercontact-2-83v-fr,src/data (TIRES) via getIndexableTireSlugs(),true,https://www.carpluspneuseoficina.com.br/pneu/pneu-continental-18555r16-powercontact-2-83v-fr,sitemap-produtos.xml,0.7,weekly,40
/pneu/pneu-continental-19550r16-powercontact-2-84h-fr,produto,pneu-continental-19550r16-powercontact-2-84h-fr,src/data (TIRES) via getIndexableTireSlugs(),true,https://www.carpluspneuseoficina.com.br/pneu/pneu-continental-19550r16-powercontact-2-84h-fr,sitemap-produtos.xml,0.7,weekly,40
/pneu/pneu-continental-20555r16-powercontact-2-91v-fr,produto,pneu-continental-20555r16-powercontact-2-91v-fr,src/data (TIRES) via getIndexableTireSlugs(),true,https://www.carpluspneuseoficina.com.br/pneu/pneu-continental-20555r16-powercontact-2-91v-fr,sitemap-produtos.xml,0.7,weekly,40
/pneu/pneu-continental-20560r16-powercontact-2-92h,produto,pneu-continental-20560r16-powercontact-2-92h,src/data (TIRES) via getIndexableTireSlugs(),true,https://www.carpluspneuseoficina.com.br/pneu/pneu-continental-20560r16-powercontact-2-92h,sitemap-produtos.xml,0.7,weekly,40
/pneu/pneu-continental-t12580r16-scontact-97m,produto,pneu-continental-t12580r16-scontact-97m,src/data (TIRES) via getIndexableTireSlugs(),true,https://www.carpluspneuseoficina.com.br/pneu/pneu-continental-t12580r16-scontact-97m,sitemap-produtos.xml,0.7,weekly,40
/pneu/pneu-continental-t14590r16-scontact-106m,produto,pneu-continental-t14590r16-scontact-106m,src/data (TIRES) via getIndexableTireSlugs(),true,https://www.carpluspneuseoficina.com.br/pneu/pneu-continental-t14590r16-scontact-106m,sitemap-produtos.xml,0.7,weekly,40
/pneu/pneu-continental-21565r16-conticrosscontact-lx-2-102h-xl-fr,produto,pneu-continental-21565r16-conticrosscontact-lx-2-102h-xl-fr,src/data (TIRES) via getIndexableTireSlugs(),true,https://www.carpluspneuseoficina.com.br/pneu/pneu-continental-21565r16-conticrosscontact-lx-2-102h-xl-fr,sitemap-produtos.xml,0.7,weekly,40
/pneu/pneu-continental-t12590r16-scontact-98m,produto,pneu-continental-t12590r16-scontact-98m,src/data (TIRES) via getIndexableTireSlugs(),true,https://www.carpluspneuseoficina.com.br/pneu/pneu-continental-t12590r16-scontact-98m,sitemap-produtos.xml,0.7,weekly,40
/pneu/pneu-continental-20560r16-contipremiumcontact-5-96v-xl-ssr,produto,pneu-continental-20560r16-contipremiumcontact-5-96v-xl-ssr,src/data (TIRES) via getIndexableTireSlugs(),true,https://www.carpluspneuseoficina.com.br/pneu/pneu-continental-20560r16-contipremiumcontact-5-96v-xl-ssr,sitemap-produtos.xml,0.7,weekly,40
/pneu/pneu-continental-21560r16-powercontact-2-95v,produto,pneu-continental-21560r16-powercontact-2-95v,src/data (TIRES) via getIndexableTireSlugs(),true,https://www.carpluspneuseoficina.com.br/pneu/pneu-continental-21560r16-powercontact-2-95v,sitemap-produtos.xml,0.7,weekly,40
/pneu/pneu-continental-21555r16-ecocontact-6-97y-xl,produto,pneu-continental-21555r16-ecocontact-6-97y-xl,src/data (TIRES) via getIndexableTireSlugs(),true,https://www.carpluspneuseoficina.com.br/pneu/pneu-continental-21555r16-ecocontact-6-97y-xl,sitemap-produtos.xml,0.7,weekly,40
/pneu/pneu-continental-20555r16-ultracontact-91v-fr,produto,pneu-continental-20555r16-ultracontact-91v-fr,src/data (TIRES) via getIndexableTireSlugs(),true,https://www.carpluspneuseoficina.com.br/pneu/pneu-continental-20555r16-ultracontact-91v-fr,sitemap-produtos.xml,0.7,weekly,40
/pneu/pneu-continental-19555r16-ultracontact-87v-fr,produto,pneu-continental-19555r16-ultracontact-87v-fr,src/data (TIRES) via getIndexableTireSlugs(),true,https://www.carpluspneuseoficina.com.br/pneu/pneu-continental-19555r16-ultracontact-87v-fr,sitemap-produtos.xml,0.7,weekly,40
/pneu/pneu-continental-22555r16-ecocontact-6-99y-xl,produto,pneu-continental-22555r16-ecocontact-6-99y-xl,src/data (TIRES) via getIndexableTireSlugs(),true,https://www.carpluspneuseoficina.com.br/pneu/pneu-continental-22555r16-ecocontact-6-99y-xl,sitemap-produtos.xml,0.7,weekly,40
/pneu/pneu-continental-22565r16c-vancontact-ap-112110r-8pr,produto,pneu-continental-22565r16c-vancontact-ap-112110r-8pr,src/data (TIRES) via getIndexableTireSlugs(),true,https://www.carpluspneuseoficina.com.br/pneu/pneu-continental-22565r16c-vancontact-ap-112110r-8pr,sitemap-produtos.xml,0.7,weekly,40
/pneu/pneu-continental-20565r16-ecocontact-6-95h,produto,pneu-continental-20565r16-ecocontact-6-95h,src/data (TIRES) via getIndexableTireSlugs(),true,https://www.carpluspneuseoficina.com.br/pneu/pneu-continental-20565r16-ecocontact-6-95h,sitemap-produtos.xml,0.7,weekly,40
/pneu/pneu-continental-20560r16-ecocontact-6-92h-q,produto,pneu-continental-20560r16-ecocontact-6-92h-q,src/data (TIRES) via getIndexableTireSlugs(),true,https://www.carpluspneuseoficina.com.br/pneu/pneu-continental-20560r16-ecocontact-6-92h-q,sitemap-produtos.xml,0.7,weekly,40
/pneu/pneu-continental-20560r16-ultracontact-92h,produto,pneu-continental-20560r16-ultracontact-92h,src/data (TIRES) via getIndexableTireSlugs(),true,https://www.carpluspneuseoficina.com.br/pneu/pneu-continental-20560r16-ultracontact-92h,sitemap-produtos.xml,0.7,weekly,40
/pneu/pneu-continental-25570r16-conticrosscontact-lx-2-111t-fr,produto,pneu-continental-25570r16-conticrosscontact-lx-2-111t-fr,src/data (TIRES) via getIndexableTireSlugs(),true,https://www.carpluspneuseoficina.com.br/pneu/pneu-continental-25570r16-conticrosscontact-lx-2-111t-fr,sitemap-produtos.xml,0.7,weekly,40
/pneu/pneu-continental-19550r16-ultracontact-88v-xl-fr,produto,pneu-continental-19550r16-ultracontact-88v-xl-fr,src/data (TIRES) via getIndexableTireSlugs(),true,https://www.carpluspneuseoficina.com.br/pneu/pneu-continental-19550r16-ultracontact-88v-xl-fr,sitemap-produtos.xml,0.7,weekly,40
/pneu/pneu-continental-18555r16-ultracontact-87v-xl-fr,produto,pneu-continental-18555r16-ultracontact-87v-xl-fr,src/data (TIRES) via getIndexableTireSlugs(),true,https://www.carpluspneuseoficina.com.br/pneu/pneu-continental-18555r16-ultracontact-87v-xl-fr,sitemap-produtos.xml,0.7,weekly,40
/pneu/pneu-continental-19560r16-ultracontact-89h-fr,produto,pneu-continental-19560r16-ultracontact-89h-fr,src/data (TIRES) via getIndexableTireSlugs(),true,https://www.carpluspneuseoficina.com.br/pneu/pneu-continental-19560r16-ultracontact-89h-fr,sitemap-produtos.xml,0.7,weekly,40
/pneu/pneu-continental-20570r16-contipremiumcontact-2-97h,produto,pneu-continental-20570r16-contipremiumcontact-2-97h,src/data (TIRES) via getIndexableTireSlugs(),true,https://www.carpluspneuseoficina.com.br/pneu/pneu-continental-20570r16-contipremiumcontact-2-97h,sitemap-produtos.xml,0.7,weekly,40
/pneu/pneu-continental-20565r16-ultracontact-95h,produto,pneu-continental-20565r16-ultracontact-95h,src/data (TIRES) via getIndexableTireSlugs(),true,https://www.carpluspneuseoficina.com.br/pneu/pneu-continental-20565r16-ultracontact-95h,sitemap-produtos.xml,0.7,weekly,40
/pneu/pneu-continental-23560r16-crosscontact-uhp-100h,produto,pneu-continental-23560r16-crosscontact-uhp-100h,src/data (TIRES) via getIndexableTireSlugs(),true,https://www.carpluspneuseoficina.com.br/pneu/pneu-continental-23560r16-crosscontact-uhp-100h,sitemap-produtos.xml,0.7,weekly,40
/pneu/pneu-continental-19555r16-ecocontact-7-87h-fr,produto,pneu-continental-19555r16-ecocontact-7-87h-fr,src/data (TIRES) via getIndexableTireSlugs(),true,https://www.carpluspneuseoficina.com.br/pneu/pneu-continental-19555r16-ecocontact-7-87h-fr,sitemap-produtos.xml,0.7,weekly,40
/pneu/pneu-continental-26570r16-crosscontact-atr-112h-fr,produto,pneu-continental-26570r16-crosscontact-atr-112h-fr,src/data (TIRES) via getIndexableTireSlugs(),true,https://www.carpluspneuseoficina.com.br/pneu/pneu-continental-26570r16-crosscontact-atr-112h-fr,sitemap-produtos.xml,0.7,weekly,40
/pneu/pneu-continental-p19555r16-contiprocontact-86h,produto,pneu-continental-p19555r16-contiprocontact-86h,src/data (TIRES) via getIndexableTireSlugs(),true,https://www.carpluspneuseoficina.com.br/pneu/pneu-continental-p19555r16-contiprocontact-86h,sitemap-produtos.xml,0.7,weekly,40
/pneu/pneu-continental-21565r16c-vancontact-ultra-106104t-6pr,produto,pneu-continental-21565r16c-vancontact-ultra-106104t-6pr,src/data (TIRES) via getIndexableTireSlugs(),true,https://www.carpluspneuseoficina.com.br/pneu/pneu-continental-21565r16c-vancontact-ultra-106104t-6pr,sitemap-produtos.xml,0.7,weekly,40
/pneu/pneu-continental-21575r16c-vancontact-ultra-116114r-10pr,produto,pneu-continental-21575r16c-vancontact-ultra-116114r-10pr,src/data (TIRES) via getIndexableTireSlugs(),true,https://www.carpluspneuseoficina.com.br/pneu/pneu-continental-21575r16c-vancontact-ultra-116114r-10pr,sitemap-produtos.xml,0.7,weekly,40
/pneu/pneu-continental-20565r16c-vancontact-ultra-107105t-8pr,produto,pneu-continental-20565r16c-vancontact-ultra-107105t-8pr,src/data (TIRES) via getIndexableTireSlugs(),true,https://www.carpluspneuseoficina.com.br/pneu/pneu-continental-20565r16c-vancontact-ultra-107105t-8pr,sitemap-produtos.xml,0.7,weekly,40
/pneu/pneu-continental-lt23585r16-grabber-x3-120116q-lre-fr-10pr,produto,pneu-continental-lt23585r16-grabber-x3-120116q-lre-fr-10pr,src/data (TIRES) via getIndexableTireSlugs(),true,https://www.carpluspneuseoficina.com.br/pneu/pneu-continental-lt23585r16-grabber-x3-120116q-lre-fr-10pr,sitemap-produtos.xml,0.7,weekly,40
/pneu/pneu-continental-lt28575r16-grabber-x3-116113q-lrc-fr-6pr,produto,pneu-continental-lt28575r16-grabber-x3-116113q-lrc-fr-6pr,src/data (TIRES) via getIndexableTireSlugs(),true,https://www.carpluspneuseoficina.com.br/pneu/pneu-continental-lt28575r16-grabber-x3-116113q-lrc-fr-6pr,sitemap-produtos.xml,0.7,weekly,40
/pneu/pneu-continental-lt22575r16-grabber-x3-115112q-lre-fr-10pr,produto,pneu-continental-lt22575r16-grabber-x3-115112q-lre-fr-10pr,src/data (TIRES) via getIndexableTireSlugs(),true,https://www.carpluspneuseoficina.com.br/pneu/pneu-continental-lt22575r16-grabber-x3-115112q-lre-fr-10pr,sitemap-produtos.xml,0.7,weekly,40
/pneu/pneu-continental-20580r16-grabber-at3-104t-xl-fr,produto,pneu-continental-20580r16-grabber-at3-104t-xl-fr,src/data (TIRES) via getIndexableTireSlugs(),true,https://www.carpluspneuseoficina.com.br/pneu/pneu-continental-20580r16-grabber-at3-104t-xl-fr,sitemap-produtos.xml,0.7,weekly,40
/pneu/pneu-continental-21570r16-grabber-at3-100t-fr,produto,pneu-continental-21570r16-grabber-at3-100t-fr,src/data (TIRES) via getIndexableTireSlugs(),true,https://www.carpluspneuseoficina.com.br/pneu/pneu-continental-21570r16-grabber-at3-100t-fr,sitemap-produtos.xml,0.7,weekly,40
/pneu/pneu-continental-22570r16-grabber-at3-103t-fr,produto,pneu-continental-22570r16-grabber-at3-103t-fr,src/data (TIRES) via getIndexableTireSlugs(),true,https://www.carpluspneuseoficina.com.br/pneu/pneu-continental-22570r16-grabber-at3-103t-fr,sitemap-produtos.xml,0.7,weekly,40
/pneu/pneu-continental-21565r16-grabber-at3-98t-fr,produto,pneu-continental-21565r16-grabber-at3-98t-fr,src/data (TIRES) via getIndexableTireSlugs(),true,https://www.carpluspneuseoficina.com.br/pneu/pneu-continental-21565r16-grabber-at3-98t-fr,sitemap-produtos.xml,0.7,weekly,40
/pneu/pneu-continental-25570r16-grabber-atx-111t-fr-rwl,produto,pneu-continental-25570r16-grabber-atx-111t-fr-rwl,src/data (TIRES) via getIndexableTireSlugs(),true,https://www.carpluspneuseoficina.com.br/pneu/pneu-continental-25570r16-grabber-atx-111t-fr-rwl,sitemap-produtos.xml,0.7,weekly,40
/pneu/pneu-continental-20560r16-grabber-at3-92h-fr,produto,pneu-continental-20560r16-grabber-at3-92h-fr,src/data (TIRES) via getIndexableTireSlugs(),true,https://www.carpluspneuseoficina.com.br/pneu/pneu-continental-20560r16-grabber-at3-92h-fr,sitemap-produtos.xml,0.7,weekly,40
/pneu/pneu-continental-24570r16-grabber-atx-111t-xl-fr,produto,pneu-continental-24570r16-grabber-atx-111t-xl-fr,src/data (TIRES) via getIndexableTireSlugs(),true,https://www.carpluspneuseoficina.com.br/pneu/pneu-continental-24570r16-grabber-atx-111t-xl-fr,sitemap-produtos.xml,0.7,weekly,40
/pneu/pneu-continental-26570r16-grabber-atx-112t-fr,produto,pneu-continental-26570r16-grabber-atx-112t-fr,src/data (TIRES) via getIndexableTireSlugs(),true,https://www.carpluspneuseoficina.com.br/pneu/pneu-continental-26570r16-grabber-atx-112t-fr,sitemap-produtos.xml,0.7,weekly,40
/pneu/pneu-continental-20555r16-altimax-one-s-91v-fr,produto,pneu-continental-20555r16-altimax-one-s-91v-fr,src/data (TIRES) via getIndexableTireSlugs(),true,https://www.carpluspneuseoficina.com.br/pneu/pneu-continental-20555r16-altimax-one-s-91v-fr,sitemap-produtos.xml,0.7,weekly,40
/pneu/pneu-continental-18555r16-altimax-one-s-83v-fr,produto,pneu-continental-18555r16-altimax-one-s-83v-fr,src/data (TIRES) via getIndexableTireSlugs(),true,https://www.carpluspneuseoficina.com.br/pneu/pneu-continental-18555r16-altimax-one-s-83v-fr,sitemap-produtos.xml,0.7,weekly,40
/pneu/pneu-continental-21565r16-grabber-gt-plus-98h-fr,produto,pneu-continental-21565r16-grabber-gt-plus-98h-fr,src/data (TIRES) via getIndexableTireSlugs(),true,https://www.carpluspneuseoficina.com.br/pneu/pneu-continental-21565r16-grabber-gt-plus-98h-fr,sitemap-produtos.xml,0.7,weekly,40
/pneu/pneu-continental-23560r16-grabber-gt-plus-100h-fr,produto,pneu-continental-23560r16-grabber-gt-plus-100h-fr,src/data (TIRES) via getIndexableTireSlugs(),true,https://www.carpluspneuseoficina.com.br/pneu/pneu-continental-23560r16-grabber-gt-plus-100h-fr,sitemap-produtos.xml,0.7,weekly,40
/pneu/pneu-continental-23570r16-grabber-gt-plus-106h-fr,produto,pneu-continental-23570r16-grabber-gt-plus-106h-fr,src/data (TIRES) via getIndexableTireSlugs(),true,https://www.carpluspneuseoficina.com.br/pneu/pneu-continental-23570r16-grabber-gt-plus-106h-fr,sitemap-produtos.xml,0.7,weekly,40
/pneu/pneu-continental-20575r16c-eurovan-2-110108r-8pr,produto,pneu-continental-20575r16c-eurovan-2-110108r-8pr,src/data (TIRES) via getIndexableTireSlugs(),true,https://www.carpluspneuseoficina.com.br/pneu/pneu-continental-20575r16c-eurovan-2-110108r-8pr,sitemap-produtos.xml,0.7,weekly,40
/pneu/pneu-continental-21575r16c-eurovan-2-113111r-8pr,produto,pneu-continental-21575r16c-eurovan-2-113111r-8pr,src/data (TIRES) via getIndexableTireSlugs(),true,https://www.carpluspneuseoficina.com.br/pneu/pneu-continental-21575r16c-eurovan-2-113111r-8pr,sitemap-produtos.xml,0.7,weekly,40
/pneu/pneu-continental-22565r16c-eurovan-2-112110r-8pr,produto,pneu-continental-22565r16c-eurovan-2-112110r-8pr,src/data (TIRES) via getIndexableTireSlugs(),true,https://www.carpluspneuseoficina.com.br/pneu/pneu-continental-22565r16c-eurovan-2-112110r-8pr,sitemap-produtos.xml,0.7,weekly,40
/pneu/pneu-continental-22575r16c-eurovan-2-118116r-10pr,produto,pneu-continental-22575r16c-eurovan-2-118116r-10pr,src/data (TIRES) via getIndexableTireSlugs(),true,https://www.carpluspneuseoficina.com.br/pneu/pneu-continental-22575r16c-eurovan-2-118116r-10pr,sitemap-produtos.xml,0.7,weekly,40
/pneu/pneu-continental-20560r16-altimax-one-s-92h,produto,pneu-continental-20560r16-altimax-one-s-92h,src/data (TIRES) via getIndexableTireSlugs(),true,https://www.carpluspneuseoficina.com.br/pneu/pneu-continental-20560r16-altimax-one-s-92h,sitemap-produtos.xml,0.7,weekly,40
/pneu/pneu-continental-25545r17-contisportcontact-5-98y-fr-mo,produto,pneu-continental-25545r17-contisportcontact-5-98y-fr-mo,src/data (TIRES) via getIndexableTireSlugs(),true,https://www.carpluspneuseoficina.com.br/pneu/pneu-continental-25545r17-contisportcontact-5-98y-fr-mo,sitemap-produtos.xml,0.7,weekly,40
/pneu/pneu-continental-22545r17-contisportcontact-5-91w-fr-mo,produto,pneu-continental-22545r17-contisportcontact-5-91w-fr-mo,src/data (TIRES) via getIndexableTireSlugs(),true,https://www.carpluspneuseoficina.com.br/pneu/pneu-continental-22545r17-contisportcontact-5-91w-fr-mo,sitemap-produtos.xml,0.7,weekly,40
/pneu/pneu-continental-23545r17-contisportcontact-5-contiseal-94w-fr,produto,pneu-continental-23545r17-contisportcontact-5-contiseal-94w-fr,src/data (TIRES) via getIndexableTireSlugs(),true,https://www.carpluspneuseoficina.com.br/pneu/pneu-continental-23545r17-contisportcontact-5-contiseal-94w-fr,sitemap-produtos.xml,0.7,weekly,40
/pneu/pneu-continental-22560r17-conticrosscontact-lx-2-103h-xl-fr,produto,pneu-continental-22560r17-conticrosscontact-lx-2-103h-xl-fr,src/data (TIRES) via getIndexableTireSlugs(),true,https://www.carpluspneuseoficina.com.br/pneu/pneu-continental-22560r17-conticrosscontact-lx-2-103h-xl-fr,sitemap-produtos.xml,0.7,weekly,40
/pneu/pneu-continental-24565r17-conticrosscontact-lx-111t-xl,produto,pneu-continental-24565r17-conticrosscontact-lx-111t-xl,src/data (TIRES) via getIndexableTireSlugs(),true,https://www.carpluspneuseoficina.com.br/pneu/pneu-continental-24565r17-conticrosscontact-lx-111t-xl,sitemap-produtos.xml,0.7,weekly,40
/pneu/pneu-continental-25560r17-4x4contact-106h,produto,pneu-continental-25560r17-4x4contact-106h,src/data (TIRES) via getIndexableTireSlugs(),true,https://www.carpluspneuseoficina.com.br/pneu/pneu-continental-25560r17-4x4contact-106h,sitemap-produtos.xml,0.7,weekly,40
/pneu/pneu-continental-23555r17-crosscontact-lx-sport-99v-fr,produto,pneu-continental-23555r17-crosscontact-lx-sport-99v-fr,src/data (TIRES) via getIndexableTireSlugs(),true,https://www.carpluspneuseoficina.com.br/pneu/pneu-continental-23555r17-crosscontact-lx-sport-99v-fr,sitemap-produtos.xml,0.7,weekly,40
/pneu/pneu-continental-20550r17-contipremiumcontact-2-89v-fr-e,produto,pneu-continental-20550r17-contipremiumcontact-2-89v-fr-e,src/data (TIRES) via getIndexableTireSlugs(),true,https://www.carpluspneuseoficina.com.br/pneu/pneu-continental-20550r17-contipremiumcontact-2-89v-fr-e,sitemap-produtos.xml,0.7,weekly,40
/pneu/pneu-continental-21555r17-contipremiumcontact-5-94w,produto,pneu-continental-21555r17-contipremiumcontact-5-94w,src/data (TIRES) via getIndexableTireSlugs(),true,https://www.carpluspneuseoficina.com.br/pneu/pneu-continental-21555r17-contipremiumcontact-5-94w,sitemap-produtos.xml,0.7,weekly,40
/pneu/pneu-continental-23555r17-contipremiumcontact-5-99v-ao,produto,pneu-continental-23555r17-contipremiumcontact-5-99v-ao,src/data (TIRES) via getIndexableTireSlugs(),true,https://www.carpluspneuseoficina.com.br/pneu/pneu-continental-23555r17-contipremiumcontact-5-99v-ao,sitemap-produtos.xml,0.7,weekly,40
/pneu/pneu-continental-19545r17-contisportcontact-5-81w-fr,produto,pneu-continental-19545r17-contisportcontact-5-81w-fr,src/data (TIRES) via getIndexableTireSlugs(),true,https://www.carpluspneuseoficina.com.br/pneu/pneu-continental-19545r17-contisportcontact-5-81w-fr,sitemap-produtos.xml,0.7,weekly,40
/pneu/pneu-continental-21560r17-conticrosscontact-lx-2-96h-fr,produto,pneu-continental-21560r17-conticrosscontact-lx-2-96h-fr,src/data (TIRES) via getIndexableTireSlugs(),true,https://www.carpluspneuseoficina.com.br/pneu/pneu-continental-21560r17-conticrosscontact-lx-2-96h-fr,sitemap-produtos.xml,0.7,weekly,40
/pneu/pneu-continental-22555r17-contipremiumcontact-5-97w,produto,pneu-continental-22555r17-contipremiumcontact-5-97w,src/data (TIRES) via getIndexableTireSlugs(),true,https://www.carpluspneuseoficina.com.br/pneu/pneu-continental-22555r17-contipremiumcontact-5-97w,sitemap-produtos.xml,0.7,weekly,40
/pneu/pneu-continental-20545r17-contisportcontact-3-84w-ssr,produto,pneu-continental-20545r17-contisportcontact-3-84w-ssr,src/data (TIRES) via getIndexableTireSlugs(),true,https://www.carpluspneuseoficina.com.br/pneu/pneu-continental-20545r17-contisportcontact-3-84w-ssr,sitemap-produtos.xml,0.7,weekly,40
/pneu/pneu-continental-21565r17-ecocontact-6-99v-ao,produto,pneu-continental-21565r17-ecocontact-6-99v-ao,src/data (TIRES) via getIndexableTireSlugs(),true,https://www.carpluspneuseoficina.com.br/pneu/pneu-continental-21565r17-ecocontact-6-99v-ao,sitemap-produtos.xml,0.7,weekly,40
/pneu/pneu-continental-22550r17-contisportcontact-5-94w-ssr-moe,produto,pneu-continental-22550r17-contisportcontact-5-94w-ssr-moe,src/data (TIRES) via getIndexableTireSlugs(),true,https://www.carpluspneuseoficina.com.br/pneu/pneu-continental-22550r17-contisportcontact-5-94w-ssr-moe,sitemap-produtos.xml,0.7,weekly,40
/pneu/pneu-continental-23565r17-crosscontact-lx-sport-108v-xl-fr-lr,produto,pneu-continental-23565r17-crosscontact-lx-sport-108v-xl-fr-lr,src/data (TIRES) via getIndexableTireSlugs(),true,https://www.carpluspneuseoficina.com.br/pneu/pneu-continental-23565r17-crosscontact-lx-sport-108v-xl-fr-lr,sitemap-produtos.xml,0.7,weekly,40
/pneu/pneu-continental-22565r17-conticrosscontact-lx-2-102h-fr,produto,pneu-continental-22565r17-conticrosscontact-lx-2-102h-fr,src/data (TIRES) via getIndexableTireSlugs(),true,https://www.carpluspneuseoficina.com.br/pneu/pneu-continental-22565r17-conticrosscontact-lx-2-102h-fr,sitemap-produtos.xml,0.7,weekly,40
/pneu/pneu-continental-20555r17-contipowercontact-91v-fr,produto,pneu-continental-20555r17-contipowercontact-91v-fr,src/data (TIRES) via getIndexableTireSlugs(),true,https://www.carpluspneuseoficina.com.br/pneu/pneu-continental-20555r17-contipowercontact-91v-fr,sitemap-produtos.xml,0.7,weekly,40
/pneu/pneu-continental-26565r17-conticrosscontact-lx-2-112h-fr,produto,pneu-continental-26565r17-conticrosscontact-lx-2-112h-fr,src/data (TIRES) via getIndexableTireSlugs(),true,https://www.carpluspneuseoficina.com.br/pneu/pneu-continental-26565r17-conticrosscontact-lx-2-112h-fr,sitemap-produtos.xml,0.7,weekly,40
/pneu/pneu-continental-t13580r17-scontact-102m,produto,pneu-continental-t13580r17-scontact-102m,src/data (TIRES) via getIndexableTireSlugs(),true,https://www.carpluspneuseoficina.com.br/pneu/pneu-continental-t13580r17-scontact-102m,sitemap-produtos.xml,0.7,weekly,40
/pneu/pneu-continental-t13590r17-scontact-104m,produto,pneu-continental-t13590r17-scontact-104m,src/data (TIRES) via getIndexableTireSlugs(),true,https://www.carpluspneuseoficina.com.br/pneu/pneu-continental-t13590r17-scontact-104m,sitemap-produtos.xml,0.7,weekly,40
/pneu/pneu-continental-t15570r17-scontact-110m,produto,pneu-continental-t15570r17-scontact-110m,src/data (TIRES) via getIndexableTireSlugs(),true,https://www.carpluspneuseoficina.com.br/pneu/pneu-continental-t15570r17-scontact-110m,sitemap-produtos.xml,0.7,weekly,40
/pneu/pneu-continental-t11595r17-scontact-95m,produto,pneu-continental-t11595r17-scontact-95m,src/data (TIRES) via getIndexableTireSlugs(),true,https://www.carpluspneuseoficina.com.br/pneu/pneu-continental-t11595r17-scontact-95m,sitemap-produtos.xml,0.7,weekly,40
/pneu/pneu-continental-23570r17-xl-4x4contact-111h,produto,pneu-continental-23570r17-xl-4x4contact-111h,src/data (TIRES) via getIndexableTireSlugs(),true,https://www.carpluspneuseoficina.com.br/pneu/pneu-continental-23570r17-xl-4x4contact-111h,sitemap-produtos.xml,0.7,weekly,40
/pneu/pneu-continental-t12580r17-scontact-99m,produto,pneu-continental-t12580r17-scontact-99m,src/data (TIRES) via getIndexableTireSlugs(),true,https://www.carpluspneuseoficina.com.br/pneu/pneu-continental-t12580r17-scontact-99m,sitemap-produtos.xml,0.7,weekly,40
/pneu/pneu-continental-23560r17-fr-premiumcontact-6-vol-102v,produto,pneu-continental-23560r17-fr-premiumcontact-6-vol-102v,src/data (TIRES) via getIndexableTireSlugs(),true,https://www.carpluspneuseoficina.com.br/pneu/pneu-continental-23560r17-fr-premiumcontact-6-vol-102v,sitemap-produtos.xml,0.7,weekly,40
/pneu/pneu-continental-20555r17-fr-premiumcontact-6-ssr-91v,produto,pneu-continental-20555r17-fr-premiumcontact-6-ssr-91v,src/data (TIRES) via getIndexableTireSlugs(),true,https://www.carpluspneuseoficina.com.br/pneu/pneu-continental-20555r17-fr-premiumcontact-6-ssr-91v,sitemap-produtos.xml,0.7,weekly,40
/pneu/pneu-continental-25545r17-fr-contisportcontact-5-ssr-98w,produto,pneu-continental-25545r17-fr-contisportcontact-5-ssr-98w,src/data (TIRES) via getIndexableTireSlugs(),true,https://www.carpluspneuseoficina.com.br/pneu/pneu-continental-25545r17-fr-contisportcontact-5-ssr-98w,sitemap-produtos.xml,0.7,weekly,40
/pneu/pneu-continental-25540r17-fr-premiumcontact-6-ssr-94w,produto,pneu-continental-25540r17-fr-premiumcontact-6-ssr-94w,src/data (TIRES) via getIndexableTireSlugs(),true,https://www.carpluspneuseoficina.com.br/pneu/pneu-continental-25540r17-fr-premiumcontact-6-ssr-94w,sitemap-produtos.xml,0.7,weekly,40
/pneu/pneu-continental-20555r17-fr-ultracontact-91v,produto,pneu-continental-20555r17-fr-ultracontact-91v,src/data (TIRES) via getIndexableTireSlugs(),true,https://www.carpluspneuseoficina.com.br/pneu/pneu-continental-20555r17-fr-ultracontact-91v,sitemap-produtos.xml,0.7,weekly,40
/pneu/pneu-continental-21555r17-fr-ultracontact-94v,produto,pneu-continental-21555r17-fr-ultracontact-94v,src/data (TIRES) via getIndexableTireSlugs(),true,https://www.carpluspneuseoficina.com.br/pneu/pneu-continental-21555r17-fr-ultracontact-94v,sitemap-produtos.xml,0.7,weekly,40
/pneu/pneu-continental-24545r17-xl-fr-contisportcontact-5-mo-99y,produto,pneu-continental-24545r17-xl-fr-contisportcontact-5-mo-99y,src/data (TIRES) via getIndexableTireSlugs(),true,https://www.carpluspneuseoficina.com.br/pneu/pneu-continental-24545r17-xl-fr-contisportcontact-5-mo-99y,sitemap-produtos.xml,0.7,weekly,40
/pneu/pneu-continental-20550r17-fr-premiumcontact-6-89v,produto,pneu-continental-20550r17-fr-premiumcontact-6-89v,src/data (TIRES) via getIndexableTireSlugs(),true,https://www.carpluspneuseoficina.com.br/pneu/pneu-continental-20550r17-fr-premiumcontact-6-89v,sitemap-produtos.xml,0.7,weekly,40
/pneu/pneu-continental-23565r17-contipremiumcontact-5-104v,produto,pneu-continental-23565r17-contipremiumcontact-5-104v,src/data (TIRES) via getIndexableTireSlugs(),true,https://www.carpluspneuseoficina.com.br/pneu/pneu-continental-23565r17-contipremiumcontact-5-104v,sitemap-produtos.xml,0.7,weekly,40
/pneu/pneu-continental-20545r17-contisportcontact-3-ssr-84w,produto,pneu-continental-20545r17-contisportcontact-3-ssr-84w,src/data (TIRES) via getIndexableTireSlugs(),true,https://www.carpluspneuseoficina.com.br/pneu/pneu-continental-20545r17-contisportcontact-3-ssr-84w,sitemap-produtos.xml,0.7,weekly,40
/pneu/pneu-continental-22550r17-xl-fr-contisportcontact-5-ao-98y,produto,pneu-continental-22550r17-xl-fr-contisportcontact-5-ao-98y,src/data (TIRES) via getIndexableTireSlugs(),true,https://www.carpluspneuseoficina.com.br/pneu/pneu-continental-22550r17-xl-fr-contisportcontact-5-ao-98y,sitemap-produtos.xml,0.7,weekly,40
/pneu/pneu-continental-lt26570r17-lre-fr-grabber-x3-srl-10pr-121118q,produto,pneu-continental-lt26570r17-lre-fr-grabber-x3-srl-10pr-121118q,src/data (TIRES) via getIndexableTireSlugs(),true,https://www.carpluspneuseoficina.com.br/pneu/pneu-continental-lt26570r17-lre-fr-grabber-x3-srl-10pr-121118q,sitemap-produtos.xml,0.7,weekly,40
/pneu/pneu-continental-lt28570r17-lre-fr-grabber-x3-srl-10pr-121118q,produto,pneu-continental-lt28570r17-lre-fr-grabber-x3-srl-10pr-121118q,src/data (TIRES) via getIndexableTireSlugs(),true,https://www.carpluspneuseoficina.com.br/pneu/pneu-continental-lt28570r17-lre-fr-grabber-x3-srl-10pr-121118q,sitemap-produtos.xml,0.7,weekly,40
/pneu/pneu-continental-lt24570r17-lre-fr-grabber-x3-10pr-119116q,produto,pneu-continental-lt24570r17-lre-fr-grabber-x3-10pr-119116q,src/data (TIRES) via getIndexableTireSlugs(),true,https://www.carpluspneuseoficina.com.br/pneu/pneu-continental-lt24570r17-lre-fr-grabber-x3-10pr-119116q,sitemap-produtos.xml,0.7,weekly,40
/pneu/pneu-continental-21560r17-fr-grabber-at3-96h,produto,pneu-continental-21560r17-fr-grabber-at3-96h,src/data (TIRES) via getIndexableTireSlugs(),true,https://www.carpluspneuseoficina.com.br/pneu/pneu-continental-21560r17-fr-grabber-at3-96h,sitemap-produtos.xml,0.7,weekly,40
/pneu/pneu-continental-22565r17-fr-grabber-at3-102h,produto,pneu-continental-22565r17-fr-grabber-at3-102h,src/data (TIRES) via getIndexableTireSlugs(),true,https://www.carpluspneuseoficina.com.br/pneu/pneu-continental-22565r17-fr-grabber-at3-102h,sitemap-produtos.xml,0.7,weekly,40
/pneu/pneu-continental-22570r17-xl-fr-grabber-at3-108t,produto,pneu-continental-22570r17-xl-fr-grabber-at3-108t,src/data (TIRES) via getIndexableTireSlugs(),true,https://www.carpluspneuseoficina.com.br/pneu/pneu-continental-22570r17-xl-fr-grabber-at3-108t,sitemap-produtos.xml,0.7,weekly,40
/pneu/pneu-continental-26570r17-fr-grabber-atx-rwl-115t,produto,pneu-continental-26570r17-fr-grabber-atx-rwl-115t,src/data (TIRES) via getIndexableTireSlugs(),true,https://www.carpluspneuseoficina.com.br/pneu/pneu-continental-26570r17-fr-grabber-atx-rwl-115t,sitemap-produtos.xml,0.7,weekly,40
/pneu/pneu-continental-22545r17-xl-fr-altimax-one-s-94w,produto,pneu-continental-22545r17-xl-fr-altimax-one-s-94w,src/data (TIRES) via getIndexableTireSlugs(),true,https://www.carpluspneuseoficina.com.br/pneu/pneu-continental-22545r17-xl-fr-altimax-one-s-94w,sitemap-produtos.xml,0.7,weekly,40
/pneu/pneu-continental-20540r17-xl-fr-altimax-one-s-84w,produto,pneu-continental-20540r17-xl-fr-altimax-one-s-84w,src/data (TIRES) via getIndexableTireSlugs(),true,https://www.carpluspneuseoficina.com.br/pneu/pneu-continental-20540r17-xl-fr-altimax-one-s-84w,sitemap-produtos.xml,0.7,weekly,40
/pneu/pneu-continental-22550r17-xl-fr-altimax-one-s-98w,produto,pneu-continental-22550r17-xl-fr-altimax-one-s-98w,src/data (TIRES) via getIndexableTireSlugs(),true,https://www.carpluspneuseoficina.com.br/pneu/pneu-continental-22550r17-xl-fr-altimax-one-s-98w,sitemap-produtos.xml,0.7,weekly,40
/pneu/pneu-continental-21560r17-fr-grabber-gt-plus-96v,produto,pneu-continental-21560r17-fr-grabber-gt-plus-96v,src/data (TIRES) via getIndexableTireSlugs(),true,https://www.carpluspneuseoficina.com.br/pneu/pneu-continental-21560r17-fr-grabber-gt-plus-96v,sitemap-produtos.xml,0.7,weekly,40
/pneu/pneu-continental-22565r17-fr-grabber-gt-plus-102h,produto,pneu-continental-22565r17-fr-grabber-gt-plus-102h,src/data (TIRES) via getIndexableTireSlugs(),true,https://www.carpluspneuseoficina.com.br/pneu/pneu-continental-22565r17-fr-grabber-gt-plus-102h,sitemap-produtos.xml,0.7,weekly,40
/pneu/pneu-continental-25565r17-fr-grabber-atx-110s,produto,pneu-continental-25565r17-fr-grabber-atx-110s,src/data (TIRES) via getIndexableTireSlugs(),true,https://www.carpluspneuseoficina.com.br/pneu/pneu-continental-25565r17-fr-grabber-atx-110s,sitemap-produtos.xml,0.7,weekly,40
/pneu/pneu-continental-26565r17-fr-grabber-atx-112s,produto,pneu-continental-26565r17-fr-grabber-atx-112s,src/data (TIRES) via getIndexableTireSlugs(),true,https://www.carpluspneuseoficina.com.br/pneu/pneu-continental-26565r17-fr-grabber-atx-112s,sitemap-produtos.xml,0.7,weekly,40
/pneu/pneu-continental-24565r17-xl-fr-grabber-at3-111h,produto,pneu-continental-24565r17-xl-fr-grabber-at3-111h,src/data (TIRES) via getIndexableTireSlugs(),true,https://www.carpluspneuseoficina.com.br/pneu/pneu-continental-24565r17-xl-fr-grabber-at3-111h,sitemap-produtos.xml,0.7,weekly,40
/pneu/pneu-continental-23565r17-xl-fr-grabber-at3-108v,produto,pneu-continental-23565r17-xl-fr-grabber-at3-108v,src/data (TIRES) via getIndexableTireSlugs(),true,https://www.carpluspneuseoficina.com.br/pneu/pneu-continental-23565r17-xl-fr-grabber-at3-108v,sitemap-produtos.xml,0.7,weekly,40
/pneu/pneu-continental-25570r17-fr-grabber-atx-rwl-112s,produto,pneu-continental-25570r17-fr-grabber-atx-rwl-112s,src/data (TIRES) via getIndexableTireSlugs(),true,https://www.carpluspneuseoficina.com.br/pneu/pneu-continental-25570r17-fr-grabber-atx-rwl-112s,sitemap-produtos.xml,0.7,weekly,40
/pneu/pneu-continental-21550r17-fr-altimax-one-s-91v,produto,pneu-continental-21550r17-fr-altimax-one-s-91v,src/data (TIRES) via getIndexableTireSlugs(),true,https://www.carpluspneuseoficina.com.br/pneu/pneu-continental-21550r17-fr-altimax-one-s-91v,sitemap-produtos.xml,0.7,weekly,40
/pneu/pneu-continental-lt28570r17-lrc-fr-grabber-at3-6pr-116113s,produto,pneu-continental-lt28570r17-lrc-fr-grabber-at3-6pr-116113s,src/data (TIRES) via getIndexableTireSlugs(),true,https://www.carpluspneuseoficina.com.br/pneu/pneu-continental-lt28570r17-lrc-fr-grabber-at3-6pr-116113s,sitemap-produtos.xml,0.7,weekly,40
/pneu/pneu-continental-33x1250r17lt-lrd-fr-grabber-x3-8pr-114q,produto,pneu-continental-33x1250r17lt-lrd-fr-grabber-x3-8pr-114q,src/data (TIRES) via getIndexableTireSlugs(),true,https://www.carpluspneuseoficina.com.br/pneu/pneu-continental-33x1250r17lt-lrd-fr-grabber-x3-8pr-114q,sitemap-produtos.xml,0.7,weekly,40
/pneu/pneu-continental-20550r17-xl-fr-altimax-one-s-93v,produto,pneu-continental-20550r17-xl-fr-altimax-one-s-93v,src/data (TIRES) via getIndexableTireSlugs(),true,https://www.carpluspneuseoficina.com.br/pneu/pneu-continental-20550r17-xl-fr-altimax-one-s-93v,sitemap-produtos.xml,0.7,weekly,40
/pneu/pneu-continental-24535r18-xl-fr-contisportcontact-5-mo-92y,produto,pneu-continental-24535r18-xl-fr-contisportcontact-5-mo-92y,src/data (TIRES) via getIndexableTireSlugs(),true,https://www.carpluspneuseoficina.com.br/pneu/pneu-continental-24535r18-xl-fr-contisportcontact-5-mo-92y,sitemap-produtos.xml,0.7,weekly,40
/pneu/pneu-continental-24535r18-fr-contisportcontact-5-ssr-88y,produto,pneu-continental-24535r18-fr-contisportcontact-5-ssr-88y,src/data (TIRES) via getIndexableTireSlugs(),true,https://www.carpluspneuseoficina.com.br/pneu/pneu-continental-24535r18-fr-contisportcontact-5-ssr-88y,sitemap-produtos.xml,0.7,weekly,40
/pneu/pneu-continental-22545r18-fr-contisportcontact-5-ssr-91y,produto,pneu-continental-22545r18-fr-contisportcontact-5-ssr-91y,src/data (TIRES) via getIndexableTireSlugs(),true,https://www.carpluspneuseoficina.com.br/pneu/pneu-continental-22545r18-fr-contisportcontact-5-ssr-91y,sitemap-produtos.xml,0.7,weekly,40
/pneu/pneu-continental-23540r18-xl-fr-contisportcontact-5-contiseal-95w,produto,pneu-continental-23540r18-xl-fr-contisportcontact-5-contiseal-95w,src/data (TIRES) via getIndexableTireSlugs(),true,https://www.carpluspneuseoficina.com.br/pneu/pneu-continental-23540r18-xl-fr-contisportcontact-5-contiseal-95w,sitemap-produtos.xml,0.7,weekly,40
/pneu/pneu-continental-27540r18-xl-fr-contisportcontact-2-j-103w,produto,pneu-continental-27540r18-xl-fr-contisportcontact-2-j-103w,src/data (TIRES) via getIndexableTireSlugs(),true,https://www.carpluspneuseoficina.com.br/pneu/pneu-continental-27540r18-xl-fr-contisportcontact-2-j-103w,sitemap-produtos.xml,0.7,weekly,40
/pneu/pneu-continental-25555r18-fr-contisportcontact-5-n0-105w,produto,pneu-continental-25555r18-fr-contisportcontact-5-n0-105w,src/data (TIRES) via getIndexableTireSlugs(),true,https://www.carpluspneuseoficina.com.br/pneu/pneu-continental-25555r18-fr-contisportcontact-5-n0-105w,sitemap-produtos.xml,0.7,weekly,40
/pneu/pneu-continental-23550r18-fr-contisportcontact-5-suv-ao-97v,produto,pneu-continental-23550r18-fr-contisportcontact-5-suv-ao-97v,src/data (TIRES) via getIndexableTireSlugs(),true,https://www.carpluspneuseoficina.com.br/pneu/pneu-continental-23550r18-fr-contisportcontact-5-suv-ao-97v,sitemap-produtos.xml,0.7,weekly,40
/pneu/pneu-continental-23560r18-xl-fr-crosscontact-uhp-ao-107w,produto,pneu-continental-23560r18-xl-fr-crosscontact-uhp-ao-107w,src/data (TIRES) via getIndexableTireSlugs(),true,https://www.carpluspneuseoficina.com.br/pneu/pneu-continental-23560r18-xl-fr-crosscontact-uhp-ao-107w,sitemap-produtos.xml,0.7,weekly,40
/pneu/pneu-continental-25545r18-fr-contisportcontact-5-ssr-99w,produto,pneu-continental-25545r18-fr-contisportcontact-5-ssr-99w,src/data (TIRES) via getIndexableTireSlugs(),true,https://www.carpluspneuseoficina.com.br/pneu/pneu-continental-25545r18-fr-contisportcontact-5-ssr-99w,sitemap-produtos.xml,0.7,weekly,40
/pneu/pneu-continental-23555r18-fr-contisportcontact-5-suv-100v,produto,pneu-continental-23555r18-fr-contisportcontact-5-suv-100v,src/data (TIRES) via getIndexableTireSlugs(),true,https://www.carpluspneuseoficina.com.br/pneu/pneu-continental-23555r18-fr-contisportcontact-5-suv-100v,sitemap-produtos.xml,0.7,weekly,40
/pneu/pneu-continental-22545r18-xl-fr-contisportcontact-5-95y,produto,pneu-continental-22545r18-xl-fr-contisportcontact-5-95y,src/data (TIRES) via getIndexableTireSlugs(),true,https://www.carpluspneuseoficina.com.br/pneu/pneu-continental-22545r18-xl-fr-contisportcontact-5-95y,sitemap-produtos.xml,0.7,weekly,40
/pneu/pneu-continental-24540r18-fr-contisportcontact-5-ao-93y,produto,pneu-continental-24540r18-fr-contisportcontact-5-ao-93y,src/data (TIRES) via getIndexableTireSlugs(),true,https://www.carpluspneuseoficina.com.br/pneu/pneu-continental-24540r18-fr-contisportcontact-5-ao-93y,sitemap-produtos.xml,0.7,weekly,40
/pneu/pneu-continental-24545r18-fr-contisportcontact-5-96w,produto,pneu-continental-24545r18-fr-contisportcontact-5-96w,src/data (TIRES) via getIndexableTireSlugs(),true,https://www.carpluspneuseoficina.com.br/pneu/pneu-continental-24545r18-fr-contisportcontact-5-96w,sitemap-produtos.xml,0.7,weekly,40
/pneu/pneu-continental-24540r18-xl-fr-contisportcontact-5-ao-97y,produto,pneu-continental-24540r18-xl-fr-contisportcontact-5-ao-97y,src/data (TIRES) via getIndexableTireSlugs(),true,https://www.carpluspneuseoficina.com.br/pneu/pneu-continental-24540r18-xl-fr-contisportcontact-5-ao-97y,sitemap-produtos.xml,0.7,weekly,40
/pneu/pneu-continental-23565r18-contisportcontact-5-suv-ao-106w,produto,pneu-continental-23565r18-contisportcontact-5-suv-ao-106w,src/data (TIRES) via getIndexableTireSlugs(),true,https://www.carpluspneuseoficina.com.br/pneu/pneu-continental-23565r18-contisportcontact-5-suv-ao-106w,sitemap-produtos.xml,0.7,weekly,40
/pneu/pneu-continental-24545r18-xl-fr-contisportcontact-5-j-100w,produto,pneu-continental-24545r18-xl-fr-contisportcontact-5-j-100w,src/data (TIRES) via getIndexableTireSlugs(),true,https://www.carpluspneuseoficina.com.br/pneu/pneu-continental-24545r18-xl-fr-contisportcontact-5-j-100w,sitemap-produtos.xml,0.7,weekly,40
/pneu/pneu-continental-24545r18-contisportcontact-3-e-ssr-96y,produto,pneu-continental-24545r18-contisportcontact-3-e-ssr-96y,src/data (TIRES) via getIndexableTireSlugs(),true,https://www.carpluspneuseoficina.com.br/pneu/pneu-continental-24545r18-contisportcontact-3-e-ssr-96y,sitemap-produtos.xml,0.7,weekly,40
/pneu/pneu-continental-24550r18-contisportcontact-3-ssr-100y,produto,pneu-continental-24550r18-contisportcontact-3-ssr-100y,src/data (TIRES) via getIndexableTireSlugs(),true,https://www.carpluspneuseoficina.com.br/pneu/pneu-continental-24550r18-contisportcontact-3-ssr-100y,sitemap-produtos.xml,0.7,weekly,40
/pneu/pneu-continental-27540r18-contisportcontact-3-e-ssr-99y,produto,pneu-continental-27540r18-contisportcontact-3-e-ssr-99y,src/data (TIRES) via getIndexableTireSlugs(),true,https://www.carpluspneuseoficina.com.br/pneu/pneu-continental-27540r18-contisportcontact-3-e-ssr-99y,sitemap-produtos.xml,0.7,weekly,40
/pneu/pneu-continental-22550r18-premiumcontact-6-ssr-95w,produto,pneu-continental-22550r18-premiumcontact-6-ssr-95w,src/data (TIRES) via getIndexableTireSlugs(),true,https://www.carpluspneuseoficina.com.br/pneu/pneu-continental-22550r18-premiumcontact-6-ssr-95w,sitemap-produtos.xml,0.7,weekly,40
/pneu/pneu-continental-27535r18-fr-contisportcontact-3-mo-95y,produto,pneu-continental-27535r18-fr-contisportcontact-3-mo-95y,src/data (TIRES) via getIndexableTireSlugs(),true,https://www.carpluspneuseoficina.com.br/pneu/pneu-continental-27535r18-fr-contisportcontact-3-mo-95y,sitemap-produtos.xml,0.7,weekly,40
/pneu/pneu-continental-26535r18-xl-fr-contisportcontact-3-mo-97y,produto,pneu-continental-26535r18-xl-fr-contisportcontact-3-mo-97y,src/data (TIRES) via getIndexableTireSlugs(),true,https://www.carpluspneuseoficina.com.br/pneu/pneu-continental-26535r18-xl-fr-contisportcontact-3-mo-97y,sitemap-produtos.xml,0.7,weekly,40
/pneu/pneu-continental-23545r18-fr-contisportcontact-5-contiseal-94w,produto,pneu-continental-23545r18-fr-contisportcontact-5-contiseal-94w,src/data (TIRES) via getIndexableTireSlugs(),true,https://www.carpluspneuseoficina.com.br/pneu/pneu-continental-23545r18-fr-contisportcontact-5-contiseal-94w,sitemap-produtos.xml,0.7,weekly,40
/pneu/pneu-continental-23545r18-xl-fr-premiumcontact-6-vol-98w,produto,pneu-continental-23545r18-xl-fr-premiumcontact-6-vol-98w,src/data (TIRES) via getIndexableTireSlugs(),true,https://www.carpluspneuseoficina.com.br/pneu/pneu-continental-23545r18-xl-fr-premiumcontact-6-vol-98w,sitemap-produtos.xml,0.7,weekly,40
/pneu/pneu-continental-24545r18-xl-ecocontact-6-100y,produto,pneu-continental-24545r18-xl-ecocontact-6-100y,src/data (TIRES) via getIndexableTireSlugs(),true,https://www.carpluspneuseoficina.com.br/pneu/pneu-continental-24545r18-xl-ecocontact-6-100y,sitemap-produtos.xml,0.7,weekly,40
/pneu/pneu-continental-22550r18-xl-premiumcontact-6-99w,produto,pneu-continental-22550r18-xl-premiumcontact-6-99w,src/data (TIRES) via getIndexableTireSlugs(),true,https://www.carpluspneuseoficina.com.br/pneu/pneu-continental-22550r18-xl-premiumcontact-6-99w,sitemap-produtos.xml,0.7,weekly,40
/pneu/pneu-continental-22540r18-xl-fr-contisportcontact-5-ssr-moe-92w,produto,pneu-continental-22540r18-xl-fr-contisportcontact-5-ssr-moe-92w,src/data (TIRES) via getIndexableTireSlugs(),true,https://www.carpluspneuseoficina.com.br/pneu/pneu-continental-22540r18-xl-fr-contisportcontact-5-ssr-moe-92w,sitemap-produtos.xml,0.7,weekly,40
/pneu/pneu-continental-23540zr18-xl-fr-contisportcontact-5p-mo-95y,produto,pneu-continental-23540zr18-xl-fr-contisportcontact-5p-mo-95y,src/data (TIRES) via getIndexableTireSlugs(),true,https://www.carpluspneuseoficina.com.br/pneu/pneu-continental-23540zr18-xl-fr-contisportcontact-5p-mo-95y,sitemap-produtos.xml,0.7,weekly,40
/pneu/pneu-continental-25535zr18-xl-fr-contisportcontact-5p-mo-94y,produto,pneu-continental-25535zr18-xl-fr-contisportcontact-5p-mo-94y,src/data (TIRES) via getIndexableTireSlugs(),true,https://www.carpluspneuseoficina.com.br/pneu/pneu-continental-25535zr18-xl-fr-contisportcontact-5p-mo-94y,sitemap-produtos.xml,0.7,weekly,40
/pneu/pneu-continental-22540r18-fr-contisportcontact-5-ssr-88y,produto,pneu-continental-22540r18-fr-contisportcontact-5-ssr-88y,src/data (TIRES) via getIndexableTireSlugs(),true,https://www.carpluspneuseoficina.com.br/pneu/pneu-continental-22540r18-fr-contisportcontact-5-ssr-88y,sitemap-produtos.xml,0.7,weekly,40
/pneu/pneu-continental-25555r18-ml-crosscontact-uhp-mo-105w,produto,pneu-continental-25555r18-ml-crosscontact-uhp-mo-105w,src/data (TIRES) via getIndexableTireSlugs(),true,https://www.carpluspneuseoficina.com.br/pneu/pneu-continental-25555r18-ml-crosscontact-uhp-mo-105w,sitemap-produtos.xml,0.7,weekly,40
/pneu/pneu-continental-25560r18-xl-fr-crosscontact-lx-sport-j-lr-112v,produto,pneu-continental-25560r18-xl-fr-crosscontact-lx-sport-j-lr-112v,src/data (TIRES) via getIndexableTireSlugs(),true,https://www.carpluspneuseoficina.com.br/pneu/pneu-continental-25560r18-xl-fr-crosscontact-lx-sport-j-lr-112v,sitemap-produtos.xml,0.7,weekly,40
/pneu/pneu-continental-22560r18-procontact-tx-100h,produto,pneu-continental-22560r18-procontact-tx-100h,src/data (TIRES) via getIndexableTireSlugs(),true,https://www.carpluspneuseoficina.com.br/pneu/pneu-continental-22560r18-procontact-tx-100h,sitemap-produtos.xml,0.7,weekly,40
/pneu/pneu-continental-25560r18-xl-conticrosscontact-lx-112t,produto,pneu-continental-25560r18-xl-conticrosscontact-lx-112t,src/data (TIRES) via getIndexableTireSlugs(),true,https://www.carpluspneuseoficina.com.br/pneu/pneu-continental-25560r18-xl-conticrosscontact-lx-112t,sitemap-produtos.xml,0.7,weekly,40
/pneu/pneu-continental-26560r18-fr-crosscontact-atr-110t,produto,pneu-continental-26560r18-fr-crosscontact-atr-110t,src/data (TIRES) via getIndexableTireSlugs(),true,https://www.carpluspneuseoficina.com.br/pneu/pneu-continental-26560r18-fr-crosscontact-atr-110t,sitemap-produtos.xml,0.7,weekly,40
/pneu/pneu-continental-t12560r18-scontact-94m,produto,pneu-continental-t12560r18-scontact-94m,src/data (TIRES) via getIndexableTireSlugs(),true,https://www.carpluspneuseoficina.com.br/pneu/pneu-continental-t12560r18-scontact-94m,sitemap-produtos.xml,0.7,weekly,40
/pneu/pneu-continental-t12570r18-scontact-99m,produto,pneu-continental-t12570r18-scontact-99m,src/data (TIRES) via getIndexableTireSlugs(),true,https://www.carpluspneuseoficina.com.br/pneu/pneu-continental-t12570r18-scontact-99m,sitemap-produtos.xml,0.7,weekly,40
/pneu/pneu-continental-t13580r18-scontact-104m,produto,pneu-continental-t13580r18-scontact-104m,src/data (TIRES) via getIndexableTireSlugs(),true,https://www.carpluspneuseoficina.com.br/pneu/pneu-continental-t13580r18-scontact-104m,sitemap-produtos.xml,0.7,weekly,40
/pneu/pneu-continental-t14585r18-scontact-103m,produto,pneu-continental-t14585r18-scontact-103m,src/data (TIRES) via getIndexableTireSlugs(),true,https://www.carpluspneuseoficina.com.br/pneu/pneu-continental-t14585r18-scontact-103m,sitemap-produtos.xml,0.7,weekly,40
/pneu/pneu-continental-t15590r18-scontact-113m,produto,pneu-continental-t15590r18-scontact-113m,src/data (TIRES) via getIndexableTireSlugs(),true,https://www.carpluspneuseoficina.com.br/pneu/pneu-continental-t15590r18-scontact-113m,sitemap-produtos.xml,0.7,weekly,40
/pneu/pneu-continental-22560r18-xl-fr-premiumcontact-6-104v,produto,pneu-continental-22560r18-xl-fr-premiumcontact-6-104v,src/data (TIRES) via getIndexableTireSlugs(),true,https://www.carpluspneuseoficina.com.br/pneu/pneu-continental-22560r18-xl-fr-premiumcontact-6-104v,sitemap-produtos.xml,0.7,weekly,40
/pneu/pneu-continental-22555r18-fr-conticrosscontact-lx-2-98v,produto,pneu-continental-22555r18-fr-conticrosscontact-lx-2-98v,src/data (TIRES) via getIndexableTireSlugs(),true,https://www.carpluspneuseoficina.com.br/pneu/pneu-continental-22555r18-fr-conticrosscontact-lx-2-98v,sitemap-produtos.xml,0.7,weekly,40
/pneu/pneu-continental-25555r18-xl-fr-contisportcontact-5-suv-ssr-109v,produto,pneu-continental-25555r18-xl-fr-contisportcontact-5-suv-ssr-109v,src/data (TIRES) via getIndexableTireSlugs(),true,https://www.carpluspneuseoficina.com.br/pneu/pneu-continental-25555r18-xl-fr-contisportcontact-5-suv-ssr-109v,sitemap-produtos.xml,0.7,weekly,40
/pneu/pneu-continental-23560r18-fr-procontact-tx-n0-103v,produto,pneu-continental-23560r18-fr-procontact-tx-n0-103v,src/data (TIRES) via getIndexableTireSlugs(),true,https://www.carpluspneuseoficina.com.br/pneu/pneu-continental-23560r18-fr-procontact-tx-n0-103v,sitemap-produtos.xml,0.7,weekly,40
/pneu/pneu-continental-25555r18-fr-procontact-tx-n0-105v,produto,pneu-continental-25555r18-fr-procontact-tx-n0-105v,src/data (TIRES) via getIndexableTireSlugs(),true,https://www.carpluspneuseoficina.com.br/pneu/pneu-continental-25555r18-fr-procontact-tx-n0-105v,sitemap-produtos.xml,0.7,weekly,40
/pneu/pneu-continental-21545r18-xl-fr-premiumcontact-6-93h,produto,pneu-continental-21545r18-xl-fr-premiumcontact-6-93h,src/data (TIRES) via getIndexableTireSlugs(),true,https://www.carpluspneuseoficina.com.br/pneu/pneu-continental-21545r18-xl-fr-premiumcontact-6-93h,sitemap-produtos.xml,0.7,weekly,40
/pneu/pneu-continental-24545zr18-xl-fr-sportcontact-7-mo1-100y,produto,pneu-continental-24545zr18-xl-fr-sportcontact-7-mo1-100y,src/data (TIRES) via getIndexableTireSlugs(),true,https://www.carpluspneuseoficina.com.br/pneu/pneu-continental-24545zr18-xl-fr-sportcontact-7-mo1-100y,sitemap-produtos.xml,0.7,weekly,40
/pneu/pneu-continental-21555r18-premiumcontact-6-95h,produto,pneu-continental-21555r18-premiumcontact-6-95h,src/data (TIRES) via getIndexableTireSlugs(),true,https://www.carpluspneuseoficina.com.br/pneu/pneu-continental-21555r18-premiumcontact-6-95h,sitemap-produtos.xml,0.7,weekly,40
/pneu/pneu-continental-23545r18-xl-fr-premiumcontact-6-98y,produto,pneu-continental-23545r18-xl-fr-premiumcontact-6-98y,src/data (TIRES) via getIndexableTireSlugs(),true,https://www.carpluspneuseoficina.com.br/pneu/pneu-continental-23545r18-xl-fr-premiumcontact-6-98y,sitemap-produtos.xml,0.7,weekly,40
/pneu/pneu-continental-25545r18-fr-premiumcontact-6-99y,produto,pneu-continental-25545r18-fr-premiumcontact-6-99y,src/data (TIRES) via getIndexableTireSlugs(),true,https://www.carpluspneuseoficina.com.br/pneu/pneu-continental-25545r18-fr-premiumcontact-6-99y,sitemap-produtos.xml,0.7,weekly,40
/pneu/pneu-continental-19560r18-xl-ecocontact-6-r-96h,produto,pneu-continental-19560r18-xl-ecocontact-6-r-96h,src/data (TIRES) via getIndexableTireSlugs(),true,https://www.carpluspneuseoficina.com.br/pneu/pneu-continental-19560r18-xl-ecocontact-6-r-96h,sitemap-produtos.xml,0.7,weekly,40
/pneu/pneu-continental-23540zr18-xl-fr-sportcontact-7-95y,produto,pneu-continental-23540zr18-xl-fr-sportcontact-7-95y,src/data (TIRES) via getIndexableTireSlugs(),true,https://www.carpluspneuseoficina.com.br/pneu/pneu-continental-23540zr18-xl-fr-sportcontact-7-95y,sitemap-produtos.xml,0.7,weekly,40
/pneu/pneu-continental-23555r18-ecocontact-6-mo-100w,produto,pneu-continental-23555r18-ecocontact-6-mo-100w,src/data (TIRES) via getIndexableTireSlugs(),true,https://www.carpluspneuseoficina.com.br/pneu/pneu-continental-23555r18-ecocontact-6-mo-100w,sitemap-produtos.xml,0.7,weekly,40
/pneu/pneu-continental-22540r18-xl-ecocontact-6-ssr-92y,produto,pneu-continental-22540r18-xl-ecocontact-6-ssr-92y,src/data (TIRES) via getIndexableTireSlugs(),true,https://www.carpluspneuseoficina.com.br/pneu/pneu-continental-22540r18-xl-ecocontact-6-ssr-92y,sitemap-produtos.xml,0.7,weekly,40
/pneu/pneu-continental-23555r18-xl-ecocontact-6-ssr-moe-104t,produto,pneu-continental-23555r18-xl-ecocontact-6-ssr-moe-104t,src/data (TIRES) via getIndexableTireSlugs(),true,https://www.carpluspneuseoficina.com.br/pneu/pneu-continental-23555r18-xl-ecocontact-6-ssr-moe-104t,sitemap-produtos.xml,0.7,weekly,40
/pneu/pneu-continental-23560r18-xl-fr-crosscontact-atr-107v,produto,pneu-continental-23560r18-xl-fr-crosscontact-atr-107v,src/data (TIRES) via getIndexableTireSlugs(),true,https://www.carpluspneuseoficina.com.br/pneu/pneu-continental-23560r18-xl-fr-crosscontact-atr-107v,sitemap-produtos.xml,0.7,weekly,40
/pneu/pneu-continental-23560r18-fr-contisportcontact-5-n0-103w,produto,pneu-continental-23560r18-fr-contisportcontact-5-n0-103w,src/data (TIRES) via getIndexableTireSlugs(),true,https://www.carpluspneuseoficina.com.br/pneu/pneu-continental-23560r18-fr-contisportcontact-5-n0-103w,sitemap-produtos.xml,0.7,weekly,40
/pneu/pneu-continental-26565r18-fr-crosscontact-rx-114t,produto,pneu-continental-26565r18-fr-crosscontact-rx-114t,src/data (TIRES) via getIndexableTireSlugs(),true,https://www.carpluspneuseoficina.com.br/pneu/pneu-continental-26565r18-fr-crosscontact-rx-114t,sitemap-produtos.xml,0.7,weekly,40
/pneu/pneu-continental-22555r18-premiumcontact-c-98h,produto,pneu-continental-22555r18-premiumcontact-c-98h,src/data (TIRES) via getIndexableTireSlugs(),true,https://www.carpluspneuseoficina.com.br/pneu/pneu-continental-22555r18-premiumcontact-c-98h,sitemap-produtos.xml,0.7,weekly,40
/pneu/pneu-continental-21545r18-fr-premiumcontact-6-89v,produto,pneu-continental-21545r18-fr-premiumcontact-6-89v,src/data (TIRES) via getIndexableTireSlugs(),true,https://www.carpluspneuseoficina.com.br/pneu/pneu-continental-21545r18-fr-premiumcontact-6-89v,sitemap-produtos.xml,0.7,weekly,40
/pneu/pneu-continental-22555r18-xl-ecocontact-6-ao1-102y,produto,pneu-continental-22555r18-xl-ecocontact-6-ao1-102y,src/data (TIRES) via getIndexableTireSlugs(),true,https://www.carpluspneuseoficina.com.br/pneu/pneu-continental-22555r18-xl-ecocontact-6-ao1-102y,sitemap-produtos.xml,0.7,weekly,40
/pneu/pneu-continental-23555r18-ecocontact-6-contiseal-100v,produto,pneu-continental-23555r18-ecocontact-6-contiseal-100v,src/data (TIRES) via getIndexableTireSlugs(),true,https://www.carpluspneuseoficina.com.br/pneu/pneu-continental-23555r18-ecocontact-6-contiseal-100v,sitemap-produtos.xml,0.7,weekly,40
/pneu/pneu-continental-22540r18-xl-fr-contisportcontact-5-mo-92y,produto,pneu-continental-22540r18-xl-fr-contisportcontact-5-mo-92y,src/data (TIRES) via getIndexableTireSlugs(),true,https://www.carpluspneuseoficina.com.br/pneu/pneu-continental-22540r18-xl-fr-contisportcontact-5-mo-92y,sitemap-produtos.xml,0.7,weekly,40
/pneu/pneu-continental-21540r18-xl-fr-sportcontact-7-89y,produto,pneu-continental-21540r18-xl-fr-sportcontact-7-89y,src/data (TIRES) via getIndexableTireSlugs(),true,https://www.carpluspneuseoficina.com.br/pneu/pneu-continental-21540r18-xl-fr-sportcontact-7-89y,sitemap-produtos.xml,0.7,weekly,40
/pneu/pneu-continental-26560r18-fr-grabber-at3-110h,produto,pneu-continental-26560r18-fr-grabber-at3-110h,src/data (TIRES) via getIndexableTireSlugs(),true,https://www.carpluspneuseoficina.com.br/pneu/pneu-continental-26560r18-fr-grabber-at3-110h,sitemap-produtos.xml,0.7,weekly,40
/pneu/pneu-continental-lt27570r18-lre-fr-grabber-atx-rwl-10pr-125122r,produto,pneu-continental-lt27570r18-lre-fr-grabber-atx-rwl-10pr-125122r,src/data (TIRES) via getIndexableTireSlugs(),true,https://www.carpluspneuseoficina.com.br/pneu/pneu-continental-lt27570r18-lre-fr-grabber-atx-rwl-10pr-125122r,sitemap-produtos.xml,0.7,weekly,40
/pneu/pneu-continental-lt26570r18-lre-fr-grabber-atx-rwl-10pr-124121s,produto,pneu-continental-lt26570r18-lre-fr-grabber-atx-rwl-10pr-124121s,src/data (TIRES) via getIndexableTireSlugs(),true,https://www.carpluspneuseoficina.com.br/pneu/pneu-continental-lt26570r18-lre-fr-grabber-atx-rwl-10pr-124121s,sitemap-produtos.xml,0.7,weekly,40
/pneu/pneu-continental-lt27565r18-lre-fr-grabber-atx-rwl-10pr-123120r,produto,pneu-continental-lt27565r18-lre-fr-grabber-atx-rwl-10pr-123120r,src/data (TIRES) via getIndexableTireSlugs(),true,https://www.carpluspneuseoficina.com.br/pneu/pneu-continental-lt27565r18-lre-fr-grabber-atx-rwl-10pr-123120r,sitemap-produtos.xml,0.7,weekly,40
/pneu/pneu-continental-22555r18-fr-grabber-gt-plus-98v,produto,pneu-continental-22555r18-fr-grabber-gt-plus-98v,src/data (TIRES) via getIndexableTireSlugs(),true,https://www.carpluspneuseoficina.com.br/pneu/pneu-continental-22555r18-fr-grabber-gt-plus-98v,sitemap-produtos.xml,0.7,weekly,40
/pneu/pneu-continental-23560r18-xl-fr-grabber-gt-plus-107w,produto,pneu-continental-23560r18-xl-fr-grabber-gt-plus-107w,src/data (TIRES) via getIndexableTireSlugs(),true,https://www.carpluspneuseoficina.com.br/pneu/pneu-continental-23560r18-xl-fr-grabber-gt-plus-107w,sitemap-produtos.xml,0.7,weekly,40
/pneu/pneu-continental-26565r18-fr-grabber-at3-114t,produto,pneu-continental-26565r18-fr-grabber-at3-114t,src/data (TIRES) via getIndexableTireSlugs(),true,https://www.carpluspneuseoficina.com.br/pneu/pneu-continental-26565r18-fr-grabber-at3-114t,sitemap-produtos.xml,0.7,weekly,40
/pneu/pneu-continental-25560r18-xl-fr-grabber-at3-112h,produto,pneu-continental-25560r18-xl-fr-grabber-at3-112h,src/data (TIRES) via getIndexableTireSlugs(),true,https://www.carpluspneuseoficina.com.br/pneu/pneu-continental-25560r18-xl-fr-grabber-at3-112h,sitemap-produtos.xml,0.7,weekly,40
/pneu/pneu-continental-27570r18-fr-grabber-atx-116s,produto,pneu-continental-27570r18-fr-grabber-atx-116s,src/data (TIRES) via getIndexableTireSlugs(),true,https://www.carpluspneuseoficina.com.br/pneu/pneu-continental-27570r18-fr-grabber-atx-116s,sitemap-produtos.xml,0.7,weekly,40
/pneu/pneu-continental-23540r19-xl-fr-contisportcontact-5-96y,produto,pneu-continental-23540r19-xl-fr-contisportcontact-5-96y,src/data (TIRES) via getIndexableTireSlugs(),true,https://www.carpluspneuseoficina.com.br/pneu/pneu-continental-23540r19-xl-fr-contisportcontact-5-96y,sitemap-produtos.xml,0.7,weekly,40
/pneu/pneu-continental-28545r19-xl-contisportcontact-5-suv-ssr-111w,produto,pneu-continental-28545r19-xl-contisportcontact-5-suv-ssr-111w,src/data (TIRES) via getIndexableTireSlugs(),true,https://www.carpluspneuseoficina.com.br/pneu/pneu-continental-28545r19-xl-contisportcontact-5-suv-ssr-111w,sitemap-produtos.xml,0.7,weekly,40
/pneu/pneu-continental-25555r19-xl-4x4contact-111v,produto,pneu-continental-25555r19-xl-4x4contact-111v,src/data (TIRES) via getIndexableTireSlugs(),true,https://www.carpluspneuseoficina.com.br/pneu/pneu-continental-25555r19-xl-4x4contact-111v,sitemap-produtos.xml,0.7,weekly,40
/pneu/pneu-continental-27555r19-fr-ml-4x4contact-mo-111h,produto,pneu-continental-27555r19-fr-ml-4x4contact-mo-111h,src/data (TIRES) via getIndexableTireSlugs(),true,https://www.carpluspneuseoficina.com.br/pneu/pneu-continental-27555r19-fr-ml-4x4contact-mo-111h,sitemap-produtos.xml,0.7,weekly,40
/pneu/pneu-continental-25540r19-fr-contisportcontact-5-ssr-96w,produto,pneu-continental-25540r19-fr-contisportcontact-5-ssr-96w,src/data (TIRES) via getIndexableTireSlugs(),true,https://www.carpluspneuseoficina.com.br/pneu/pneu-continental-25540r19-fr-contisportcontact-5-ssr-96w,sitemap-produtos.xml,0.7,weekly,40
/pneu/pneu-continental-22545r19-fr-contisportcontact-5-ssr-92w,produto,pneu-continental-22545r19-fr-contisportcontact-5-ssr-92w,src/data (TIRES) via getIndexableTireSlugs(),true,https://www.carpluspneuseoficina.com.br/pneu/pneu-continental-22545r19-fr-contisportcontact-5-ssr-92w,sitemap-produtos.xml,0.7,weekly,40
/pneu/pneu-continental-22540r19-xl-fr-contisportcontact-5-ssr-moe-93y,produto,pneu-continental-22540r19-xl-fr-contisportcontact-5-ssr-moe-93y,src/data (TIRES) via getIndexableTireSlugs(),true,https://www.carpluspneuseoficina.com.br/pneu/pneu-continental-22540r19-xl-fr-contisportcontact-5-ssr-moe-93y,sitemap-produtos.xml,0.7,weekly,40
/pneu/pneu-continental-23535r19-xl-fr-contisportcontact-5p-ao-91y,produto,pneu-continental-23535r19-xl-fr-contisportcontact-5p-ao-91y,src/data (TIRES) via getIndexableTireSlugs(),true,https://www.carpluspneuseoficina.com.br/pneu/pneu-continental-23535r19-xl-fr-contisportcontact-5p-ao-91y,sitemap-produtos.xml,0.7,weekly,40
/pneu/pneu-continental-27540r19-fr-contisportcontact-5-mo-101y,produto,pneu-continental-27540r19-fr-contisportcontact-5-mo-101y,src/data (TIRES) via getIndexableTireSlugs(),true,https://www.carpluspneuseoficina.com.br/pneu/pneu-continental-27540r19-fr-contisportcontact-5-mo-101y,sitemap-produtos.xml,0.7,weekly,40
/pneu/pneu-continental-23535zr19-xl-fr-contisportcontact-5p-mo-91y,produto,pneu-continental-23535zr19-xl-fr-contisportcontact-5p-mo-91y,src/data (TIRES) via getIndexableTireSlugs(),true,https://www.carpluspneuseoficina.com.br/pneu/pneu-continental-23535zr19-xl-fr-contisportcontact-5p-mo-91y,sitemap-produtos.xml,0.7,weekly,40
/pneu/pneu-continental-22545r19-premiumcontact-6-ssr-92w,produto,pneu-continental-22545r19-premiumcontact-6-ssr-92w,src/data (TIRES) via getIndexableTireSlugs(),true,https://www.carpluspneuseoficina.com.br/pneu/pneu-continental-22545r19-premiumcontact-6-ssr-92w,sitemap-produtos.xml,0.7,weekly,40
/pneu/pneu-continental-27540r19-fr-contisportcontact-3-ssr-101w,produto,pneu-continental-27540r19-fr-contisportcontact-3-ssr-101w,src/data (TIRES) via getIndexableTireSlugs(),true,https://www.carpluspneuseoficina.com.br/pneu/pneu-continental-27540r19-fr-contisportcontact-3-ssr-101w,sitemap-produtos.xml,0.7,weekly,40
/pneu/pneu-continental-24535r19-xl-fr-sportcontact-6-ao-93y,produto,pneu-continental-24535r19-xl-fr-sportcontact-6-ao-93y,src/data (TIRES) via getIndexableTireSlugs(),true,https://www.carpluspneuseoficina.com.br/pneu/pneu-continental-24535r19-xl-fr-sportcontact-6-ao-93y,sitemap-produtos.xml,0.7,weekly,40
/pneu/pneu-continental-23555r19-xl-fr-crosscontact-uhp-e-lr-105w,produto,pneu-continental-23555r19-xl-fr-crosscontact-uhp-e-lr-105w,src/data (TIRES) via getIndexableTireSlugs(),true,https://www.carpluspneuseoficina.com.br/pneu/pneu-continental-23555r19-xl-fr-crosscontact-uhp-e-lr-105w,sitemap-produtos.xml,0.7,weekly,40
/pneu/pneu-continental-27545r19-xl-fr-premiumcontact-6-nf0-108y,produto,pneu-continental-27545r19-xl-fr-premiumcontact-6-nf0-108y,src/data (TIRES) via getIndexableTireSlugs(),true,https://www.carpluspneuseoficina.com.br/pneu/pneu-continental-27545r19-xl-fr-premiumcontact-6-nf0-108y,sitemap-produtos.xml,0.7,weekly,40
/pneu/pneu-continental-23545r19-fr-contisportcontact-5-suv-ssr-moe-95v,produto,pneu-continental-23545r19-fr-contisportcontact-5-suv-ssr-moe-95v,src/data (TIRES) via getIndexableTireSlugs(),true,https://www.carpluspneuseoficina.com.br/pneu/pneu-continental-23545r19-fr-contisportcontact-5-suv-ssr-moe-95v,sitemap-produtos.xml,0.7,weekly,40
/pneu/pneu-continental-22540r19-fr-contisportcontact-5-ssr-89y,produto,pneu-continental-22540r19-fr-contisportcontact-5-ssr-89y,src/data (TIRES) via getIndexableTireSlugs(),true,https://www.carpluspneuseoficina.com.br/pneu/pneu-continental-22540r19-fr-contisportcontact-5-ssr-89y,sitemap-produtos.xml,0.7,weekly,40
/pneu/pneu-continental-22535zr19-xl-fr-contisportcontact-5p-ro2-88y,produto,pneu-continental-22535zr19-xl-fr-contisportcontact-5p-ro2-88y,src/data (TIRES) via getIndexableTireSlugs(),true,https://www.carpluspneuseoficina.com.br/pneu/pneu-continental-22535zr19-xl-fr-contisportcontact-5p-ro2-88y,sitemap-produtos.xml,0.7,weekly,40
/pneu/pneu-continental-23550r19-fr-contisportcontact-5-suv-99v,produto,pneu-continental-23550r19-fr-contisportcontact-5-suv-99v,src/data (TIRES) via getIndexableTireSlugs(),true,https://www.carpluspneuseoficina.com.br/pneu/pneu-continental-23550r19-fr-contisportcontact-5-suv-99v,sitemap-produtos.xml,0.7,weekly,40
/pneu/pneu-continental-t15580r19-scontact-114m,produto,pneu-continental-t15580r19-scontact-114m,src/data (TIRES) via getIndexableTireSlugs(),true,https://www.carpluspneuseoficina.com.br/pneu/pneu-continental-t15580r19-scontact-114m,sitemap-produtos.xml,0.7,weekly,40
/pneu/pneu-continental-23550r19-premiumcontact-6-ssr-moe-99w,produto,pneu-continental-23550r19-premiumcontact-6-ssr-moe-99w,src/data (TIRES) via getIndexableTireSlugs(),true,https://www.carpluspneuseoficina.com.br/pneu/pneu-continental-23550r19-premiumcontact-6-ssr-moe-99w,sitemap-produtos.xml,0.7,weekly,40
/pneu/pneu-continental-t12570r19-scontact-100m,produto,pneu-continental-t12570r19-scontact-100m,src/data (TIRES) via getIndexableTireSlugs(),true,https://www.carpluspneuseoficina.com.br/pneu/pneu-continental-t12570r19-scontact-100m,sitemap-produtos.xml,0.7,weekly,40
/pneu/pneu-continental-t17580r19-scontact-122m,produto,pneu-continental-t17580r19-scontact-122m,src/data (TIRES) via getIndexableTireSlugs(),true,https://www.carpluspneuseoficina.com.br/pneu/pneu-continental-t17580r19-scontact-122m,sitemap-produtos.xml,0.7,weekly,40
/pneu/pneu-continental-22545r19-xl-ecocontact-6-ssr-96w,produto,pneu-continental-22545r19-xl-ecocontact-6-ssr-96w,src/data (TIRES) via getIndexableTireSlugs(),true,https://www.carpluspneuseoficina.com.br/pneu/pneu-continental-22545r19-xl-ecocontact-6-ssr-96w,sitemap-produtos.xml,0.7,weekly,40
/pneu/pneu-continental-23545r19-xl-fr-premiumcontact-6-vol-99v,produto,pneu-continental-23545r19-xl-fr-premiumcontact-6-vol-99v,src/data (TIRES) via getIndexableTireSlugs(),true,https://www.carpluspneuseoficina.com.br/pneu/pneu-continental-23545r19-xl-fr-premiumcontact-6-vol-99v,sitemap-produtos.xml,0.7,weekly,40
/pneu/pneu-continental-27545r19-xl-fr-procontact-rx-nf0-108h,produto,pneu-continental-27545r19-xl-fr-procontact-rx-nf0-108h,src/data (TIRES) via getIndexableTireSlugs(),true,https://www.carpluspneuseoficina.com.br/pneu/pneu-continental-27545r19-xl-fr-procontact-rx-nf0-108h,sitemap-produtos.xml,0.7,weekly,40
/pneu/pneu-continental-23555r19-fr-procontact-tx-n0-101v,produto,pneu-continental-23555r19-fr-procontact-tx-n0-101v,src/data (TIRES) via getIndexableTireSlugs(),true,https://www.carpluspneuseoficina.com.br/pneu/pneu-continental-23555r19-fr-procontact-tx-n0-101v,sitemap-produtos.xml,0.7,weekly,40
/pneu/pneu-continental-25550r19-fr-procontact-tx-n0-103v,produto,pneu-continental-25550r19-fr-procontact-tx-n0-103v,src/data (TIRES) via getIndexableTireSlugs(),true,https://www.carpluspneuseoficina.com.br/pneu/pneu-continental-25550r19-fr-procontact-tx-n0-103v,sitemap-produtos.xml,0.7,weekly,40
/pneu/pneu-continental-22555r19-xl-fr-procontact-rx-nf0-103h,produto,pneu-continental-22555r19-xl-fr-procontact-rx-nf0-103h,src/data (TIRES) via getIndexableTireSlugs(),true,https://www.carpluspneuseoficina.com.br/pneu/pneu-continental-22555r19-xl-fr-procontact-rx-nf0-103h,sitemap-produtos.xml,0.7,weekly,40
/pneu/pneu-continental-25540r19-xl-fr-contisportcontact-5p-ao-100y,produto,pneu-continental-25540r19-xl-fr-contisportcontact-5p-ao-100y,src/data (TIRES) via getIndexableTireSlugs(),true,https://www.carpluspneuseoficina.com.br/pneu/pneu-continental-25540r19-xl-fr-contisportcontact-5p-ao-100y,sitemap-produtos.xml,0.7,weekly,40
/pneu/pneu-continental-23550r19-xl-ecocontact-6-ssr-moe-103t,produto,pneu-continental-23550r19-xl-ecocontact-6-ssr-moe-103t,src/data (TIRES) via getIndexableTireSlugs(),true,https://www.carpluspneuseoficina.com.br/pneu/pneu-continental-23550r19-xl-ecocontact-6-ssr-moe-103t,sitemap-produtos.xml,0.7,weekly,40
/pneu/pneu-continental-25565r19-xl-fr-crosscontact-rx-lr-114v,produto,pneu-continental-25565r19-xl-fr-crosscontact-rx-lr-114v,src/data (TIRES) via getIndexableTireSlugs(),true,https://www.carpluspneuseoficina.com.br/pneu/pneu-continental-25565r19-xl-fr-crosscontact-rx-lr-114v,sitemap-produtos.xml,0.7,weekly,40
/pneu/pneu-continental-24545r19-xl-fr-ecocontact-6-q-mo-102y,produto,pneu-continental-24545r19-xl-fr-ecocontact-6-q-mo-102y,src/data (TIRES) via getIndexableTireSlugs(),true,https://www.carpluspneuseoficina.com.br/pneu/pneu-continental-24545r19-xl-fr-ecocontact-6-q-mo-102y,sitemap-produtos.xml,0.7,weekly,40
/pneu/pneu-continental-27555r19-fr-premiumcontact-6-mo-111w,produto,pneu-continental-27555r19-fr-premiumcontact-6-mo-111w,src/data (TIRES) via getIndexableTireSlugs(),true,https://www.carpluspneuseoficina.com.br/pneu/pneu-continental-27555r19-fr-premiumcontact-6-mo-111w,sitemap-produtos.xml,0.7,weekly,40
/pneu/pneu-continental-25535r19-xl-fr-contisportcontact-5p-ao-96y,produto,pneu-continental-25535r19-xl-fr-contisportcontact-5p-ao-96y,src/data (TIRES) via getIndexableTireSlugs(),true,https://www.carpluspneuseoficina.com.br/pneu/pneu-continental-25535r19-xl-fr-contisportcontact-5p-ao-96y,sitemap-produtos.xml,0.7,weekly,40
/pneu/pneu-continental-23545r19-xl-fr-ecocontact-6-q-99v,produto,pneu-continental-23545r19-xl-fr-ecocontact-6-q-99v,src/data (TIRES) via getIndexableTireSlugs(),true,https://www.carpluspneuseoficina.com.br/pneu/pneu-continental-23545r19-xl-fr-ecocontact-6-q-99v,sitemap-produtos.xml,0.7,weekly,40
/pneu/pneu-continental-25555r19-xl-fr-crosscontact-atr-111v,produto,pneu-continental-25555r19-xl-fr-crosscontact-atr-111v,src/data (TIRES) via getIndexableTireSlugs(),true,https://www.carpluspneuseoficina.com.br/pneu/pneu-continental-25555r19-xl-fr-crosscontact-atr-111v,sitemap-produtos.xml,0.7,weekly,40
/pneu/pneu-continental-23540r19-xl-fr-premiumcontact-6-vol-96w,produto,pneu-continental-23540r19-xl-fr-premiumcontact-6-vol-96w,src/data (TIRES) via getIndexableTireSlugs(),true,https://www.carpluspneuseoficina.com.br/pneu/pneu-continental-23540r19-xl-fr-premiumcontact-6-vol-96w,sitemap-produtos.xml,0.7,weekly,40
/pneu/pneu-continental-23555r19-xl-crosscontact-rx-105h,produto,pneu-continental-23555r19-xl-crosscontact-rx-105h,src/data (TIRES) via getIndexableTireSlugs(),true,https://www.carpluspneuseoficina.com.br/pneu/pneu-continental-23555r19-xl-crosscontact-rx-105h,sitemap-produtos.xml,0.7,weekly,40
/pneu/pneu-continental-23550r19-xl-fr-ecocontact-6-103v,produto,pneu-continental-23550r19-xl-fr-ecocontact-6-103v,src/data (TIRES) via getIndexableTireSlugs(),true,https://www.carpluspneuseoficina.com.br/pneu/pneu-continental-23550r19-xl-fr-ecocontact-6-103v,sitemap-produtos.xml,0.7,weekly,40
/pneu/pneu-continental-24535zr19-xl-fr-sportcontact-6-mo1-93y,produto,pneu-continental-24535zr19-xl-fr-sportcontact-6-mo1-93y,src/data (TIRES) via getIndexableTireSlugs(),true,https://www.carpluspneuseoficina.com.br/pneu/pneu-continental-24535zr19-xl-fr-sportcontact-6-mo1-93y,sitemap-produtos.xml,0.7,weekly,40
/pneu/pneu-continental-23545r19-xl-fr-ultracontact-99v,produto,pneu-continental-23545r19-xl-fr-ultracontact-99v,src/data (TIRES) via getIndexableTireSlugs(),true,https://www.carpluspneuseoficina.com.br/pneu/pneu-continental-23545r19-xl-fr-ultracontact-99v,sitemap-produtos.xml,0.7,weekly,40
/pneu/pneu-continental-25545r19-xl-ecocontact-6-vol-104v,produto,pneu-continental-25545r19-xl-ecocontact-6-vol-104v,src/data (TIRES) via getIndexableTireSlugs(),true,https://www.carpluspneuseoficina.com.br/pneu/pneu-continental-25545r19-xl-ecocontact-6-vol-104v,sitemap-produtos.xml,0.7,weekly,40
/pneu/pneu-continental-25555r19-xl-fr-contisportcontact-5-j-lr-111w,produto,pneu-continental-25555r19-xl-fr-contisportcontact-5-j-lr-111w,src/data (TIRES) via getIndexableTireSlugs(),true,https://www.carpluspneuseoficina.com.br/pneu/pneu-continental-25555r19-xl-fr-contisportcontact-5-j-lr-111w,sitemap-produtos.xml,0.7,weekly,40
/pneu/pneu-continental-23555r19-fr-contisportcontact-5-suv-ao-101w,produto,pneu-continental-23555r19-fr-contisportcontact-5-suv-ao-101w,src/data (TIRES) via getIndexableTireSlugs(),true,https://www.carpluspneuseoficina.com.br/pneu/pneu-continental-23555r19-fr-contisportcontact-5-suv-ao-101w,sitemap-produtos.xml,0.7,weekly,40
/pneu/pneu-continental-23555r19-crosscontact-rx-101h,produto,pneu-continental-23555r19-crosscontact-rx-101h,src/data (TIRES) via getIndexableTireSlugs(),true,https://www.carpluspneuseoficina.com.br/pneu/pneu-continental-23555r19-crosscontact-rx-101h,sitemap-produtos.xml,0.7,weekly,40
/pneu/pneu-continental-23555r19-fr-contisportcontact-5-n0-101y,produto,pneu-continental-23555r19-fr-contisportcontact-5-n0-101y,src/data (TIRES) via getIndexableTireSlugs(),true,https://www.carpluspneuseoficina.com.br/pneu/pneu-continental-23555r19-fr-contisportcontact-5-n0-101y,sitemap-produtos.xml,0.7,weekly,40
/pneu/pneu-continental-22555r19-xl-fr-premiumcontact-6-nf0-103y,produto,pneu-continental-22555r19-xl-fr-premiumcontact-6-nf0-103y,src/data (TIRES) via getIndexableTireSlugs(),true,https://www.carpluspneuseoficina.com.br/pneu/pneu-continental-22555r19-xl-fr-premiumcontact-6-nf0-103y,sitemap-produtos.xml,0.7,weekly,40
/pneu/pneu-continental-25550r19-xl-contisportcontact-5-suv-ssr-107w,produto,pneu-continental-25550r19-xl-contisportcontact-5-suv-ssr-107w,src/data (TIRES) via getIndexableTireSlugs(),true,https://www.carpluspneuseoficina.com.br/pneu/pneu-continental-25550r19-xl-contisportcontact-5-suv-ssr-107w,sitemap-produtos.xml,0.7,weekly,40
/pneu/pneu-continental-23555r19-xl-fr-premiumcontact-6-105v,produto,pneu-continental-23555r19-xl-fr-premiumcontact-6-105v,src/data (TIRES) via getIndexableTireSlugs(),true,https://www.carpluspneuseoficina.com.br/pneu/pneu-continental-23555r19-xl-fr-premiumcontact-6-105v,sitemap-produtos.xml,0.7,weekly,40
/pneu/pneu-continental-25550r19-fr-contisportcontact-5-n0-103y,produto,pneu-continental-25550r19-fr-contisportcontact-5-n0-103y,src/data (TIRES) via getIndexableTireSlugs(),true,https://www.carpluspneuseoficina.com.br/pneu/pneu-continental-25550r19-fr-contisportcontact-5-n0-103y,sitemap-produtos.xml,0.7,weekly,40
/pneu/pneu-continental-23555r19-xl-fr-contisportcontact-5-suv-vol-105v,produto,pneu-continental-23555r19-xl-fr-contisportcontact-5-suv-vol-105v,src/data (TIRES) via getIndexableTireSlugs(),true,https://www.carpluspneuseoficina.com.br/pneu/pneu-continental-23555r19-xl-fr-contisportcontact-5-suv-vol-105v,sitemap-produtos.xml,0.7,weekly,40
/pneu/pneu-continental-25545r19-fr-contisportcontact-5-suv-100v,produto,pneu-continental-25545r19-fr-contisportcontact-5-suv-100v,src/data (TIRES) via getIndexableTireSlugs(),true,https://www.carpluspneuseoficina.com.br/pneu/pneu-continental-25545r19-fr-contisportcontact-5-suv-100v,sitemap-produtos.xml,0.7,weekly,40
/pneu/pneu-continental-23550r19-fr-premiumcontact-c-99v,produto,pneu-continental-23550r19-fr-premiumcontact-c-99v,src/data (TIRES) via getIndexableTireSlugs(),true,https://www.carpluspneuseoficina.com.br/pneu/pneu-continental-23550r19-fr-premiumcontact-c-99v,sitemap-produtos.xml,0.7,weekly,40
/pneu/pneu-continental-20555r19-xl-premiumcontact-c-97h,produto,pneu-continental-20555r19-xl-premiumcontact-c-97h,src/data (TIRES) via getIndexableTireSlugs(),true,https://www.carpluspneuseoficina.com.br/pneu/pneu-continental-20555r19-xl-premiumcontact-c-97h,sitemap-produtos.xml,0.7,weekly,40
/pneu/pneu-continental-26555r19-fr-crosscontact-rx-109h,produto,pneu-continental-26555r19-fr-crosscontact-rx-109h,src/data (TIRES) via getIndexableTireSlugs(),true,https://www.carpluspneuseoficina.com.br/pneu/pneu-continental-26555r19-fr-crosscontact-rx-109h,sitemap-produtos.xml,0.7,weekly,40
/pneu/pneu-continental-25550r19-fr-crosscontact-uhp-mo-103w,produto,pneu-continental-25550r19-fr-crosscontact-uhp-mo-103w,src/data (TIRES) via getIndexableTireSlugs(),true,https://www.carpluspneuseoficina.com.br/pneu/pneu-continental-25550r19-fr-crosscontact-uhp-mo-103w,sitemap-produtos.xml,0.7,weekly,40
/pneu/pneu-continental-25545r19-xl-fr-sportcontact-6-ao-104y,produto,pneu-continental-25545r19-xl-fr-sportcontact-6-ao-104y,src/data (TIRES) via getIndexableTireSlugs(),true,https://www.carpluspneuseoficina.com.br/pneu/pneu-continental-25545r19-xl-fr-sportcontact-6-ao-104y,sitemap-produtos.xml,0.7,weekly,40
/pneu/pneu-continental-22545r19-xl-fr-premiumcontact-6-96w,produto,pneu-continental-22545r19-xl-fr-premiumcontact-6-96w,src/data (TIRES) via getIndexableTireSlugs(),true,https://www.carpluspneuseoficina.com.br/pneu/pneu-continental-22545r19-xl-fr-premiumcontact-6-96w,sitemap-produtos.xml,0.7,weekly,40
/pneu/pneu-continental-27540r20-xl-fr-contisportcontact-5-suv-ssr-106w,produto,pneu-continental-27540r20-xl-fr-contisportcontact-5-suv-ssr-106w,src/data (TIRES) via getIndexableTireSlugs(),true,https://www.carpluspneuseoficina.com.br/pneu/pneu-continental-27540r20-xl-fr-contisportcontact-5-suv-ssr-106w,sitemap-produtos.xml,0.7,weekly,40
/pneu/pneu-continental-31535r20-xl-fr-contisportcontact-5-suv-ssr-110w,produto,pneu-continental-31535r20-xl-fr-contisportcontact-5-suv-ssr-110w,src/data (TIRES) via getIndexableTireSlugs(),true,https://www.carpluspneuseoficina.com.br/pneu/pneu-continental-31535r20-xl-fr-contisportcontact-5-suv-ssr-110w,sitemap-produtos.xml,0.7,weekly,40
/pneu/pneu-continental-28545r20-xl-fr-contisportcontact-5-suv-ao-112y,produto,pneu-continental-28545r20-xl-fr-contisportcontact-5-suv-ao-112y,src/data (TIRES) via getIndexableTireSlugs(),true,https://www.carpluspneuseoficina.com.br/pneu/pneu-continental-28545r20-xl-fr-contisportcontact-5-suv-ao-112y,sitemap-produtos.xml,0.7,weekly,40
/pneu/pneu-continental-27540r20-xl-fr-crosscontact-uhp-e-lr-106y,produto,pneu-continental-27540r20-xl-fr-crosscontact-uhp-e-lr-106y,src/data (TIRES) via getIndexableTireSlugs(),true,https://www.carpluspneuseoficina.com.br/pneu/pneu-continental-27540r20-xl-fr-crosscontact-uhp-e-lr-106y,sitemap-produtos.xml,0.7,weekly,40
/pneu/pneu-continental-25550r20-xl-fr-crosscontact-uhp-109y,produto,pneu-continental-25550r20-xl-fr-crosscontact-uhp-109y,src/data (TIRES) via getIndexableTireSlugs(),true,https://www.carpluspneuseoficina.com.br/pneu/pneu-continental-25550r20-xl-fr-crosscontact-uhp-109y,sitemap-produtos.xml,0.7,weekly,40
/pneu/pneu-continental-26550r20-xl-fr-crosscontact-uhp-111v,produto,pneu-continental-26550r20-xl-fr-crosscontact-uhp-111v,src/data (TIRES) via getIndexableTireSlugs(),true,https://www.carpluspneuseoficina.com.br/pneu/pneu-continental-26550r20-xl-fr-crosscontact-uhp-111v,sitemap-produtos.xml,0.7,weekly,40
/pneu/pneu-continental-27545r20-xl-fr-crosscontact-lx-sport-n0-110v,produto,pneu-continental-27545r20-xl-fr-crosscontact-lx-sport-n0-110v,src/data (TIRES) via getIndexableTireSlugs(),true,https://www.carpluspneuseoficina.com.br/pneu/pneu-continental-27545r20-xl-fr-crosscontact-lx-sport-n0-110v,sitemap-produtos.xml,0.7,weekly,40
/pneu/pneu-continental-25535r20-xl-fr-contisportcontact-5p-j-97y,produto,pneu-continental-25535r20-xl-fr-contisportcontact-5p-j-97y,src/data (TIRES) via getIndexableTireSlugs(),true,https://www.carpluspneuseoficina.com.br/pneu/pneu-continental-25535r20-xl-fr-contisportcontact-5p-j-97y,sitemap-produtos.xml,0.7,weekly,40
/pneu/pneu-continental-23540zr20-xl-contisportcontact-5p-mo-96y,produto,pneu-continental-23540zr20-xl-contisportcontact-5p-mo-96y,src/data (TIRES) via getIndexableTireSlugs(),true,https://www.carpluspneuseoficina.com.br/pneu/pneu-continental-23540zr20-xl-contisportcontact-5p-mo-96y,sitemap-produtos.xml,0.7,weekly,40
/pneu/pneu-continental-27550r20-xl-contisportcontact-5-suv-mo-113w,produto,pneu-continental-27550r20-xl-contisportcontact-5-suv-mo-113w,src/data (TIRES) via getIndexableTireSlugs(),true,https://www.carpluspneuseoficina.com.br/pneu/pneu-continental-27550r20-xl-contisportcontact-5-suv-mo-113w,sitemap-produtos.xml,0.7,weekly,40
/pneu/pneu-continental-24545r20-xl-fr-crosscontact-uhp-e-lr-103w,produto,pneu-continental-24545r20-xl-fr-crosscontact-uhp-e-lr-103w,src/data (TIRES) via getIndexableTireSlugs(),true,https://www.carpluspneuseoficina.com.br/pneu/pneu-continental-24545r20-xl-fr-crosscontact-uhp-e-lr-103w,sitemap-produtos.xml,0.7,weekly,40
/pneu/pneu-continental-25550r20-xl-fr-contisportcontact-5-j-lr-109w,produto,pneu-continental-25550r20-xl-fr-contisportcontact-5-j-lr-109w,src/data (TIRES) via getIndexableTireSlugs(),true,https://www.carpluspneuseoficina.com.br/pneu/pneu-continental-25550r20-xl-fr-contisportcontact-5-j-lr-109w,sitemap-produtos.xml,0.7,weekly,40
/pneu/pneu-continental-27535r20-xl-fr-contisportcontact-5p-mo-102y,produto,pneu-continental-27535r20-xl-fr-contisportcontact-5p-mo-102y,src/data (TIRES) via getIndexableTireSlugs(),true,https://www.carpluspneuseoficina.com.br/pneu/pneu-continental-27535r20-xl-fr-contisportcontact-5p-mo-102y,sitemap-produtos.xml,0.7,weekly,40
/pneu/pneu-continental-25545r20-xl-fr-premiumcontact-6-105y,produto,pneu-continental-25545r20-xl-fr-premiumcontact-6-105y,src/data (TIRES) via getIndexableTireSlugs(),true,https://www.carpluspneuseoficina.com.br/pneu/pneu-continental-25545r20-xl-fr-premiumcontact-6-105y,sitemap-produtos.xml,0.7,weekly,40
/pneu/pneu-continental-28540r20-xl-fr-procontact-rx-nf0-108h,produto,pneu-continental-28540r20-xl-fr-procontact-rx-nf0-108h,src/data (TIRES) via getIndexableTireSlugs(),true,https://www.carpluspneuseoficina.com.br/pneu/pneu-continental-28540r20-xl-fr-procontact-rx-nf0-108h,sitemap-produtos.xml,0.7,weekly,40
/pneu/pneu-continental-t14560r20-scontact-105m,produto,pneu-continental-t14560r20-scontact-105m,src/data (TIRES) via getIndexableTireSlugs(),true,https://www.carpluspneuseoficina.com.br/pneu/pneu-continental-t14560r20-scontact-105m,sitemap-produtos.xml,0.7,weekly,40
/pneu/pneu-continental-26540r20-xl-fr-contisportcontact-3-ao-104y,produto,pneu-continental-26540r20-xl-fr-contisportcontact-3-ao-104y,src/data (TIRES) via getIndexableTireSlugs(),true,https://www.carpluspneuseoficina.com.br/pneu/pneu-continental-26540r20-xl-fr-contisportcontact-3-ao-104y,sitemap-produtos.xml,0.7,weekly,40
/pneu/pneu-continental-24545r20-xl-fr-contisportcontact-5-ssr-103y,produto,pneu-continental-24545r20-xl-fr-contisportcontact-5-ssr-103y,src/data (TIRES) via getIndexableTireSlugs(),true,https://www.carpluspneuseoficina.com.br/pneu/pneu-continental-24545r20-xl-fr-contisportcontact-5-ssr-103y,sitemap-produtos.xml,0.7,weekly,40
/pneu/pneu-continental-26545zr20-xl-fr-sportcontact-6-mgt-108y,produto,pneu-continental-26545zr20-xl-fr-sportcontact-6-mgt-108y,src/data (TIRES) via getIndexableTireSlugs(),true,https://www.carpluspneuseoficina.com.br/pneu/pneu-continental-26545zr20-xl-fr-sportcontact-6-mgt-108y,sitemap-produtos.xml,0.7,weekly,40
/pneu/pneu-continental-24545r20-xl-fr-procontact-rx-nf0-103h,produto,pneu-continental-24545r20-xl-fr-procontact-rx-nf0-103h,src/data (TIRES) via getIndexableTireSlugs(),true,https://www.carpluspneuseoficina.com.br/pneu/pneu-continental-24545r20-xl-fr-procontact-rx-nf0-103h,sitemap-produtos.xml,0.7,weekly,40
/pneu/pneu-continental-25540r20-xl-fr-sportcontact-6-ao-contisilent-101y,produto,pneu-continental-25540r20-xl-fr-sportcontact-6-ao-contisilent-101y,src/data (TIRES) via getIndexableTireSlugs(),true,https://www.carpluspneuseoficina.com.br/pneu/pneu-continental-25540r20-xl-fr-sportcontact-6-ao-contisilent-101y,sitemap-produtos.xml,0.7,weekly,40
/pneu/pneu-continental-24550r20-xl-fr-premiumcontact-6-105v,produto,pneu-continental-24550r20-xl-fr-premiumcontact-6-105v,src/data (TIRES) via getIndexableTireSlugs(),true,https://www.carpluspneuseoficina.com.br/pneu/pneu-continental-24550r20-xl-fr-premiumcontact-6-105v,sitemap-produtos.xml,0.7,weekly,40
/pneu/pneu-continental-25545r20-fr-contisportcontact-5-suv-ao-101w,produto,pneu-continental-25545r20-fr-contisportcontact-5-suv-ao-101w,src/data (TIRES) via getIndexableTireSlugs(),true,https://www.carpluspneuseoficina.com.br/pneu/pneu-continental-25545r20-fr-contisportcontact-5-suv-ao-101w,sitemap-produtos.xml,0.7,weekly,40
/pneu/pneu-continental-25545r20-xl-ecocontact-6-q-mo-105w,produto,pneu-continental-25545r20-xl-ecocontact-6-q-mo-105w,src/data (TIRES) via getIndexableTireSlugs(),true,https://www.carpluspneuseoficina.com.br/pneu/pneu-continental-25545r20-xl-ecocontact-6-q-mo-105w,sitemap-produtos.xml,0.7,weekly,40
/pneu/pneu-continental-27535r20-xl-fr-ecocontact-6-q-mo-102y,produto,pneu-continental-27535r20-xl-fr-ecocontact-6-q-mo-102y,src/data (TIRES) via getIndexableTireSlugs(),true,https://www.carpluspneuseoficina.com.br/pneu/pneu-continental-27535r20-xl-fr-ecocontact-6-q-mo-102y,sitemap-produtos.xml,0.7,weekly,40
/pneu/pneu-continental-25540r20-xl-ecocontact-6-vol-101v,produto,pneu-continental-25540r20-xl-ecocontact-6-vol-101v,src/data (TIRES) via getIndexableTireSlugs(),true,https://www.carpluspneuseoficina.com.br/pneu/pneu-continental-25540r20-xl-ecocontact-6-vol-101v,sitemap-produtos.xml,0.7,weekly,40
/pneu/pneu-continental-24545r20-xl-fr-ecocontact-6-q-contiseal-contisilent-103v,produto,pneu-continental-24545r20-xl-fr-ecocontact-6-q-contiseal-contisilent-103v,src/data (TIRES) via getIndexableTireSlugs(),true,https://www.carpluspneuseoficina.com.br/pneu/pneu-continental-24545r20-xl-fr-ecocontact-6-q-contiseal-contisilent-103v,sitemap-produtos.xml,0.7,weekly,40
/pneu/pneu-continental-24540r20-xl-fr-contisportcontact-5p-mo-99y,produto,pneu-continental-24540r20-xl-fr-contisportcontact-5p-mo-99y,src/data (TIRES) via getIndexableTireSlugs(),true,https://www.carpluspneuseoficina.com.br/pneu/pneu-continental-24540r20-xl-fr-contisportcontact-5p-mo-99y,sitemap-produtos.xml,0.7,weekly,40
/pneu/pneu-continental-26530r20-xl-fr-contisportcontact-5p-ro1-contisilent-94y,produto,pneu-continental-26530r20-xl-fr-contisportcontact-5p-ro1-contisilent-94y,src/data (TIRES) via getIndexableTireSlugs(),true,https://www.carpluspneuseoficina.com.br/pneu/pneu-continental-26530r20-xl-fr-contisportcontact-5p-ro1-contisilent-94y,sitemap-produtos.xml,0.7,weekly,40
/pneu/pneu-continental-27550r20-crosscontact-uhp-mo-109w,produto,pneu-continental-27550r20-crosscontact-uhp-mo-109w,src/data (TIRES) via getIndexableTireSlugs(),true,https://www.carpluspneuseoficina.com.br/pneu/pneu-continental-27550r20-crosscontact-uhp-mo-109w,sitemap-produtos.xml,0.7,weekly,40
/pneu/pneu-continental-24540r20-xl-fr-ecocontact-6-q-99y,produto,pneu-continental-24540r20-xl-fr-ecocontact-6-q-99y,src/data (TIRES) via getIndexableTireSlugs(),true,https://www.carpluspneuseoficina.com.br/pneu/pneu-continental-24540r20-xl-fr-ecocontact-6-q-99y,sitemap-produtos.xml,0.7,weekly,40
/pneu/pneu-continental-23545r20-xl-fr-ecocontact-7-100v,produto,pneu-continental-23545r20-xl-fr-ecocontact-7-100v,src/data (TIRES) via getIndexableTireSlugs(),true,https://www.carpluspneuseoficina.com.br/pneu/pneu-continental-23545r20-xl-fr-ecocontact-7-100v,sitemap-produtos.xml,0.7,weekly,40
/pneu/pneu-continental-28540r20-xl-ecocontact-6-q-mo-108w,produto,pneu-continental-28540r20-xl-ecocontact-6-q-mo-108w,src/data (TIRES) via getIndexableTireSlugs(),true,https://www.carpluspneuseoficina.com.br/pneu/pneu-continental-28540r20-xl-ecocontact-6-q-mo-108w,sitemap-produtos.xml,0.7,weekly,40
/pneu/pneu-continental-27545r20-xl-fr-grabber-at3-110v,produto,pneu-continental-27545r20-xl-fr-grabber-at3-110v,src/data (TIRES) via getIndexableTireSlugs(),true,https://www.carpluspneuseoficina.com.br/pneu/pneu-continental-27545r20-xl-fr-grabber-at3-110v,sitemap-produtos.xml,0.7,weekly,40
/pneu/pneu-continental-27555r20-fr-grabber-atx-113t,produto,pneu-continental-27555r20-fr-grabber-atx-113t,src/data (TIRES) via getIndexableTireSlugs(),true,https://www.carpluspneuseoficina.com.br/pneu/pneu-continental-27555r20-fr-grabber-atx-113t,sitemap-produtos.xml,0.7,weekly,40
/pneu/pneu-continental-26540zr21-xl-fr-sportcontact-6-105y,produto,pneu-continental-26540zr21-xl-fr-sportcontact-6-105y,src/data (TIRES) via getIndexableTireSlugs(),true,https://www.carpluspneuseoficina.com.br/pneu/pneu-continental-26540zr21-xl-fr-sportcontact-6-105y,sitemap-produtos.xml,0.7,weekly,40
/pneu/pneu-continental-25540zr21-xl-fr-sportcontact-6-102y,produto,pneu-continental-25540zr21-xl-fr-sportcontact-6-102y,src/data (TIRES) via getIndexableTireSlugs(),true,https://www.carpluspneuseoficina.com.br/pneu/pneu-continental-25540zr21-xl-fr-sportcontact-6-102y,sitemap-produtos.xml,0.7,weekly,40
/pneu/pneu-continental-29540zr21-xl-fr-contisportcontact-5-suv-mo-111y,produto,pneu-continental-29540zr21-xl-fr-contisportcontact-5-suv-mo-111y,src/data (TIRES) via getIndexableTireSlugs(),true,https://www.carpluspneuseoficina.com.br/pneu/pneu-continental-29540zr21-xl-fr-contisportcontact-5-suv-mo-111y,sitemap-produtos.xml,0.7,weekly,40
/pneu/pneu-continental-29535r21-fr-contisportcontact-5p-suv-n0-103y,produto,pneu-continental-29535r21-fr-contisportcontact-5p-suv-n0-103y,src/data (TIRES) via getIndexableTireSlugs(),true,https://www.carpluspneuseoficina.com.br/pneu/pneu-continental-29535r21-fr-contisportcontact-5p-suv-n0-103y,sitemap-produtos.xml,0.7,weekly,40
/pneu/pneu-continental-26540r21-fr-contisportcontact-5p-suv-n0-101y,produto,pneu-continental-26540r21-fr-contisportcontact-5p-suv-n0-101y,src/data (TIRES) via getIndexableTireSlugs(),true,https://www.carpluspneuseoficina.com.br/pneu/pneu-continental-26540r21-fr-contisportcontact-5p-suv-n0-101y,sitemap-produtos.xml,0.7,weekly,40
/pneu/pneu-continental-29535zr21-xl-fr-crosscontact-uhp-mo-107y,produto,pneu-continental-29535zr21-xl-fr-crosscontact-uhp-mo-107y,src/data (TIRES) via getIndexableTireSlugs(),true,https://www.carpluspneuseoficina.com.br/pneu/pneu-continental-29535zr21-xl-fr-crosscontact-uhp-mo-107y,sitemap-produtos.xml,0.7,weekly,40
/pneu/pneu-continental-28540r21-xl-fr-procontact-tx-n0-109v,produto,pneu-continental-28540r21-xl-fr-procontact-tx-n0-109v,src/data (TIRES) via getIndexableTireSlugs(),true,https://www.carpluspneuseoficina.com.br/pneu/pneu-continental-28540r21-xl-fr-procontact-tx-n0-109v,sitemap-produtos.xml,0.7,weekly,40
/pneu/pneu-continental-31535r21-xl-fr-procontact-tx-n0-111v,produto,pneu-continental-31535r21-xl-fr-procontact-tx-n0-111v,src/data (TIRES) via getIndexableTireSlugs(),true,https://www.carpluspneuseoficina.com.br/pneu/pneu-continental-31535r21-xl-fr-procontact-tx-n0-111v,sitemap-produtos.xml,0.7,weekly,40
/pneu/pneu-continental-28545r21-xl-fr-sportcontact-6-ao-113y,produto,pneu-continental-28545r21-xl-fr-sportcontact-6-ao-113y,src/data (TIRES) via getIndexableTireSlugs(),true,https://www.carpluspneuseoficina.com.br/pneu/pneu-continental-28545r21-xl-fr-sportcontact-6-ao-113y,sitemap-produtos.xml,0.7,weekly,40
/pneu/pneu-continental-27545r21-fr-sportcontact-6-mo-107y,produto,pneu-continental-27545r21-fr-sportcontact-6-mo-107y,src/data (TIRES) via getIndexableTireSlugs(),true,https://www.carpluspneuseoficina.com.br/pneu/pneu-continental-27545r21-fr-sportcontact-6-mo-107y,sitemap-produtos.xml,0.7,weekly,40
/pneu/pneu-continental-31540r21-fr-sportcontact-6-mo-111y,produto,pneu-continental-31540r21-fr-sportcontact-6-mo-111y,src/data (TIRES) via getIndexableTireSlugs(),true,https://www.carpluspneuseoficina.com.br/pneu/pneu-continental-31540r21-fr-sportcontact-6-mo-111y,sitemap-produtos.xml,0.7,weekly,40
/pneu/pneu-continental-26545r21-xl-fr-crosscontact-lx-sport-j-lr-108w,produto,pneu-continental-26545r21-xl-fr-crosscontact-lx-sport-j-lr-108w,src/data (TIRES) via getIndexableTireSlugs(),true,https://www.carpluspneuseoficina.com.br/pneu/pneu-continental-26545r21-xl-fr-crosscontact-lx-sport-j-lr-108w,sitemap-produtos.xml,0.7,weekly,40
/pneu/pneu-continental-30530r21-xl-fr-procontact-rx-nf0-104h,produto,pneu-continental-30530r21-xl-fr-procontact-rx-nf0-104h,src/data (TIRES) via getIndexableTireSlugs(),true,https://www.carpluspneuseoficina.com.br/pneu/pneu-continental-30530r21-xl-fr-procontact-rx-nf0-104h,sitemap-produtos.xml,0.7,weekly,40
/pneu/pneu-continental-26540r21-fr-crosscontact-lx-sport-contisilent-101v,produto,pneu-continental-26540r21-fr-crosscontact-lx-sport-contisilent-101v,src/data (TIRES) via getIndexableTireSlugs(),true,https://www.carpluspneuseoficina.com.br/pneu/pneu-continental-26540r21-fr-crosscontact-lx-sport-contisilent-101v,sitemap-produtos.xml,0.7,weekly,40
/pneu/pneu-continental-26545r21-xl-fr-premiumcontact-6-ao-contisilent-108h,produto,pneu-continental-26545r21-xl-fr-premiumcontact-6-ao-contisilent-108h,src/data (TIRES) via getIndexableTireSlugs(),true,https://www.carpluspneuseoficina.com.br/pneu/pneu-continental-26545r21-xl-fr-premiumcontact-6-ao-contisilent-108h,sitemap-produtos.xml,0.7,weekly,40
/pneu/pneu-continental-27545r21-xl-fr-contisportcontact-5-suv-lr-110y,produto,pneu-continental-27545r21-xl-fr-contisportcontact-5-suv-lr-110y,src/data (TIRES) via getIndexableTireSlugs(),true,https://www.carpluspneuseoficina.com.br/pneu/pneu-continental-27545r21-xl-fr-contisportcontact-5-suv-lr-110y,sitemap-produtos.xml,0.7,weekly,40
/pneu/pneu-continental-26535r21-xl-fr-procontact-rx-nf0-101h,produto,pneu-continental-26535r21-xl-fr-procontact-rx-nf0-101h,src/data (TIRES) via getIndexableTireSlugs(),true,https://www.carpluspneuseoficina.com.br/pneu/pneu-continental-26535r21-xl-fr-procontact-rx-nf0-101h,sitemap-produtos.xml,0.7,weekly,40
/pneu/pneu-continental-31540zr21-xl-fr-sportcontact-6-mo1-115y,produto,pneu-continental-31540zr21-xl-fr-sportcontact-6-mo1-115y,src/data (TIRES) via getIndexableTireSlugs(),true,https://www.carpluspneuseoficina.com.br/pneu/pneu-continental-31540zr21-xl-fr-sportcontact-6-mo1-115y,sitemap-produtos.xml,0.7,weekly,40
/pneu/pneu-continental-25550r21-xl-fr-contisportcontact-5-contiseal-contisilent-109y,produto,pneu-continental-25550r21-xl-fr-contisportcontact-5-contiseal-contisilent-109y,src/data (TIRES) via getIndexableTireSlugs(),true,https://www.carpluspneuseoficina.com.br/pneu/pneu-continental-25550r21-xl-fr-contisportcontact-5-contiseal-contisilent-109y,sitemap-produtos.xml,0.7,weekly,40
/pneu/pneu-continental-25535zr21-xl-fr-sportcontact-6-mo1-98y,produto,pneu-continental-25535zr21-xl-fr-sportcontact-6-mo1-98y,src/data (TIRES) via getIndexableTireSlugs(),true,https://www.carpluspneuseoficina.com.br/pneu/pneu-continental-25535zr21-xl-fr-sportcontact-6-mo1-98y,sitemap-produtos.xml,0.7,weekly,40
/pneu/pneu-continental-24540r21-xl-fr-premiumcontact-6-100y,produto,pneu-continental-24540r21-xl-fr-premiumcontact-6-100y,src/data (TIRES) via getIndexableTireSlugs(),true,https://www.carpluspneuseoficina.com.br/pneu/pneu-continental-24540r21-xl-fr-premiumcontact-6-100y,sitemap-produtos.xml,0.7,weekly,40
/pneu/pneu-continental-27540r21-xl-premiumcontact-6-ssr-107y,produto,pneu-continental-27540r21-xl-premiumcontact-6-ssr-107y,src/data (TIRES) via getIndexableTireSlugs(),true,https://www.carpluspneuseoficina.com.br/pneu/pneu-continental-27540r21-xl-premiumcontact-6-ssr-107y,sitemap-produtos.xml,0.7,weekly,40
/pneu/pneu-continental-31535r21-xl-premiumcontact-6-ssr-111y,produto,pneu-continental-31535r21-xl-premiumcontact-6-ssr-111y,src/data (TIRES) via getIndexableTireSlugs(),true,https://www.carpluspneuseoficina.com.br/pneu/pneu-continental-31535r21-xl-premiumcontact-6-ssr-111y,sitemap-produtos.xml,0.7,weekly,40
/pneu/pneu-continental-28540r21-xl-fr-sportcontact-6-ao-109y,produto,pneu-continental-28540r21-xl-fr-sportcontact-6-ao-109y,src/data (TIRES) via getIndexableTireSlugs(),true,https://www.carpluspneuseoficina.com.br/pneu/pneu-continental-28540r21-xl-fr-sportcontact-6-ao-109y,sitemap-produtos.xml,0.7,weekly,40
/pneu/pneu-continental-27545zr21-xl-fr-sportcontact-6-mo1-110y,produto,pneu-continental-27545zr21-xl-fr-sportcontact-6-mo1-110y,src/data (TIRES) via getIndexableTireSlugs(),true,https://www.carpluspneuseoficina.com.br/pneu/pneu-continental-27545zr21-xl-fr-sportcontact-6-mo1-110y,sitemap-produtos.xml,0.7,weekly,40
/pneu/pneu-continental-28545r21-xl-premiumcontact-c-contisilent-113v,produto,pneu-continental-28545r21-xl-premiumcontact-c-contisilent-113v,src/data (TIRES) via getIndexableTireSlugs(),true,https://www.carpluspneuseoficina.com.br/pneu/pneu-continental-28545r21-xl-premiumcontact-c-contisilent-113v,sitemap-produtos.xml,0.7,weekly,40
/pneu/pneu-continental-25545r21-xl-fr-sportcontact-6-ne0-106y,produto,pneu-continental-25545r21-xl-fr-sportcontact-6-ne0-106y,src/data (TIRES) via getIndexableTireSlugs(),true,https://www.carpluspneuseoficina.com.br/pneu/pneu-continental-25545r21-xl-fr-sportcontact-6-ne0-106y,sitemap-produtos.xml,0.7,weekly,40
/pneu/pneu-continental-29540r21-xl-fr-sportcontact-6-ne0-111y,produto,pneu-continental-29540r21-xl-fr-sportcontact-6-ne0-111y,src/data (TIRES) via getIndexableTireSlugs(),true,https://www.carpluspneuseoficina.com.br/pneu/pneu-continental-29540r21-xl-fr-sportcontact-6-ne0-111y,sitemap-produtos.xml,0.7,weekly,40
/pneu/pneu-continental-24540r21-xl-fr-sportcontact-7-nf0-100y,produto,pneu-continental-24540r21-xl-fr-sportcontact-7-nf0-100y,src/data (TIRES) via getIndexableTireSlugs(),true,https://www.carpluspneuseoficina.com.br/pneu/pneu-continental-24540r21-xl-fr-sportcontact-7-nf0-100y,sitemap-produtos.xml,0.7,weekly,40
/pneu/pneu-continental-28535r21-xl-fr-sportcontact-7-nf0-105y,produto,pneu-continental-28535r21-xl-fr-sportcontact-7-nf0-105y,src/data (TIRES) via getIndexableTireSlugs(),true,https://www.carpluspneuseoficina.com.br/pneu/pneu-continental-28535r21-xl-fr-sportcontact-7-nf0-105y,sitemap-produtos.xml,0.7,weekly,40
/pneu/pneu-continental-27545r21-xl-fr-crosscontact-lx-sport-110y,produto,pneu-continental-27545r21-xl-fr-crosscontact-lx-sport-110y,src/data (TIRES) via getIndexableTireSlugs(),true,https://www.carpluspneuseoficina.com.br/pneu/pneu-continental-27545r21-xl-fr-crosscontact-lx-sport-110y,sitemap-produtos.xml,0.7,weekly,40
/pneu/pneu-continental-24535r21-xl-fr-ecocontact-6-q-mo-contisilent-96y,produto,pneu-continental-24535r21-xl-fr-ecocontact-6-q-mo-contisilent-96y,src/data (TIRES) via getIndexableTireSlugs(),true,https://www.carpluspneuseoficina.com.br/pneu/pneu-continental-24535r21-xl-fr-ecocontact-6-q-mo-contisilent-96y,sitemap-produtos.xml,0.7,weekly,40
/pneu/pneu-continental-26545r21-xl-fr-contisportcontact-5-suv-j-lr-108w,produto,pneu-continental-26545r21-xl-fr-contisportcontact-5-suv-j-lr-108w,src/data (TIRES) via getIndexableTireSlugs(),true,https://www.carpluspneuseoficina.com.br/pneu/pneu-continental-26545r21-xl-fr-contisportcontact-5-suv-j-lr-108w,sitemap-produtos.xml,0.7,weekly,40
/pneu/pneu-continental-27540r21-xl-fr-sportcontact-6-contiseal-107v,produto,pneu-continental-27540r21-xl-fr-sportcontact-6-contiseal-107v,src/data (TIRES) via getIndexableTireSlugs(),true,https://www.carpluspneuseoficina.com.br/pneu/pneu-continental-27540r21-xl-fr-sportcontact-6-contiseal-107v,sitemap-produtos.xml,0.7,weekly,40
/pneu/pneu-continental-27540r21-xl-premiumcontact-6-vol-107v,produto,pneu-continental-27540r21-xl-premiumcontact-6-vol-107v,src/data (TIRES) via getIndexableTireSlugs(),true,https://www.carpluspneuseoficina.com.br/pneu/pneu-continental-27540r21-xl-premiumcontact-6-vol-107v,sitemap-produtos.xml,0.7,weekly,40
/pneu/pneu-continental-26545r21-xl-ecocontact-6-contisilent-108v,produto,pneu-continental-26545r21-xl-ecocontact-6-contisilent-108v,src/data (TIRES) via getIndexableTireSlugs(),true,https://www.carpluspneuseoficina.com.br/pneu/pneu-continental-26545r21-xl-ecocontact-6-contisilent-108v,sitemap-produtos.xml,0.7,weekly,40
/pneu/pneu-continental-26530r21-xl-fr-contisportcontact-5p-ro1-contisilent-96y,produto,pneu-continental-26530r21-xl-fr-contisportcontact-5p-ro1-contisilent-96y,src/data (TIRES) via getIndexableTireSlugs(),true,https://www.carpluspneuseoficina.com.br/pneu/pneu-continental-26530r21-xl-fr-contisportcontact-5p-ro1-contisilent-96y,sitemap-produtos.xml,0.7,weekly,40
/pneu/pneu-continental-25540r21-xl-fr-ecocontact-6-q-102y,produto,pneu-continental-25540r21-xl-fr-ecocontact-6-q-102y,src/data (TIRES) via getIndexableTireSlugs(),true,https://www.carpluspneuseoficina.com.br/pneu/pneu-continental-25540r21-xl-fr-ecocontact-6-q-102y,sitemap-produtos.xml,0.7,weekly,40
/pneu/pneu-continental-28535r21-xl-fr-ecocontact-6-q-105y,produto,pneu-continental-28535r21-xl-fr-ecocontact-6-q-105y,src/data (TIRES) via getIndexableTireSlugs(),true,https://www.carpluspneuseoficina.com.br/pneu/pneu-continental-28535r21-xl-fr-ecocontact-6-q-105y,sitemap-produtos.xml,0.7,weekly,40
/pneu/pneu-continental-25540r21-xl-sportcontact-7-r0-contisilent-102y,produto,pneu-continental-25540r21-xl-sportcontact-7-r0-contisilent-102y,src/data (TIRES) via getIndexableTireSlugs(),true,https://www.carpluspneuseoficina.com.br/pneu/pneu-continental-25540r21-xl-sportcontact-7-r0-contisilent-102y,sitemap-produtos.xml,0.7,weekly,40
/pneu/pneu-continental-31540r21-fr-ecocontact-6-q-mo-contisilent-111y,produto,pneu-continental-31540r21-fr-ecocontact-6-q-mo-contisilent-111y,src/data (TIRES) via getIndexableTireSlugs(),true,https://www.carpluspneuseoficina.com.br/pneu/pneu-continental-31540r21-fr-ecocontact-6-q-mo-contisilent-111y,sitemap-produtos.xml,0.7,weekly,40
/pneu/pneu-continental-29540r22-xl-fr-contisportcontact-5-contisilent-112y,produto,pneu-continental-29540r22-xl-fr-contisportcontact-5-contisilent-112y,src/data (TIRES) via getIndexableTireSlugs(),true,https://www.carpluspneuseoficina.com.br/pneu/pneu-continental-29540r22-xl-fr-contisportcontact-5-contisilent-112y,sitemap-produtos.xml,0.7,weekly,40
/pneu/pneu-continental-28540r22-xl-fr-crosscontact-lx-sport-lr-contisilent-110y,produto,pneu-continental-28540r22-xl-fr-crosscontact-lx-sport-lr-contisilent-110y,src/data (TIRES) via getIndexableTireSlugs(),true,https://www.carpluspneuseoficina.com.br/pneu/pneu-continental-28540r22-xl-fr-crosscontact-lx-sport-lr-contisilent-110y,sitemap-produtos.xml,0.7,weekly,40
/pneu/pneu-continental-27540r22-xl-fr-crosscontact-lx-sport-108y,produto,pneu-continental-27540r22-xl-fr-crosscontact-lx-sport-108y,src/data (TIRES) via getIndexableTireSlugs(),true,https://www.carpluspneuseoficina.com.br/pneu/pneu-continental-27540r22-xl-fr-crosscontact-lx-sport-108y,sitemap-produtos.xml,0.7,weekly,40
/pneu/pneu-continental-28540r22-xl-fr-sportcontact-6-ao-110y,produto,pneu-continental-28540r22-xl-fr-sportcontact-6-ao-110y,src/data (TIRES) via getIndexableTireSlugs(),true,https://www.carpluspneuseoficina.com.br/pneu/pneu-continental-28540r22-xl-fr-sportcontact-6-ao-110y,sitemap-produtos.xml,0.7,weekly,40
/pneu/pneu-continental-25540r22-xl-fr-premiumcontact-6-j-103v,produto,pneu-continental-25540r22-xl-fr-premiumcontact-6-j-103v,src/data (TIRES) via getIndexableTireSlugs(),true,https://www.carpluspneuseoficina.com.br/pneu/pneu-continental-25540r22-xl-fr-premiumcontact-6-j-103v,sitemap-produtos.xml,0.7,weekly,40
/pneu/pneu-continental-26540r22-xl-fr-contisportcontact-5-suv-106v,produto,pneu-continental-26540r22-xl-fr-contisportcontact-5-suv-106v,src/data (TIRES) via getIndexableTireSlugs(),true,https://www.carpluspneuseoficina.com.br/pneu/pneu-continental-26540r22-xl-fr-contisportcontact-5-suv-106v,sitemap-produtos.xml,0.7,weekly,40
/pneu/pneu-continental-hl27545r22-xl-fr-crosscontact-rx-lr-115w,produto,pneu-continental-hl27545r22-xl-fr-crosscontact-rx-lr-115w,src/data (TIRES) via getIndexableTireSlugs(),true,https://www.carpluspneuseoficina.com.br/pneu/pneu-continental-hl27545r22-xl-fr-crosscontact-rx-lr-115w,sitemap-produtos.xml,0.7,weekly,40
/pneu/pneu-continental-31535r22-xl-premiumcontact-6-ssr-111y,produto,pneu-continental-31535r22-xl-premiumcontact-6-ssr-111y,src/data (TIRES) via getIndexableTireSlugs(),true,https://www.carpluspneuseoficina.com.br/pneu/pneu-continental-31535r22-xl-premiumcontact-6-ssr-111y,sitemap-produtos.xml,0.7,weekly,40
/pneu/pneu-continental-27540r22-xl-premiumcontact-6-ssr-107y,produto,pneu-continental-27540r22-xl-premiumcontact-6-ssr-107y,src/data (TIRES) via getIndexableTireSlugs(),true,https://www.carpluspneuseoficina.com.br/pneu/pneu-continental-27540r22-xl-premiumcontact-6-ssr-107y,sitemap-produtos.xml,0.7,weekly,40
/pneu/pneu-continental-26540r22-xl-fr-sportcontact-6-ao-contisilent-106h,produto,pneu-continental-26540r22-xl-fr-sportcontact-6-ao-contisilent-106h,src/data (TIRES) via getIndexableTireSlugs(),true,https://www.carpluspneuseoficina.com.br/pneu/pneu-continental-26540r22-xl-fr-sportcontact-6-ao-contisilent-106h,sitemap-produtos.xml,0.7,weekly,40
/pneu/pneu-continental-31530r22-xl-premiumcontact-6-107y,produto,pneu-continental-31530r22-xl-premiumcontact-6-107y,src/data (TIRES) via getIndexableTireSlugs(),true,https://www.carpluspneuseoficina.com.br/pneu/pneu-continental-31530r22-xl-premiumcontact-6-107y,sitemap-produtos.xml,0.7,weekly,40
/pneu/pneu-continental-26540r22-xl-fr-premiumcontact-6-106v,produto,pneu-continental-26540r22-xl-fr-premiumcontact-6-106v,src/data (TIRES) via getIndexableTireSlugs(),true,https://www.carpluspneuseoficina.com.br/pneu/pneu-continental-26540r22-xl-fr-premiumcontact-6-106v,sitemap-produtos.xml,0.7,weekly,40
/pneu/pneu-continental-27535r22-xl-premiumcontact-6-104y,produto,pneu-continental-27535r22-xl-premiumcontact-6-104y,src/data (TIRES) via getIndexableTireSlugs(),true,https://www.carpluspneuseoficina.com.br/pneu/pneu-continental-27535r22-xl-premiumcontact-6-104y,sitemap-produtos.xml,0.7,weekly,40
/pneu/pneu-continental-28535r23-xl-fr-sportcontact-6-ro1-contisilent-107y,produto,pneu-continental-28535r23-xl-fr-sportcontact-6-ro1-contisilent-107y,src/data (TIRES) via getIndexableTireSlugs(),true,https://www.carpluspneuseoficina.com.br/pneu/pneu-continental-28535r23-xl-fr-sportcontact-6-ro1-contisilent-107y,sitemap-produtos.xml,0.7,weekly,40
/pneu/pneu-prinx-hh1-17565r15-84h,produto,pneu-prinx-hh1-17565r15-84h,src/data (TIRES) via getIndexableTireSlugs(),true,https://www.carpluspneuseoficina.com.br/pneu/pneu-prinx-hh1-17565r15-84h,sitemap-produtos.xml,0.7,weekly,40
/pneu/pneu-prinx-hh1-18560r15-84h,produto,pneu-prinx-hh1-18560r15-84h,src/data (TIRES) via getIndexableTireSlugs(),true,https://www.carpluspneuseoficina.com.br/pneu/pneu-prinx-hh1-18560r15-84h,sitemap-produtos.xml,0.7,weekly,40
/pneu/pneu-prinx-hh1-19560r15-88h,produto,pneu-prinx-hh1-19560r15-88h,src/data (TIRES) via getIndexableTireSlugs(),true,https://www.carpluspneuseoficina.com.br/pneu/pneu-prinx-hh1-19560r15-88h,sitemap-produtos.xml,0.7,weekly,40
/pneu/pneu-prinx-hh1-19560r16-89h,produto,pneu-prinx-hh1-19560r16-89h,src/data (TIRES) via getIndexableTireSlugs(),true,https://www.carpluspneuseoficina.com.br/pneu/pneu-prinx-hh1-19560r16-89h,sitemap-produtos.xml,0.7,weekly,40
/pneu/pneu-prinx-hh1-18555r15-82v,produto,pneu-prinx-hh1-18555r15-82v,src/data (TIRES) via getIndexableTireSlugs(),true,https://www.carpluspneuseoficina.com.br/pneu/pneu-prinx-hh1-18555r15-82v,sitemap-produtos.xml,0.7,weekly,40
/pneu/pneu-prinx-hh1-19555r15-85h,produto,pneu-prinx-hh1-19555r15-85h,src/data (TIRES) via getIndexableTireSlugs(),true,https://www.carpluspneuseoficina.com.br/pneu/pneu-prinx-hh1-19555r15-85h,sitemap-produtos.xml,0.7,weekly,40
/pneu/pneu-prinx-hh1-20550r16-87v,produto,pneu-prinx-hh1-20550r16-87v,src/data (TIRES) via getIndexableTireSlugs(),true,https://www.carpluspneuseoficina.com.br/pneu/pneu-prinx-hh1-20550r16-87v,sitemap-produtos.xml,0.7,weekly,40
/pneu/pneu-prinx-hh1-18565r15-88h,produto,pneu-prinx-hh1-18565r15-88h,src/data (TIRES) via getIndexableTireSlugs(),true,https://www.carpluspneuseoficina.com.br/pneu/pneu-prinx-hh1-18565r15-88h,sitemap-produtos.xml,0.7,weekly,40
/pneu/pneu-prinx-hh1-20565r15-94h,produto,pneu-prinx-hh1-20565r15-94h,src/data (TIRES) via getIndexableTireSlugs(),true,https://www.carpluspneuseoficina.com.br/pneu/pneu-prinx-hh1-20565r15-94h,sitemap-produtos.xml,0.7,weekly,40
/pneu/pneu-prinx-hh1-19550r15-82v,produto,pneu-prinx-hh1-19550r15-82v,src/data (TIRES) via getIndexableTireSlugs(),true,https://www.carpluspneuseoficina.com.br/pneu/pneu-prinx-hh1-19550r15-82v,sitemap-produtos.xml,0.7,weekly,40
/pneu/pneu-prinx-hh1-18560r14-86h,produto,pneu-prinx-hh1-18560r14-86h,src/data (TIRES) via getIndexableTireSlugs(),true,https://www.carpluspneuseoficina.com.br/pneu/pneu-prinx-hh1-18560r14-86h,sitemap-produtos.xml,0.7,weekly,40
/pneu/pneu-prinx-ht1-23570r16-106t,produto,pneu-prinx-ht1-23570r16-106t,src/data (TIRES) via getIndexableTireSlugs(),true,https://www.carpluspneuseoficina.com.br/pneu/pneu-prinx-ht1-23570r16-106t,sitemap-produtos.xml,0.7,weekly,40
/pneu/pneu-prinx-ht1-21565r16-102h,produto,pneu-prinx-ht1-21565r16-102h,src/data (TIRES) via getIndexableTireSlugs(),true,https://www.carpluspneuseoficina.com.br/pneu/pneu-prinx-ht1-21565r16-102h,sitemap-produtos.xml,0.7,weekly,40
/pneu/pneu-prinx-ht1-22565r17-102h,produto,pneu-prinx-ht1-22565r17-102h,src/data (TIRES) via getIndexableTireSlugs(),true,https://www.carpluspneuseoficina.com.br/pneu/pneu-prinx-ht1-22565r17-102h,sitemap-produtos.xml,0.7,weekly,40
/pneu/pneu-prinx-ht1-23565r17-104h,produto,pneu-prinx-ht1-23565r17-104h,src/data (TIRES) via getIndexableTireSlugs(),true,https://www.carpluspneuseoficina.com.br/pneu/pneu-prinx-ht1-23565r17-104h,sitemap-produtos.xml,0.7,weekly,40
/pneu/pneu-prinx-ht1-20560r16-92h,produto,pneu-prinx-ht1-20560r16-92h,src/data (TIRES) via getIndexableTireSlugs(),true,https://www.carpluspneuseoficina.com.br/pneu/pneu-prinx-ht1-20560r16-92h,sitemap-produtos.xml,0.7,weekly,40
/pneu/pneu-prinx-ht1-21560r17-96h,produto,pneu-prinx-ht1-21560r17-96h,src/data (TIRES) via getIndexableTireSlugs(),true,https://www.carpluspneuseoficina.com.br/pneu/pneu-prinx-ht1-21560r17-96h,sitemap-produtos.xml,0.7,weekly,40
/pneu/pneu-prinx-ht1-22560r17-99h,produto,pneu-prinx-ht1-22560r17-99h,src/data (TIRES) via getIndexableTireSlugs(),true,https://www.carpluspneuseoficina.com.br/pneu/pneu-prinx-ht1-22560r17-99h,sitemap-produtos.xml,0.7,weekly,40
/pneu/pneu-prinx-ht1-21555r18-99v,produto,pneu-prinx-ht1-21555r18-99v,src/data (TIRES) via getIndexableTireSlugs(),true,https://www.carpluspneuseoficina.com.br/pneu/pneu-prinx-ht1-21555r18-99v,sitemap-produtos.xml,0.7,weekly,40
/pneu/pneu-prinx-ht1-23555r17-99v,produto,pneu-prinx-ht1-23555r17-99v,src/data (TIRES) via getIndexableTireSlugs(),true,https://www.carpluspneuseoficina.com.br/pneu/pneu-prinx-ht1-23555r17-99v,sitemap-produtos.xml,0.7,weekly,40
/pneu/pneu-prinx-ht1-23550r18-101v,produto,pneu-prinx-ht1-23550r18-101v,src/data (TIRES) via getIndexableTireSlugs(),true,https://www.carpluspneuseoficina.com.br/pneu/pneu-prinx-ht1-23550r18-101v,sitemap-produtos.xml,0.7,weekly,40
/pneu/pneu-prinx-ht1-26560r18-110t,produto,pneu-prinx-ht1-26560r18-110t,src/data (TIRES) via getIndexableTireSlugs(),true,https://www.carpluspneuseoficina.com.br/pneu/pneu-prinx-ht1-26560r18-110t,sitemap-produtos.xml,0.7,weekly,40
/pneu/pneu-prinx-ht1-22560r18-100v,produto,pneu-prinx-ht1-22560r18-100v,src/data (TIRES) via getIndexableTireSlugs(),true,https://www.carpluspneuseoficina.com.br/pneu/pneu-prinx-ht1-22560r18-100v,sitemap-produtos.xml,0.7,weekly,40
/pneu/pneu-prinx-ht1-22555r18-98v,produto,pneu-prinx-ht1-22555r18-98v,src/data (TIRES) via getIndexableTireSlugs(),true,https://www.carpluspneuseoficina.com.br/pneu/pneu-prinx-ht1-22555r18-98v,sitemap-produtos.xml,0.7,weekly,40
/pneu/pneu-prinx-ha1-23570r16-106t,produto,pneu-prinx-ha1-23570r16-106t,src/data (TIRES) via getIndexableTireSlugs(),true,https://www.carpluspneuseoficina.com.br/pneu/pneu-prinx-ha1-23570r16-106t,sitemap-produtos.xml,0.7,weekly,40
/pneu/pneu-prinx-ha1-24570r16-107t,produto,pneu-prinx-ha1-24570r16-107t,src/data (TIRES) via getIndexableTireSlugs(),true,https://www.carpluspneuseoficina.com.br/pneu/pneu-prinx-ha1-24570r16-107t,sitemap-produtos.xml,0.7,weekly,40
/pneu/pneu-prinx-ha1-26570r16-112t,produto,pneu-prinx-ha1-26570r16-112t,src/data (TIRES) via getIndexableTireSlugs(),true,https://www.carpluspneuseoficina.com.br/pneu/pneu-prinx-ha1-26570r16-112t,sitemap-produtos.xml,0.7,weekly,40
/pneu/pneu-prinx-ha1-26570r17-115t,produto,pneu-prinx-ha1-26570r17-115t,src/data (TIRES) via getIndexableTireSlugs(),true,https://www.carpluspneuseoficina.com.br/pneu/pneu-prinx-ha1-26570r17-115t,sitemap-produtos.xml,0.7,weekly,40
/pneu/pneu-prinx-ha1-24565r17-107t,produto,pneu-prinx-ha1-24565r17-107t,src/data (TIRES) via getIndexableTireSlugs(),true,https://www.carpluspneuseoficina.com.br/pneu/pneu-prinx-ha1-24565r17-107t,sitemap-produtos.xml,0.7,weekly,40
/pneu/pneu-prinx-ha1-26565r17-112t,produto,pneu-prinx-ha1-26565r17-112t,src/data (TIRES) via getIndexableTireSlugs(),true,https://www.carpluspneuseoficina.com.br/pneu/pneu-prinx-ha1-26565r17-112t,sitemap-produtos.xml,0.7,weekly,40
/pneu/pneu-prinx-ha1-28565r17-116t,produto,pneu-prinx-ha1-28565r17-116t,src/data (TIRES) via getIndexableTireSlugs(),true,https://www.carpluspneuseoficina.com.br/pneu/pneu-prinx-ha1-28565r17-116t,sitemap-produtos.xml,0.7,weekly,40
/pneu/pneu-prinx-ha1-24560r18-105t,produto,pneu-prinx-ha1-24560r18-105t,src/data (TIRES) via getIndexableTireSlugs(),true,https://www.carpluspneuseoficina.com.br/pneu/pneu-prinx-ha1-24560r18-105t,sitemap-produtos.xml,0.7,weekly,40
/pneu/pneu-prinx-ha1-23575r15-109t,produto,pneu-prinx-ha1-23575r15-109t,src/data (TIRES) via getIndexableTireSlugs(),true,https://www.carpluspneuseoficina.com.br/pneu/pneu-prinx-ha1-23575r15-109t,sitemap-produtos.xml,0.7,weekly,40
/pneu/pneu-prinx-ha1-26575r16-116t,produto,pneu-prinx-ha1-26575r16-116t,src/data (TIRES) via getIndexableTireSlugs(),true,https://www.carpluspneuseoficina.com.br/pneu/pneu-prinx-ha1-26575r16-116t,sitemap-produtos.xml,0.7,weekly,40
/pneu/pneu-prinx-ha1-24575r16-111t,produto,pneu-prinx-ha1-24575r16-111t,src/data (TIRES) via getIndexableTireSlugs(),true,https://www.carpluspneuseoficina.com.br/pneu/pneu-prinx-ha1-24575r16-111t,sitemap-produtos.xml,0.7,weekly,40
/pneu/pneu-prinx-ha1-20570r15-96t,produto,pneu-prinx-ha1-20570r15-96t,src/data (TIRES) via getIndexableTireSlugs(),true,https://www.carpluspneuseoficina.com.br/pneu/pneu-prinx-ha1-20570r15-96t,sitemap-produtos.xml,0.7,weekly,40
/pneu/pneu-prinx-ha1-20560r16-92h,produto,pneu-prinx-ha1-20560r16-92h,src/data (TIRES) via getIndexableTireSlugs(),true,https://www.carpluspneuseoficina.com.br/pneu/pneu-prinx-ha1-20560r16-92h,sitemap-produtos.xml,0.7,weekly,40
/pneu/pneu-prinx-ha1-20560r15-91h,produto,pneu-prinx-ha1-20560r15-91h,src/data (TIRES) via getIndexableTireSlugs(),true,https://www.carpluspneuseoficina.com.br/pneu/pneu-prinx-ha1-20560r15-91h,sitemap-produtos.xml,0.7,weekly,40
/pneu/pneu-prinx-ha1-21565r16-98h,produto,pneu-prinx-ha1-21565r16-98h,src/data (TIRES) via getIndexableTireSlugs(),true,https://www.carpluspneuseoficina.com.br/pneu/pneu-prinx-ha1-21565r16-98h,sitemap-produtos.xml,0.7,weekly,40
/pneu/pneu-prinx-ha1-26560r18-110h,produto,pneu-prinx-ha1-26560r18-110h,src/data (TIRES) via getIndexableTireSlugs(),true,https://www.carpluspneuseoficina.com.br/pneu/pneu-prinx-ha1-26560r18-110h,sitemap-produtos.xml,0.7,weekly,40
/pneu/pneu-prinx-hp1-22565r17-102h,produto,pneu-prinx-hp1-22565r17-102h,src/data (TIRES) via getIndexableTireSlugs(),true,https://www.carpluspneuseoficina.com.br/pneu/pneu-prinx-hp1-22565r17-102h,sitemap-produtos.xml,0.7,weekly,40
/pneu/pneu-prinx-hp1-23545r17-97w,produto,pneu-prinx-hp1-23545r17-97w,src/data (TIRES) via getIndexableTireSlugs(),true,https://www.carpluspneuseoficina.com.br/pneu/pneu-prinx-hp1-23545r17-97w,sitemap-produtos.xml,0.7,weekly,40
/pneu/pneu-prinx-hp1-25555r18-109v,produto,pneu-prinx-hp1-25555r18-109v,src/data (TIRES) via getIndexableTireSlugs(),true,https://www.carpluspneuseoficina.com.br/pneu/pneu-prinx-hp1-25555r18-109v,sitemap-produtos.xml,0.7,weekly,40
/pneu/pneu-prinx-hp1-25545r18-103w,produto,pneu-prinx-hp1-25545r18-103w,src/data (TIRES) via getIndexableTireSlugs(),true,https://www.carpluspneuseoficina.com.br/pneu/pneu-prinx-hp1-25545r18-103w,sitemap-produtos.xml,0.7,weekly,40
/pneu/pneu-prinx-hp1-25550r19-107v,produto,pneu-prinx-hp1-25550r19-107v,src/data (TIRES) via getIndexableTireSlugs(),true,https://www.carpluspneuseoficina.com.br/pneu/pneu-prinx-hp1-25550r19-107v,sitemap-produtos.xml,0.7,weekly,40
/pneu/pneu-prinx-hp1-28545r19-111v,produto,pneu-prinx-hp1-28545r19-111v,src/data (TIRES) via getIndexableTireSlugs(),true,https://www.carpluspneuseoficina.com.br/pneu/pneu-prinx-hp1-28545r19-111v,sitemap-produtos.xml,0.7,weekly,40
/pneu/pneu-prinx-hp1-27540r20-106v,produto,pneu-prinx-hp1-27540r20-106v,src/data (TIRES) via getIndexableTireSlugs(),true,https://www.carpluspneuseoficina.com.br/pneu/pneu-prinx-hp1-27540r20-106v,sitemap-produtos.xml,0.7,weekly,40
/pneu/pneu-prinx-hp1-24535r20-95w,produto,pneu-prinx-hp1-24535r20-95w,src/data (TIRES) via getIndexableTireSlugs(),true,https://www.carpluspneuseoficina.com.br/pneu/pneu-prinx-hp1-24535r20-95w,sitemap-produtos.xml,0.7,weekly,40
/pneu/pneu-prinx-hp1-26535r22-102w,produto,pneu-prinx-hp1-26535r22-102w,src/data (TIRES) via getIndexableTireSlugs(),true,https://www.carpluspneuseoficina.com.br/pneu/pneu-prinx-hp1-26535r22-102w,sitemap-produtos.xml,0.7,weekly,40
/pneu/pneu-prinx-hp1-22550r18-99w,produto,pneu-prinx-hp1-22550r18-99w,src/data (TIRES) via getIndexableTireSlugs(),true,https://www.carpluspneuseoficina.com.br/pneu/pneu-prinx-hp1-22550r18-99w,sitemap-produtos.xml,0.7,weekly,40
/pneu/pneu-prinx-hp1-26545r18-104w,produto,pneu-prinx-hp1-26545r18-104w,src/data (TIRES) via getIndexableTireSlugs(),true,https://www.carpluspneuseoficina.com.br/pneu/pneu-prinx-hp1-26545r18-104w,sitemap-produtos.xml,0.7,weekly,40
/pneu/pneu-prinx-hp1-27545r18-107w,produto,pneu-prinx-hp1-27545r18-107w,src/data (TIRES) via getIndexableTireSlugs(),true,https://www.carpluspneuseoficina.com.br/pneu/pneu-prinx-hp1-27545r18-107w,sitemap-produtos.xml,0.7,weekly,40
/pneu/pneu-prinx-hp1-31535r20-110v,produto,pneu-prinx-hp1-31535r20-110v,src/data (TIRES) via getIndexableTireSlugs(),true,https://www.carpluspneuseoficina.com.br/pneu/pneu-prinx-hp1-31535r20-110v,sitemap-produtos.xml,0.7,weekly,40
/pneu/pneu-prinx-hp1-29530r20-101w,produto,pneu-prinx-hp1-29530r20-101w,src/data (TIRES) via getIndexableTireSlugs(),true,https://www.carpluspneuseoficina.com.br/pneu/pneu-prinx-hp1-29530r20-101w,sitemap-produtos.xml,0.7,weekly,40
/pneu/pneu-prinx-hp1-25555r19-111w,produto,pneu-prinx-hp1-25555r19-111w,src/data (TIRES) via getIndexableTireSlugs(),true,https://www.carpluspneuseoficina.com.br/pneu/pneu-prinx-hp1-25555r19-111w,sitemap-produtos.xml,0.7,weekly,40
/pneu/pneu-prinx-hp1-24555r19-103w,produto,pneu-prinx-hp1-24555r19-103w,src/data (TIRES) via getIndexableTireSlugs(),true,https://www.carpluspneuseoficina.com.br/pneu/pneu-prinx-hp1-24555r19-103w,sitemap-produtos.xml,0.7,weekly,40
/pneu/pneu-prinx-hp1-23555r20-102v,produto,pneu-prinx-hp1-23555r20-102v,src/data (TIRES) via getIndexableTireSlugs(),true,https://www.carpluspneuseoficina.com.br/pneu/pneu-prinx-hp1-23555r20-102v,sitemap-produtos.xml,0.7,weekly,40
/pneu/pneu-prinx-hp1-25550r20-109y,produto,pneu-prinx-hp1-25550r20-109y,src/data (TIRES) via getIndexableTireSlugs(),true,https://www.carpluspneuseoficina.com.br/pneu/pneu-prinx-hp1-25550r20-109y,sitemap-produtos.xml,0.7,weekly,40
/pneu/pneu-prinx-hp1-26550r20-111v,produto,pneu-prinx-hp1-26550r20-111v,src/data (TIRES) via getIndexableTireSlugs(),true,https://www.carpluspneuseoficina.com.br/pneu/pneu-prinx-hp1-26550r20-111v,sitemap-produtos.xml,0.7,weekly,40
/pneu/pneu-prinx-hp1-27545r20-110v,produto,pneu-prinx-hp1-27545r20-110v,src/data (TIRES) via getIndexableTireSlugs(),true,https://www.carpluspneuseoficina.com.br/pneu/pneu-prinx-hp1-27545r20-110v,sitemap-produtos.xml,0.7,weekly,40
/pneu/pneu-prinx-hp1-22555r19-99w,produto,pneu-prinx-hp1-22555r19-99w,src/data (TIRES) via getIndexableTireSlugs(),true,https://www.carpluspneuseoficina.com.br/pneu/pneu-prinx-hp1-22555r19-99w,sitemap-produtos.xml,0.7,weekly,40
/pneu/pneu-prinx-hu1-20555r16-94w,produto,pneu-prinx-hu1-20555r16-94w,src/data (TIRES) via getIndexableTireSlugs(),true,https://www.carpluspneuseoficina.com.br/pneu/pneu-prinx-hu1-20555r16-94w,sitemap-produtos.xml,0.7,weekly,40
/pneu/pneu-prinx-hu1-21555r16-97w,produto,pneu-prinx-hu1-21555r16-97w,src/data (TIRES) via getIndexableTireSlugs(),true,https://www.carpluspneuseoficina.com.br/pneu/pneu-prinx-hu1-21555r16-97w,sitemap-produtos.xml,0.7,weekly,40
/pneu/pneu-prinx-hu1-21555r17-94w,produto,pneu-prinx-hu1-21555r17-94w,src/data (TIRES) via getIndexableTireSlugs(),true,https://www.carpluspneuseoficina.com.br/pneu/pneu-prinx-hu1-21555r17-94w,sitemap-produtos.xml,0.7,weekly,40
/pneu/pneu-prinx-hu1-20550r17-93w,produto,pneu-prinx-hu1-20550r17-93w,src/data (TIRES) via getIndexableTireSlugs(),true,https://www.carpluspneuseoficina.com.br/pneu/pneu-prinx-hu1-20550r17-93w,sitemap-produtos.xml,0.7,weekly,40
/pneu/pneu-prinx-hu1-21550r17-95w,produto,pneu-prinx-hu1-21550r17-95w,src/data (TIRES) via getIndexableTireSlugs(),true,https://www.carpluspneuseoficina.com.br/pneu/pneu-prinx-hu1-21550r17-95w,sitemap-produtos.xml,0.7,weekly,40
/pneu/pneu-prinx-hu1-20545r17-88w,produto,pneu-prinx-hu1-20545r17-88w,src/data (TIRES) via getIndexableTireSlugs(),true,https://www.carpluspneuseoficina.com.br/pneu/pneu-prinx-hu1-20545r17-88w,sitemap-produtos.xml,0.7,weekly,40
/pneu/pneu-prinx-hz1-22555r16-99w,produto,pneu-prinx-hz1-22555r16-99w,src/data (TIRES) via getIndexableTireSlugs(),true,https://www.carpluspneuseoficina.com.br/pneu/pneu-prinx-hz1-22555r16-99w,sitemap-produtos.xml,0.7,weekly,40
/pneu/pneu-prinx-hz1-22555r17-101w,produto,pneu-prinx-hz1-22555r17-101w,src/data (TIRES) via getIndexableTireSlugs(),true,https://www.carpluspneuseoficina.com.br/pneu/pneu-prinx-hz1-22555r17-101w,sitemap-produtos.xml,0.7,weekly,40
/pneu/pneu-prinx-hz1-22550r17-94w,produto,pneu-prinx-hz1-22550r17-94w,src/data (TIRES) via getIndexableTireSlugs(),true,https://www.carpluspneuseoficina.com.br/pneu/pneu-prinx-hz1-22550r17-94w,sitemap-produtos.xml,0.7,weekly,40
/pneu/pneu-prinx-hz1-22545r17-94w,produto,pneu-prinx-hz1-22545r17-94w,src/data (TIRES) via getIndexableTireSlugs(),true,https://www.carpluspneuseoficina.com.br/pneu/pneu-prinx-hz1-22545r17-94w,sitemap-produtos.xml,0.7,weekly,40
/pneu/pneu-prinx-hz1-22555r18-98w,produto,pneu-prinx-hz1-22555r18-98w,src/data (TIRES) via getIndexableTireSlugs(),true,https://www.carpluspneuseoficina.com.br/pneu/pneu-prinx-hz1-22555r18-98w,sitemap-produtos.xml,0.7,weekly,40
/pneu/pneu-prinx-hz1-25545r19-104y,produto,pneu-prinx-hz1-25545r19-104y,src/data (TIRES) via getIndexableTireSlugs(),true,https://www.carpluspneuseoficina.com.br/pneu/pneu-prinx-hz1-25545r19-104y,sitemap-produtos.xml,0.7,weekly,40
/pneu/pneu-prinx-hz1-26540r20-104w,produto,pneu-prinx-hz1-26540r20-104w,src/data (TIRES) via getIndexableTireSlugs(),true,https://www.carpluspneuseoficina.com.br/pneu/pneu-prinx-hz1-26540r20-104w,sitemap-produtos.xml,0.7,weekly,40
/pneu/pneu-prinx-hz1-24540r17-95w,produto,pneu-prinx-hz1-24540r17-95w,src/data (TIRES) via getIndexableTireSlugs(),true,https://www.carpluspneuseoficina.com.br/pneu/pneu-prinx-hz1-24540r17-95w,sitemap-produtos.xml,0.7,weekly,40
/pneu/pneu-prinx-hz1-24540r18-97w,produto,pneu-prinx-hz1-24540r18-97w,src/data (TIRES) via getIndexableTireSlugs(),true,https://www.carpluspneuseoficina.com.br/pneu/pneu-prinx-hz1-24540r18-97w,sitemap-produtos.xml,0.7,weekly,40
/pneu/pneu-prinx-hz1-23550r17-100w,produto,pneu-prinx-hz1-23550r17-100w,src/data (TIRES) via getIndexableTireSlugs(),true,https://www.carpluspneuseoficina.com.br/pneu/pneu-prinx-hz1-23550r17-100w,sitemap-produtos.xml,0.7,weekly,40
/pneu/pneu-prinx-hz1-25540r18-99w,produto,pneu-prinx-hz1-25540r18-99w,src/data (TIRES) via getIndexableTireSlugs(),true,https://www.carpluspneuseoficina.com.br/pneu/pneu-prinx-hz1-25540r18-99w,sitemap-produtos.xml,0.7,weekly,40
/pneu/pneu-prinx-hz1-23550r19-103w,produto,pneu-prinx-hz1-23550r19-103w,src/data (TIRES) via getIndexableTireSlugs(),true,https://www.carpluspneuseoficina.com.br/pneu/pneu-prinx-hz1-23550r19-103w,sitemap-produtos.xml,0.7,weekly,40
/pneu/pneu-prinx-hz1-22545r19-96w,produto,pneu-prinx-hz1-22545r19-96w,src/data (TIRES) via getIndexableTireSlugs(),true,https://www.carpluspneuseoficina.com.br/pneu/pneu-prinx-hz1-22545r19-96w,sitemap-produtos.xml,0.7,weekly,40
/pneu/pneu-prinx-hz1-22540r18-92w,produto,pneu-prinx-hz1-22540r18-92w,src/data (TIRES) via getIndexableTireSlugs(),true,https://www.carpluspneuseoficina.com.br/pneu/pneu-prinx-hz1-22540r18-92w,sitemap-produtos.xml,0.7,weekly,40
/pneu/pneu-17570r14-bridgestone-dueler-at-revo2-88h-1,produto,pneu-17570r14-bridgestone-dueler-at-revo2-88h-1,src/data (TIRES) via getIndexableTireSlugs(),true,https://www.carpluspneuseoficina.com.br/pneu/pneu-17570r14-bridgestone-dueler-at-revo2-88h-1,sitemap-produtos.xml,0.7,weekly,40
/pneu/pneu-17565r15-bridgestone-b250-84t-yt-1,produto,pneu-17565r15-bridgestone-b250-84t-yt-1,src/data (TIRES) via getIndexableTireSlugs(),true,https://www.carpluspneuseoficina.com.br/pneu/pneu-17565r15-bridgestone-b250-84t-yt-1,sitemap-produtos.xml,0.7,weekly,40
/pneu/pneu-18560r15-bridgestone-ecopia-ep150-84h-oe-1,produto,pneu-18560r15-bridgestone-ecopia-ep150-84h-oe-1,src/data (TIRES) via getIndexableTireSlugs(),true,https://www.carpluspneuseoficina.com.br/pneu/pneu-18560r15-bridgestone-ecopia-ep150-84h-oe-1,sitemap-produtos.xml,0.7,weekly,40
/pneu/pneu-18560r15-bridgestone-ecopia-ep150-88h-xl-1,produto,pneu-18560r15-bridgestone-ecopia-ep150-88h-xl-1,src/data (TIRES) via getIndexableTireSlugs(),true,https://www.carpluspneuseoficina.com.br/pneu/pneu-18560r15-bridgestone-ecopia-ep150-88h-xl-1,sitemap-produtos.xml,0.7,weekly,40
/pneu/pneu-18560r15-bridgestone-turanza-er300-84h-oe-yt-1,produto,pneu-18560r15-bridgestone-turanza-er300-84h-oe-yt-1,src/data (TIRES) via getIndexableTireSlugs(),true,https://www.carpluspneuseoficina.com.br/pneu/pneu-18560r15-bridgestone-turanza-er300-84h-oe-yt-1,sitemap-produtos.xml,0.7,weekly,40
/pneu/pneu-19555r15-bridgestone-ecopia-ep150-85h-1,produto,pneu-19555r15-bridgestone-ecopia-ep150-85h-1,src/data (TIRES) via getIndexableTireSlugs(),true,https://www.carpluspneuseoficina.com.br/pneu/pneu-19555r15-bridgestone-ecopia-ep150-85h-1,sitemap-produtos.xml,0.7,weekly,40
/pneu/pneu-19560r15-bridgestone-ecopia-ep150-88v-1,produto,pneu-19560r15-bridgestone-ecopia-ep150-88v-1,src/data (TIRES) via getIndexableTireSlugs(),true,https://www.carpluspneuseoficina.com.br/pneu/pneu-19560r15-bridgestone-ecopia-ep150-88v-1,sitemap-produtos.xml,0.7,weekly,40
/pneu/pneu-19565r15-bridgestone-ecopia-ep150-91h-oe-1,produto,pneu-19565r15-bridgestone-ecopia-ep150-91h-oe-1,src/data (TIRES) via getIndexableTireSlugs(),true,https://www.carpluspneuseoficina.com.br/pneu/pneu-19565r15-bridgestone-ecopia-ep150-91h-oe-1,sitemap-produtos.xml,0.7,weekly,40
/pneu/pneu-19570r15c-bridgestone-duravis-r630-104102r-yt-1,produto,pneu-19570r15c-bridgestone-duravis-r630-104102r-yt-1,src/data (TIRES) via getIndexableTireSlugs(),true,https://www.carpluspneuseoficina.com.br/pneu/pneu-19570r15c-bridgestone-duravis-r630-104102r-yt-1,sitemap-produtos.xml,0.7,weekly,40
/pneu/pneu-20560r15-bridgestone-dueler-at-revo2-91h-1,produto,pneu-20560r15-bridgestone-dueler-at-revo2-91h-1,src/data (TIRES) via getIndexableTireSlugs(),true,https://www.carpluspneuseoficina.com.br/pneu/pneu-20560r15-bridgestone-dueler-at-revo2-91h-1,sitemap-produtos.xml,0.7,weekly,40
/pneu/pneu-20565r15-bridgestone-dueler-at-revo2-94t-1,produto,pneu-20565r15-bridgestone-dueler-at-revo2-94t-1,src/data (TIRES) via getIndexableTireSlugs(),true,https://www.carpluspneuseoficina.com.br/pneu/pneu-20565r15-bridgestone-dueler-at-revo2-94t-1,sitemap-produtos.xml,0.7,weekly,40
/pneu/pneu-20570r15-bridgestone-dueler-at-693-96t-1,produto,pneu-20570r15-bridgestone-dueler-at-693-96t-1,src/data (TIRES) via getIndexableTireSlugs(),true,https://www.carpluspneuseoficina.com.br/pneu/pneu-20570r15-bridgestone-dueler-at-693-96t-1,sitemap-produtos.xml,0.7,weekly,40
/pneu/pneu-22570r15c-bridgestone-duravis-r630-112110r-yt-1,produto,pneu-22570r15c-bridgestone-duravis-r630-112110r-yt-1,src/data (TIRES) via getIndexableTireSlugs(),true,https://www.carpluspneuseoficina.com.br/pneu/pneu-22570r15c-bridgestone-duravis-r630-112110r-yt-1,sitemap-produtos.xml,0.7,weekly,40
/pneu/pneu-18555r16-bridgestone-ecopia-ep150-83v-1,produto,pneu-18555r16-bridgestone-ecopia-ep150-83v-1,src/data (TIRES) via getIndexableTireSlugs(),true,https://www.carpluspneuseoficina.com.br/pneu/pneu-18555r16-bridgestone-ecopia-ep150-83v-1,sitemap-produtos.xml,0.7,weekly,40
/pneu/pneu-18555r16-bridgestone-turanza-er300-83v-oe-1,produto,pneu-18555r16-bridgestone-turanza-er300-83v-oe-1,src/data (TIRES) via getIndexableTireSlugs(),true,https://www.carpluspneuseoficina.com.br/pneu/pneu-18555r16-bridgestone-turanza-er300-83v-oe-1,sitemap-produtos.xml,0.7,weekly,40
/pneu/pneu-19555r16-bridgestone-ecopia-ep150-87v-1,produto,pneu-19555r16-bridgestone-ecopia-ep150-87v-1,src/data (TIRES) via getIndexableTireSlugs(),true,https://www.carpluspneuseoficina.com.br/pneu/pneu-19555r16-bridgestone-ecopia-ep150-87v-1,sitemap-produtos.xml,0.7,weekly,40
/pneu/pneu-19560r16-bridgestone-ecopia-ep150-89h-1,produto,pneu-19560r16-bridgestone-ecopia-ep150-89h-1,src/data (TIRES) via getIndexableTireSlugs(),true,https://www.carpluspneuseoficina.com.br/pneu/pneu-19560r16-bridgestone-ecopia-ep150-89h-1,sitemap-produtos.xml,0.7,weekly,40
/pneu/pneu-19575r16c-bridgestone-duravis-r630-107105r-yt-1,produto,pneu-19575r16c-bridgestone-duravis-r630-107105r-yt-1,src/data (TIRES) via getIndexableTireSlugs(),true,https://www.carpluspneuseoficina.com.br/pneu/pneu-19575r16c-bridgestone-duravis-r630-107105r-yt-1,sitemap-produtos.xml,0.7,weekly,40
/pneu/pneu-20555r16-bridgestone-ecopia-ep150-91v-yt-1,produto,pneu-20555r16-bridgestone-ecopia-ep150-91v-yt-1,src/data (TIRES) via getIndexableTireSlugs(),true,https://www.carpluspneuseoficina.com.br/pneu/pneu-20555r16-bridgestone-ecopia-ep150-91v-yt-1,sitemap-produtos.xml,0.7,weekly,40
/pneu/pneu-20555r16-bridgestone-turanza-er300-91v-oe-1,produto,pneu-20555r16-bridgestone-turanza-er300-91v-oe-1,src/data (TIRES) via getIndexableTireSlugs(),true,https://www.carpluspneuseoficina.com.br/pneu/pneu-20555r16-bridgestone-turanza-er300-91v-oe-1,sitemap-produtos.xml,0.7,weekly,40
/pneu/pneu-20555r16-bridgestone-turanza-t005-run-flat-91w-yt-1,produto,pneu-20555r16-bridgestone-turanza-t005-run-flat-91w-yt-1,src/data (TIRES) via getIndexableTireSlugs(),true,https://www.carpluspneuseoficina.com.br/pneu/pneu-20555r16-bridgestone-turanza-t005-run-flat-91w-yt-1,sitemap-produtos.xml,0.7,weekly,40
/pneu/pneu-20555r16-bridgestone-dueler-revo-at-bl-91h-1,produto,pneu-20555r16-bridgestone-dueler-revo-at-bl-91h-1,src/data (TIRES) via getIndexableTireSlugs(),true,https://www.carpluspneuseoficina.com.br/pneu/pneu-20555r16-bridgestone-dueler-revo-at-bl-91h-1,sitemap-produtos.xml,0.7,weekly,40
/pneu/pneu-20560r16-bridgestone-ecopia-ep150-92h-oe-1,produto,pneu-20560r16-bridgestone-ecopia-ep150-92h-oe-1,src/data (TIRES) via getIndexableTireSlugs(),true,https://www.carpluspneuseoficina.com.br/pneu/pneu-20560r16-bridgestone-ecopia-ep150-92h-oe-1,sitemap-produtos.xml,0.7,weekly,40
/pneu/pneu-20560r16-bridgestone-turanza-er300-96w-1,produto,pneu-20560r16-bridgestone-turanza-er300-96w-1,src/data (TIRES) via getIndexableTireSlugs(),true,https://www.carpluspneuseoficina.com.br/pneu/pneu-20560r16-bridgestone-turanza-er300-96w-1,sitemap-produtos.xml,0.7,weekly,40
/pneu/pneu-20560r16-bridgestone-dueler-at-revo2-92t-1,produto,pneu-20560r16-bridgestone-dueler-at-revo2-92t-1,src/data (TIRES) via getIndexableTireSlugs(),true,https://www.carpluspneuseoficina.com.br/pneu/pneu-20560r16-bridgestone-dueler-at-revo2-92t-1,sitemap-produtos.xml,0.7,weekly,40
/pneu/pneu-20575r16c-bridgestone-duravis-r630-110108r-yt-1,produto,pneu-20575r16c-bridgestone-duravis-r630-110108r-yt-1,src/data (TIRES) via getIndexableTireSlugs(),true,https://www.carpluspneuseoficina.com.br/pneu/pneu-20575r16c-bridgestone-duravis-r630-110108r-yt-1,sitemap-produtos.xml,0.7,weekly,40
/pneu/pneu-21560r16-bridgestone-ecopia-ep150-95v-oe-1,produto,pneu-21560r16-bridgestone-ecopia-ep150-95v-oe-1,src/data (TIRES) via getIndexableTireSlugs(),true,https://www.carpluspneuseoficina.com.br/pneu/pneu-21560r16-bridgestone-ecopia-ep150-95v-oe-1,sitemap-produtos.xml,0.7,weekly,40
/pneu/pneu-21565r16-bridgestone-dueler-ht-684ii-102h-xl-oe-1,produto,pneu-21565r16-bridgestone-dueler-ht-684ii-102h-xl-oe-1,src/data (TIRES) via getIndexableTireSlugs(),true,https://www.carpluspneuseoficina.com.br/pneu/pneu-21565r16-bridgestone-dueler-ht-684ii-102h-xl-oe-1,sitemap-produtos.xml,0.7,weekly,40
/pneu/pneu-21565r16-bridgestone-dueler-ht-684ii-98t-oe-1,produto,pneu-21565r16-bridgestone-dueler-ht-684ii-98t-oe-1,src/data (TIRES) via getIndexableTireSlugs(),true,https://www.carpluspneuseoficina.com.br/pneu/pneu-21565r16-bridgestone-dueler-ht-684ii-98t-oe-1,sitemap-produtos.xml,0.7,weekly,40
/pneu/pneu-21565r16-bridgestone-turanza-t005-98h-1,produto,pneu-21565r16-bridgestone-turanza-t005-98h-1,src/data (TIRES) via getIndexableTireSlugs(),true,https://www.carpluspneuseoficina.com.br/pneu/pneu-21565r16-bridgestone-turanza-t005-98h-1,sitemap-produtos.xml,0.7,weekly,40
/pneu/pneu-22550r16-bridgestone-potenza-re050-run-flat-92v-oe-1,produto,pneu-22550r16-bridgestone-potenza-re050-run-flat-92v-oe-1,src/data (TIRES) via getIndexableTireSlugs(),true,https://www.carpluspneuseoficina.com.br/pneu/pneu-22550r16-bridgestone-potenza-re050-run-flat-92v-oe-1,sitemap-produtos.xml,0.7,weekly,40
/pneu/pneu-23560r16-bridgestone-turanza-er300-100h-yt-1,produto,pneu-23560r16-bridgestone-turanza-er300-100h-yt-1,src/data (TIRES) via getIndexableTireSlugs(),true,https://www.carpluspneuseoficina.com.br/pneu/pneu-23560r16-bridgestone-turanza-er300-100h-yt-1,sitemap-produtos.xml,0.7,weekly,40
/pneu/pneu-23565r16c-bridgestone-duravis-r660-115r-1,produto,pneu-23565r16c-bridgestone-duravis-r660-115r-1,src/data (TIRES) via getIndexableTireSlugs(),true,https://www.carpluspneuseoficina.com.br/pneu/pneu-23565r16c-bridgestone-duravis-r660-115r-1,sitemap-produtos.xml,0.7,weekly,40
/pneu/pneu-23570r16-bridgestone-dueler-at-revo2-106t-1,produto,pneu-23570r16-bridgestone-dueler-at-revo2-106t-1,src/data (TIRES) via getIndexableTireSlugs(),true,https://www.carpluspneuseoficina.com.br/pneu/pneu-23570r16-bridgestone-dueler-at-revo2-106t-1,sitemap-produtos.xml,0.7,weekly,40
/pneu/pneu-24570r16-bridgestone-dueler-ht-684iii-ecopia-111t-oe-1,produto,pneu-24570r16-bridgestone-dueler-ht-684iii-ecopia-111t-oe-1,src/data (TIRES) via getIndexableTireSlugs(),true,https://www.carpluspneuseoficina.com.br/pneu/pneu-24570r16-bridgestone-dueler-ht-684iii-ecopia-111t-oe-1,sitemap-produtos.xml,0.7,weekly,40
/pneu/pneu-25570r16-bridgestone-dueler-ht-684-ii-111h,produto,pneu-25570r16-bridgestone-dueler-ht-684-ii-111h,src/data (TIRES) via getIndexableTireSlugs(),true,https://www.carpluspneuseoficina.com.br/pneu/pneu-25570r16-bridgestone-dueler-ht-684-ii-111h,sitemap-produtos.xml,0.7,weekly,40
/pneu/pneu-26570r16-bridgestone-dueler-at-revo2-112t-1,produto,pneu-26570r16-bridgestone-dueler-at-revo2-112t-1,src/data (TIRES) via getIndexableTireSlugs(),true,https://www.carpluspneuseoficina.com.br/pneu/pneu-26570r16-bridgestone-dueler-at-revo2-112t-1,sitemap-produtos.xml,0.7,weekly,40
/pneu/pneu-26570r16-bridgestone-dueler-ht-840-112s-yt-1,produto,pneu-26570r16-bridgestone-dueler-ht-840-112s-yt-1,src/data (TIRES) via getIndexableTireSlugs(),true,https://www.carpluspneuseoficina.com.br/pneu/pneu-26570r16-bridgestone-dueler-ht-840-112s-yt-1,sitemap-produtos.xml,0.7,weekly,40
/pneu/pneu-20540r17-bridgestone-turanza-t005-84w-1,produto,pneu-20540r17-bridgestone-turanza-t005-84w-1,src/data (TIRES) via getIndexableTireSlugs(),true,https://www.carpluspneuseoficina.com.br/pneu/pneu-20540r17-bridgestone-turanza-t005-84w-1,sitemap-produtos.xml,0.7,weekly,40
/pneu/pneu-20545r17-bridgestone-potenza-re050a-run-flat-88v-xl-aa,produto,pneu-20545r17-bridgestone-potenza-re050a-run-flat-88v-xl-aa,src/data (TIRES) via getIndexableTireSlugs(),true,https://www.carpluspneuseoficina.com.br/pneu/pneu-20545r17-bridgestone-potenza-re050a-run-flat-88v-xl-aa,sitemap-produtos.xml,0.7,weekly,40
/pneu/pneu-20550r17-bridgestone-turanza-t005-89v-1,produto,pneu-20550r17-bridgestone-turanza-t005-89v-1,src/data (TIRES) via getIndexableTireSlugs(),true,https://www.carpluspneuseoficina.com.br/pneu/pneu-20550r17-bridgestone-turanza-t005-89v-1,sitemap-produtos.xml,0.7,weekly,40
/pneu/pneu-20550r17-bridgestone-turanza-t005-93w-1,produto,pneu-20550r17-bridgestone-turanza-t005-93w-1,src/data (TIRES) via getIndexableTireSlugs(),true,https://www.carpluspneuseoficina.com.br/pneu/pneu-20550r17-bridgestone-turanza-t005-93w-1,sitemap-produtos.xml,0.7,weekly,40
/pneu/pneu-20550r17-bridgestone-potenza-re050a-run-flat-91v-1,produto,pneu-20550r17-bridgestone-potenza-re050a-run-flat-91v-1,src/data (TIRES) via getIndexableTireSlugs(),true,https://www.carpluspneuseoficina.com.br/pneu/pneu-20550r17-bridgestone-potenza-re050a-run-flat-91v-1,sitemap-produtos.xml,0.7,weekly,40
/pneu/pneu-20550r17-bridgestone-potenza-s001-run-flat-89w-1,produto,pneu-20550r17-bridgestone-potenza-s001-run-flat-89w-1,src/data (TIRES) via getIndexableTireSlugs(),true,https://www.carpluspneuseoficina.com.br/pneu/pneu-20550r17-bridgestone-potenza-s001-run-flat-89w-1,sitemap-produtos.xml,0.7,weekly,40
/pneu/pneu-20550r17-bridgestone-potenza-s001-run-flat-89y-oe,produto,pneu-20550r17-bridgestone-potenza-s001-run-flat-89y-oe,src/data (TIRES) via getIndexableTireSlugs(),true,https://www.carpluspneuseoficina.com.br/pneu/pneu-20550r17-bridgestone-potenza-s001-run-flat-89y-oe,sitemap-produtos.xml,0.7,weekly,40
/pneu/pneu-20550r17-bridgestone-turanza-el400-rflat-89h-oe-yt,produto,pneu-20550r17-bridgestone-turanza-el400-rflat-89h-oe-yt,src/data (TIRES) via getIndexableTireSlugs(),true,https://www.carpluspneuseoficina.com.br/pneu/pneu-20550r17-bridgestone-turanza-el400-rflat-89h-oe-yt,sitemap-produtos.xml,0.7,weekly,40
/pneu/pneu-20555r17-bridgestone-turanza-t001-91w-1,produto,pneu-20555r17-bridgestone-turanza-t001-91w-1,src/data (TIRES) via getIndexableTireSlugs(),true,https://www.carpluspneuseoficina.com.br/pneu/pneu-20555r17-bridgestone-turanza-t001-91w-1,sitemap-produtos.xml,0.7,weekly,40
/pneu/pneu-20555r17-bridgestone-turanza-t005-91v-oe-1,produto,pneu-20555r17-bridgestone-turanza-t005-91v-oe-1,src/data (TIRES) via getIndexableTireSlugs(),true,https://www.carpluspneuseoficina.com.br/pneu/pneu-20555r17-bridgestone-turanza-t005-91v-oe-1,sitemap-produtos.xml,0.7,weekly,40
/pneu/pneu-21545r17-bridgestone-turanza-t005-91v-1,produto,pneu-21545r17-bridgestone-turanza-t005-91v-1,src/data (TIRES) via getIndexableTireSlugs(),true,https://www.carpluspneuseoficina.com.br/pneu/pneu-21545r17-bridgestone-turanza-t005-91v-1,sitemap-produtos.xml,0.7,weekly,40
/pneu/pneu-21550r17-bridgestone-turanza-t005-91v-1,produto,pneu-21550r17-bridgestone-turanza-t005-91v-1,src/data (TIRES) via getIndexableTireSlugs(),true,https://www.carpluspneuseoficina.com.br/pneu/pneu-21550r17-bridgestone-turanza-t005-91v-1,sitemap-produtos.xml,0.7,weekly,40
/pneu/pneu-21550r17-bridgestone-turanza-t005-95w-1,produto,pneu-21550r17-bridgestone-turanza-t005-95w-1,src/data (TIRES) via getIndexableTireSlugs(),true,https://www.carpluspneuseoficina.com.br/pneu/pneu-21550r17-bridgestone-turanza-t005-95w-1,sitemap-produtos.xml,0.7,weekly,40
/pneu/pneu-21555r17-bridgestone-turanza-t005-94v-1,produto,pneu-21555r17-bridgestone-turanza-t005-94v-1,src/data (TIRES) via getIndexableTireSlugs(),true,https://www.carpluspneuseoficina.com.br/pneu/pneu-21555r17-bridgestone-turanza-t005-94v-1,sitemap-produtos.xml,0.7,weekly,40
/pneu/pneu-21560r17-bridgestone-alenza-001-100h-1,produto,pneu-21560r17-bridgestone-alenza-001-100h-1,src/data (TIRES) via getIndexableTireSlugs(),true,https://www.carpluspneuseoficina.com.br/pneu/pneu-21560r17-bridgestone-alenza-001-100h-1,sitemap-produtos.xml,0.7,weekly,40
/pneu/pneu-21560r17-bridgestone-dueler-hp-sport-96h-aa,produto,pneu-21560r17-bridgestone-dueler-hp-sport-96h-aa,src/data (TIRES) via getIndexableTireSlugs(),true,https://www.carpluspneuseoficina.com.br/pneu/pneu-21560r17-bridgestone-dueler-hp-sport-96h-aa,sitemap-produtos.xml,0.7,weekly,40
/pneu/pneu-22545r17-bridgestone-turanza-t001-94w-xl-1,produto,pneu-22545r17-bridgestone-turanza-t001-94w-xl-1,src/data (TIRES) via getIndexableTireSlugs(),true,https://www.carpluspneuseoficina.com.br/pneu/pneu-22545r17-bridgestone-turanza-t001-94w-xl-1,sitemap-produtos.xml,0.7,weekly,40
/pneu/pneu-22545r17-bridgestone-turanza-t005-91w-oe-1,produto,pneu-22545r17-bridgestone-turanza-t005-91w-oe-1,src/data (TIRES) via getIndexableTireSlugs(),true,https://www.carpluspneuseoficina.com.br/pneu/pneu-22545r17-bridgestone-turanza-t005-91w-oe-1,sitemap-produtos.xml,0.7,weekly,40
/pneu/pneu-22545r17-bridgestone-turanza-t005-91y-1,produto,pneu-22545r17-bridgestone-turanza-t005-91y-1,src/data (TIRES) via getIndexableTireSlugs(),true,https://www.carpluspneuseoficina.com.br/pneu/pneu-22545r17-bridgestone-turanza-t005-91y-1,sitemap-produtos.xml,0.7,weekly,40
/pneu/pneu-22545r17-bridgestone-potenza-s001-run-flat-91w-1,produto,pneu-22545r17-bridgestone-potenza-s001-run-flat-91w-1,src/data (TIRES) via getIndexableTireSlugs(),true,https://www.carpluspneuseoficina.com.br/pneu/pneu-22545r17-bridgestone-potenza-s001-run-flat-91w-1,sitemap-produtos.xml,0.7,weekly,40
/pneu/pneu-22545r17-bridgestone-turanza-t005-run-flat-94y-1,produto,pneu-22545r17-bridgestone-turanza-t005-run-flat-94y-1,src/data (TIRES) via getIndexableTireSlugs(),true,https://www.carpluspneuseoficina.com.br/pneu/pneu-22545r17-bridgestone-turanza-t005-run-flat-94y-1,sitemap-produtos.xml,0.7,weekly,40
/pneu/pneu-22550r17-bridgestone-turanza-t005-94v-1,produto,pneu-22550r17-bridgestone-turanza-t005-94v-1,src/data (TIRES) via getIndexableTireSlugs(),true,https://www.carpluspneuseoficina.com.br/pneu/pneu-22550r17-bridgestone-turanza-t005-94v-1,sitemap-produtos.xml,0.7,weekly,40
/pneu/pneu-22550r17-bridgestone-potenza-s001-run-flat-94w-1,produto,pneu-22550r17-bridgestone-potenza-s001-run-flat-94w-1,src/data (TIRES) via getIndexableTireSlugs(),true,https://www.carpluspneuseoficina.com.br/pneu/pneu-22550r17-bridgestone-potenza-s001-run-flat-94w-1,sitemap-produtos.xml,0.7,weekly,40
/pneu/pneu-22550r17-bridgestone-turanza-t001-run-flat-94w-1,produto,pneu-22550r17-bridgestone-turanza-t001-run-flat-94w-1,src/data (TIRES) via getIndexableTireSlugs(),true,https://www.carpluspneuseoficina.com.br/pneu/pneu-22550r17-bridgestone-turanza-t001-run-flat-94w-1,sitemap-produtos.xml,0.7,weekly,40
/pneu/pneu-22550r17-bridgestone-turanza-t005-run-flat-98yao,produto,pneu-22550r17-bridgestone-turanza-t005-run-flat-98yao,src/data (TIRES) via getIndexableTireSlugs(),true,https://www.carpluspneuseoficina.com.br/pneu/pneu-22550r17-bridgestone-turanza-t005-run-flat-98yao,sitemap-produtos.xml,0.7,weekly,40
/pneu/pneu-22550r17-bridgestone-turanza-t005-rbl-94y,produto,pneu-22550r17-bridgestone-turanza-t005-rbl-94y,src/data (TIRES) via getIndexableTireSlugs(),true,https://www.carpluspneuseoficina.com.br/pneu/pneu-22550r17-bridgestone-turanza-t005-rbl-94y,sitemap-produtos.xml,0.7,weekly,40
/pneu/pneu-22555r17-bridgestone-turanza-t005-97w-aa,produto,pneu-22555r17-bridgestone-turanza-t005-97w-aa,src/data (TIRES) via getIndexableTireSlugs(),true,https://www.carpluspneuseoficina.com.br/pneu/pneu-22555r17-bridgestone-turanza-t005-97w-aa,sitemap-produtos.xml,0.7,weekly,40
/pneu/pneu-22560r17-bridgestone-turanza-t005-99y-1,produto,pneu-22560r17-bridgestone-turanza-t005-99y-1,src/data (TIRES) via getIndexableTireSlugs(),true,https://www.carpluspneuseoficina.com.br/pneu/pneu-22560r17-bridgestone-turanza-t005-99y-1,sitemap-produtos.xml,0.7,weekly,40
/pneu/pneu-22565r17-bridgestone-dueler-hp-sport-102t,produto,pneu-22565r17-bridgestone-dueler-hp-sport-102t,src/data (TIRES) via getIndexableTireSlugs(),true,https://www.carpluspneuseoficina.com.br/pneu/pneu-22565r17-bridgestone-dueler-hp-sport-102t,sitemap-produtos.xml,0.7,weekly,40
/pneu/pneu-22565r17-bridgestone-dueler-ht-687-101h-yt,produto,pneu-22565r17-bridgestone-dueler-ht-687-101h-yt,src/data (TIRES) via getIndexableTireSlugs(),true,https://www.carpluspneuseoficina.com.br/pneu/pneu-22565r17-bridgestone-dueler-ht-687-101h-yt,sitemap-produtos.xml,0.7,weekly,40
/pneu/pneu-22570r17-bridgestone-dueler-at-revo2-108t-xl,produto,pneu-22570r17-bridgestone-dueler-at-revo2-108t-xl,src/data (TIRES) via getIndexableTireSlugs(),true,https://www.carpluspneuseoficina.com.br/pneu/pneu-22570r17-bridgestone-dueler-at-revo2-108t-xl,sitemap-produtos.xml,0.7,weekly,40
/pneu/pneu-23555r17-bridgestone-turanza-t005-99v,produto,pneu-23555r17-bridgestone-turanza-t005-99v,src/data (TIRES) via getIndexableTireSlugs(),true,https://www.carpluspneuseoficina.com.br/pneu/pneu-23555r17-bridgestone-turanza-t005-99v,sitemap-produtos.xml,0.7,weekly,40
/pneu/pneu-23555r17-bridgestone-dueler-hp-sport-99v,produto,pneu-23555r17-bridgestone-dueler-hp-sport-99v,src/data (TIRES) via getIndexableTireSlugs(),true,https://www.carpluspneuseoficina.com.br/pneu/pneu-23555r17-bridgestone-dueler-hp-sport-99v,sitemap-produtos.xml,0.7,weekly,40
/pneu/pneu-24540r17-bridgestone-turanza-er300-91w-aa,produto,pneu-24540r17-bridgestone-turanza-er300-91w-aa,src/data (TIRES) via getIndexableTireSlugs(),true,https://www.carpluspneuseoficina.com.br/pneu/pneu-24540r17-bridgestone-turanza-er300-91w-aa,sitemap-produtos.xml,0.7,weekly,40
/pneu/pneu-24565r17-bridgestone-dueler-ht-684ii-111t-xl,produto,pneu-24565r17-bridgestone-dueler-ht-684ii-111t-xl,src/data (TIRES) via getIndexableTireSlugs(),true,https://www.carpluspneuseoficina.com.br/pneu/pneu-24565r17-bridgestone-dueler-ht-684ii-111t-xl,sitemap-produtos.xml,0.7,weekly,40
/pneu/pneu-25545r17-bridgestone-potenza-s001-run-flat-98w,produto,pneu-25545r17-bridgestone-potenza-s001-run-flat-98w,src/data (TIRES) via getIndexableTireSlugs(),true,https://www.carpluspneuseoficina.com.br/pneu/pneu-25545r17-bridgestone-potenza-s001-run-flat-98w,sitemap-produtos.xml,0.7,weekly,40
/pneu/pneu-25565r17-bridgestone-dueler-ht-684ii-ecopia-110t-aa,produto,pneu-25565r17-bridgestone-dueler-ht-684ii-ecopia-110t-aa,src/data (TIRES) via getIndexableTireSlugs(),true,https://www.carpluspneuseoficina.com.br/pneu/pneu-25565r17-bridgestone-dueler-ht-684ii-ecopia-110t-aa,sitemap-produtos.xml,0.7,weekly,40
/pneu/pneu-25570r17-bridgestone-dueler-at-693-112t,produto,pneu-25570r17-bridgestone-dueler-at-693-112t,src/data (TIRES) via getIndexableTireSlugs(),true,https://www.carpluspneuseoficina.com.br/pneu/pneu-25570r17-bridgestone-dueler-at-693-112t,sitemap-produtos.xml,0.7,weekly,40
/pneu/pneu-26565r17-bridgestone-dueler-ht-684ii-112s,produto,pneu-26565r17-bridgestone-dueler-ht-684ii-112s,src/data (TIRES) via getIndexableTireSlugs(),true,https://www.carpluspneuseoficina.com.br/pneu/pneu-26565r17-bridgestone-dueler-ht-684ii-112s,sitemap-produtos.xml,0.7,weekly,40
/pneu/pneu-21540r18-bridgestone-potenza-re050a-85y-run-flat,produto,pneu-21540r18-bridgestone-potenza-re050a-85y-run-flat,src/data (TIRES) via getIndexableTireSlugs(),true,https://www.carpluspneuseoficina.com.br/pneu/pneu-21540r18-bridgestone-potenza-re050a-85y-run-flat,sitemap-produtos.xml,0.7,weekly,40
/pneu/pneu-21550r18-bridgestone-turanza-t005-92w,produto,pneu-21550r18-bridgestone-turanza-t005-92w,src/data (TIRES) via getIndexableTireSlugs(),true,https://www.carpluspneuseoficina.com.br/pneu/pneu-21550r18-bridgestone-turanza-t005-92w,sitemap-produtos.xml,0.7,weekly,40
/pneu/pneu-22540r18-bridgestone-potenza-re050a-92y-yt,produto,pneu-22540r18-bridgestone-potenza-re050a-92y-yt,src/data (TIRES) via getIndexableTireSlugs(),true,https://www.carpluspneuseoficina.com.br/pneu/pneu-22540r18-bridgestone-potenza-re050a-92y-yt,sitemap-produtos.xml,0.7,weekly,40
/pneu/pneu-22540r18-bridgestone-turanza-t005-92w-aa,produto,pneu-22540r18-bridgestone-turanza-t005-92w-aa,src/data (TIRES) via getIndexableTireSlugs(),true,https://www.carpluspneuseoficina.com.br/pneu/pneu-22540r18-bridgestone-turanza-t005-92w-aa,sitemap-produtos.xml,0.7,weekly,40
/pneu/pneu-22540r18-bridgestone-potenza-s001-run-flat-88y-aa-yt,produto,pneu-22540r18-bridgestone-potenza-s001-run-flat-88y-aa-yt,src/data (TIRES) via getIndexableTireSlugs(),true,https://www.carpluspneuseoficina.com.br/pneu/pneu-22540r18-bridgestone-potenza-s001-run-flat-88y-aa-yt,sitemap-produtos.xml,0.7,weekly,40
/pneu/pneu-22540r18-bridgestone-turanza-t005-run-flat-92y-xl-aa,produto,pneu-22540r18-bridgestone-turanza-t005-run-flat-92y-xl-aa,src/data (TIRES) via getIndexableTireSlugs(),true,https://www.carpluspneuseoficina.com.br/pneu/pneu-22540r18-bridgestone-turanza-t005-run-flat-92y-xl-aa,sitemap-produtos.xml,0.7,weekly,40
/pneu/pneu-22545r18-bridgestone-turanza-t005-91w,produto,pneu-22545r18-bridgestone-turanza-t005-91w,src/data (TIRES) via getIndexableTireSlugs(),true,https://www.carpluspneuseoficina.com.br/pneu/pneu-22545r18-bridgestone-turanza-t005-91w,sitemap-produtos.xml,0.7,weekly,40
/pneu/pneu-22545r18-bridgestone-potenza-s001-ext-run-flat-95y-yt,produto,pneu-22545r18-bridgestone-potenza-s001-ext-run-flat-95y-yt,src/data (TIRES) via getIndexableTireSlugs(),true,https://www.carpluspneuseoficina.com.br/pneu/pneu-22545r18-bridgestone-potenza-s001-ext-run-flat-95y-yt,sitemap-produtos.xml,0.7,weekly,40
/pneu/pneu-22545r18-bridgestone-potenza-s001-run-flat-91w,produto,pneu-22545r18-bridgestone-potenza-s001-run-flat-91w,src/data (TIRES) via getIndexableTireSlugs(),true,https://www.carpluspneuseoficina.com.br/pneu/pneu-22545r18-bridgestone-potenza-s001-run-flat-91w,sitemap-produtos.xml,0.7,weekly,40
/pneu/pneu-22545r18-bridgestone-potenza-s001-run-flat-91y-yt,produto,pneu-22545r18-bridgestone-potenza-s001-run-flat-91y-yt,src/data (TIRES) via getIndexableTireSlugs(),true,https://www.carpluspneuseoficina.com.br/pneu/pneu-22545r18-bridgestone-potenza-s001-run-flat-91y-yt,sitemap-produtos.xml,0.7,weekly,40
/pneu/pneu-22545r18-bridgestone-turanza-t005-run-flat-95y-moe-aa,produto,pneu-22545r18-bridgestone-turanza-t005-run-flat-95y-moe-aa,src/data (TIRES) via getIndexableTireSlugs(),true,https://www.carpluspneuseoficina.com.br/pneu/pneu-22545r18-bridgestone-turanza-t005-run-flat-95y-moe-aa,sitemap-produtos.xml,0.7,weekly,40
/pneu/pneu-22550r18-bridgestone-potenza-re050a-94w-yt,produto,pneu-22550r18-bridgestone-potenza-re050a-94w-yt,src/data (TIRES) via getIndexableTireSlugs(),true,https://www.carpluspneuseoficina.com.br/pneu/pneu-22550r18-bridgestone-potenza-re050a-94w-yt,sitemap-produtos.xml,0.7,weekly,40
/pneu/pneu-22550r18-bridgestone-turanza-t001-run-flat-95w,produto,pneu-22550r18-bridgestone-turanza-t001-run-flat-95w,src/data (TIRES) via getIndexableTireSlugs(),true,https://www.carpluspneuseoficina.com.br/pneu/pneu-22550r18-bridgestone-turanza-t001-run-flat-95w,sitemap-produtos.xml,0.7,weekly,40
/pneu/pneu-22550r18-bridgestone-turanza-t005-run-flat-99w-xl,produto,pneu-22550r18-bridgestone-turanza-t005-run-flat-99w-xl,src/data (TIRES) via getIndexableTireSlugs(),true,https://www.carpluspneuseoficina.com.br/pneu/pneu-22550r18-bridgestone-turanza-t005-run-flat-99w-xl,sitemap-produtos.xml,0.7,weekly,40
/pneu/pneu-22550r18-bridgestone-alenza-001-95v,produto,pneu-22550r18-bridgestone-alenza-001-95v,src/data (TIRES) via getIndexableTireSlugs(),true,https://www.carpluspneuseoficina.com.br/pneu/pneu-22550r18-bridgestone-alenza-001-95v,sitemap-produtos.xml,0.7,weekly,40
/pneu/pneu-22555r18-bridgestone-alenza-001-98h-yt,produto,pneu-22555r18-bridgestone-alenza-001-98h-yt,src/data (TIRES) via getIndexableTireSlugs(),true,https://www.carpluspneuseoficina.com.br/pneu/pneu-22555r18-bridgestone-alenza-001-98h-yt,sitemap-produtos.xml,0.7,weekly,40
/pneu/pneu-22555r18-bridgestone-alenza-001-98v,produto,pneu-22555r18-bridgestone-alenza-001-98v,src/data (TIRES) via getIndexableTireSlugs(),true,https://www.carpluspneuseoficina.com.br/pneu/pneu-22555r18-bridgestone-alenza-001-98v,sitemap-produtos.xml,0.7,weekly,40
/pneu/pneu-22555r18-bridgestone-dueler-hl-400-98v,produto,pneu-22555r18-bridgestone-dueler-hl-400-98v,src/data (TIRES) via getIndexableTireSlugs(),true,https://www.carpluspneuseoficina.com.br/pneu/pneu-22555r18-bridgestone-dueler-hl-400-98v,sitemap-produtos.xml,0.7,weekly,40
/pneu/pneu-22555r18-bridgestone-dueler-ht-684ii-98h-oe,produto,pneu-22555r18-bridgestone-dueler-ht-684ii-98h-oe,src/data (TIRES) via getIndexableTireSlugs(),true,https://www.carpluspneuseoficina.com.br/pneu/pneu-22555r18-bridgestone-dueler-ht-684ii-98h-oe,sitemap-produtos.xml,0.7,weekly,40
/pneu/pneu-22560r18-bridgestone-alenza-001-run-flat-104w-xl-aa,produto,pneu-22560r18-bridgestone-alenza-001-run-flat-104w-xl-aa,src/data (TIRES) via getIndexableTireSlugs(),true,https://www.carpluspneuseoficina.com.br/pneu/pneu-22560r18-bridgestone-alenza-001-run-flat-104w-xl-aa,sitemap-produtos.xml,0.7,weekly,40
/pneu/pneu-22560r18-bridgestone-alenza-hl-33-100h,produto,pneu-22560r18-bridgestone-alenza-hl-33-100h,src/data (TIRES) via getIndexableTireSlugs(),true,https://www.carpluspneuseoficina.com.br/pneu/pneu-22560r18-bridgestone-alenza-hl-33-100h,sitemap-produtos.xml,0.7,weekly,40
/pneu/pneu-22560r18-bridgestone-dueler-hl-33-100h-yt,produto,pneu-22560r18-bridgestone-dueler-hl-33-100h-yt,src/data (TIRES) via getIndexableTireSlugs(),true,https://www.carpluspneuseoficina.com.br/pneu/pneu-22560r18-bridgestone-dueler-hl-33-100h-yt,sitemap-produtos.xml,0.7,weekly,40
/pneu/pneu-22560r18-bridgestone-dueler-hp-sport-100v-yt,produto,pneu-22560r18-bridgestone-dueler-hp-sport-100v-yt,src/data (TIRES) via getIndexableTireSlugs(),true,https://www.carpluspneuseoficina.com.br/pneu/pneu-22560r18-bridgestone-dueler-hp-sport-100v-yt,sitemap-produtos.xml,0.7,weekly,40
/pneu/pneu-22560r18-bridgestone-turanza-er33-100h,produto,pneu-22560r18-bridgestone-turanza-er33-100h,src/data (TIRES) via getIndexableTireSlugs(),true,https://www.carpluspneuseoficina.com.br/pneu/pneu-22560r18-bridgestone-turanza-er33-100h,sitemap-produtos.xml,0.7,weekly,40
/pneu/pneu-23545r18-bridgestone-turanza-t005a-94v-aa,produto,pneu-23545r18-bridgestone-turanza-t005a-94v-aa,src/data (TIRES) via getIndexableTireSlugs(),true,https://www.carpluspneuseoficina.com.br/pneu/pneu-23545r18-bridgestone-turanza-t005a-94v-aa,sitemap-produtos.xml,0.7,weekly,40
/pneu/pneu-23545r18-bridgestone-turanza-t005a-94w-aa-yt,produto,pneu-23545r18-bridgestone-turanza-t005a-94w-aa-yt,src/data (TIRES) via getIndexableTireSlugs(),true,https://www.carpluspneuseoficina.com.br/pneu/pneu-23545r18-bridgestone-turanza-t005a-94w-aa-yt,sitemap-produtos.xml,0.7,weekly,40
/pneu/pneu-23550r18-bridgestone-dueler-hp-sport-97v,produto,pneu-23550r18-bridgestone-dueler-hp-sport-97v,src/data (TIRES) via getIndexableTireSlugs(),true,https://www.carpluspneuseoficina.com.br/pneu/pneu-23550r18-bridgestone-dueler-hp-sport-97v,sitemap-produtos.xml,0.7,weekly,40
/pneu/pneu-23555r18-bridgestone-alenza-001-run-flat-100w-moe-aa,produto,pneu-23555r18-bridgestone-alenza-001-run-flat-100w-moe-aa,src/data (TIRES) via getIndexableTireSlugs(),true,https://www.carpluspneuseoficina.com.br/pneu/pneu-23555r18-bridgestone-alenza-001-run-flat-100w-moe-aa,sitemap-produtos.xml,0.7,weekly,40
/pneu/pneu-23555r18-bridgestone-alenza-001-100v,produto,pneu-23555r18-bridgestone-alenza-001-100v,src/data (TIRES) via getIndexableTireSlugs(),true,https://www.carpluspneuseoficina.com.br/pneu/pneu-23555r18-bridgestone-alenza-001-100v,sitemap-produtos.xml,0.7,weekly,40
/pneu/pneu-23555r18-bridgestone-dueler-hl-33-100v-yt,produto,pneu-23555r18-bridgestone-dueler-hl-33-100v-yt,src/data (TIRES) via getIndexableTireSlugs(),true,https://www.carpluspneuseoficina.com.br/pneu/pneu-23555r18-bridgestone-dueler-hl-33-100v-yt,sitemap-produtos.xml,0.7,weekly,40
/pneu/pneu-23555r18-bridgestone-turanza-t005-ad-100v,produto,pneu-23555r18-bridgestone-turanza-t005-ad-100v,src/data (TIRES) via getIndexableTireSlugs(),true,https://www.carpluspneuseoficina.com.br/pneu/pneu-23555r18-bridgestone-turanza-t005-ad-100v,sitemap-produtos.xml,0.7,weekly,40
/pneu/pneu-23560r18-bridgestone-alenza-001-run-flat-103h,produto,pneu-23560r18-bridgestone-alenza-001-run-flat-103h,src/data (TIRES) via getIndexableTireSlugs(),true,https://www.carpluspneuseoficina.com.br/pneu/pneu-23560r18-bridgestone-alenza-001-run-flat-103h,sitemap-produtos.xml,0.7,weekly,40
/pneu/pneu-23560r18-bridgestone-dueler-hp-sport-103w,produto,pneu-23560r18-bridgestone-dueler-hp-sport-103w,src/data (TIRES) via getIndexableTireSlugs(),true,https://www.carpluspneuseoficina.com.br/pneu/pneu-23560r18-bridgestone-dueler-hp-sport-103w,sitemap-produtos.xml,0.7,weekly,40
/pneu/pneu-24535r18-bridgestone-potenza-s001-run-flat-88y,produto,pneu-24535r18-bridgestone-potenza-s001-run-flat-88y,src/data (TIRES) via getIndexableTireSlugs(),true,https://www.carpluspneuseoficina.com.br/pneu/pneu-24535r18-bridgestone-potenza-s001-run-flat-88y,sitemap-produtos.xml,0.7,weekly,40
/pneu/pneu-24540r18-bridgestone-turanza-t005-97y-moe-xl,produto,pneu-24540r18-bridgestone-turanza-t005-97y-moe-xl,src/data (TIRES) via getIndexableTireSlugs(),true,https://www.carpluspneuseoficina.com.br/pneu/pneu-24540r18-bridgestone-turanza-t005-97y-moe-xl,sitemap-produtos.xml,0.7,weekly,40
/pneu/pneu-24540r18-bridgestone-potenza-s001-ext-run-flat-97y-aa,produto,pneu-24540r18-bridgestone-potenza-s001-ext-run-flat-97y-aa,src/data (TIRES) via getIndexableTireSlugs(),true,https://www.carpluspneuseoficina.com.br/pneu/pneu-24540r18-bridgestone-potenza-s001-ext-run-flat-97y-aa,sitemap-produtos.xml,0.7,weekly,40
/pneu/pneu-24545r18-bridgestone-turanza-er300-run-flat-96y-aa-yt,produto,pneu-24545r18-bridgestone-turanza-er300-run-flat-96y-aa-yt,src/data (TIRES) via getIndexableTireSlugs(),true,https://www.carpluspneuseoficina.com.br/pneu/pneu-24545r18-bridgestone-turanza-er300-run-flat-96y-aa-yt,sitemap-produtos.xml,0.7,weekly,40
/pneu/pneu-24550r18-bridgestone-potenza-s001-run-flat-100y-aa,produto,pneu-24550r18-bridgestone-potenza-s001-run-flat-100y-aa,src/data (TIRES) via getIndexableTireSlugs(),true,https://www.carpluspneuseoficina.com.br/pneu/pneu-24550r18-bridgestone-potenza-s001-run-flat-100y-aa,sitemap-produtos.xml,0.7,weekly,40
/pneu/pneu-25535r18-bridgestone-potenza-re-050a-run-flat-94y-aa,produto,pneu-25535r18-bridgestone-potenza-re-050a-run-flat-94y-aa,src/data (TIRES) via getIndexableTireSlugs(),true,https://www.carpluspneuseoficina.com.br/pneu/pneu-25535r18-bridgestone-potenza-re-050a-run-flat-94y-aa,sitemap-produtos.xml,0.7,weekly,40
/pneu/pneu-25540r18-bridgestone-potenza-s001-run-flat-95y-oe,produto,pneu-25540r18-bridgestone-potenza-s001-run-flat-95y-oe,src/data (TIRES) via getIndexableTireSlugs(),true,https://www.carpluspneuseoficina.com.br/pneu/pneu-25540r18-bridgestone-potenza-s001-run-flat-95y-oe,sitemap-produtos.xml,0.7,weekly,40
/pneu/pneu-25560r18-bridgestone-dueler-ht-684ii-108h,produto,pneu-25560r18-bridgestone-dueler-ht-684ii-108h,src/data (TIRES) via getIndexableTireSlugs(),true,https://www.carpluspneuseoficina.com.br/pneu/pneu-25560r18-bridgestone-dueler-ht-684ii-108h,sitemap-produtos.xml,0.7,weekly,40
/pneu/pneu-25560r18-bridgestone-dueler-ht-684iii-ecopia-112t,produto,pneu-25560r18-bridgestone-dueler-ht-684iii-ecopia-112t,src/data (TIRES) via getIndexableTireSlugs(),true,https://www.carpluspneuseoficina.com.br/pneu/pneu-25560r18-bridgestone-dueler-ht-684iii-ecopia-112t,sitemap-produtos.xml,0.7,weekly,40
/pneu/pneu-25570r18-bridgestone-dueler-ht-685-113t,produto,pneu-25570r18-bridgestone-dueler-ht-685-113t,src/data (TIRES) via getIndexableTireSlugs(),true,https://www.carpluspneuseoficina.com.br/pneu/pneu-25570r18-bridgestone-dueler-ht-685-113t,sitemap-produtos.xml,0.7,weekly,40
/pneu/pneu-26560r18-bridgestone-dueler-ht-684ii-ecopia-110t-oe,produto,pneu-26560r18-bridgestone-dueler-ht-684ii-ecopia-110t-oe,src/data (TIRES) via getIndexableTireSlugs(),true,https://www.carpluspneuseoficina.com.br/pneu/pneu-26560r18-bridgestone-dueler-ht-684ii-ecopia-110t-oe,sitemap-produtos.xml,0.7,weekly,40
/pneu/pneu-26560r18-bridgestone-dueler-ht-684ii-110h,produto,pneu-26560r18-bridgestone-dueler-ht-684ii-110h,src/data (TIRES) via getIndexableTireSlugs(),true,https://www.carpluspneuseoficina.com.br/pneu/pneu-26560r18-bridgestone-dueler-ht-684ii-110h,sitemap-produtos.xml,0.7,weekly,40
/pneu/pneu-15570r19-bridgestone-ep500-ecopia-84q-aa,produto,pneu-15570r19-bridgestone-ep500-ecopia-84q-aa,src/data (TIRES) via getIndexableTireSlugs(),true,https://www.carpluspneuseoficina.com.br/pneu/pneu-15570r19-bridgestone-ep500-ecopia-84q-aa,sitemap-produtos.xml,0.7,weekly,40
/pneu/pneu-17560r19-bridgestone-ep500-ecopia-86q-aa,produto,pneu-17560r19-bridgestone-ep500-ecopia-86q-aa,src/data (TIRES) via getIndexableTireSlugs(),true,https://www.carpluspneuseoficina.com.br/pneu/pneu-17560r19-bridgestone-ep500-ecopia-86q-aa,sitemap-produtos.xml,0.7,weekly,40
/pneu/pneu-24545r19-bridgestone-potenza-s001-run-flat-98y-aa,produto,pneu-24545r19-bridgestone-potenza-s001-run-flat-98y-aa,src/data (TIRES) via getIndexableTireSlugs(),true,https://www.carpluspneuseoficina.com.br/pneu/pneu-24545r19-bridgestone-potenza-s001-run-flat-98y-aa,sitemap-produtos.xml,0.7,weekly,40
/pneu/pneu-22535r19-bridgestone-potenza-re050a-run-flat-88y,produto,pneu-22535r19-bridgestone-potenza-re050a-run-flat-88y,src/data (TIRES) via getIndexableTireSlugs(),true,https://www.carpluspneuseoficina.com.br/pneu/pneu-22535r19-bridgestone-potenza-re050a-run-flat-88y,sitemap-produtos.xml,0.7,weekly,40
/pneu/pneu-22540r19-bridgestone-turanza-t005-93w-xl,produto,pneu-22540r19-bridgestone-turanza-t005-93w-xl,src/data (TIRES) via getIndexableTireSlugs(),true,https://www.carpluspneuseoficina.com.br/pneu/pneu-22540r19-bridgestone-turanza-t005-93w-xl,sitemap-produtos.xml,0.7,weekly,40
/pneu/pneu-22540r19-bridgestone-potenza-s001-run-flat-89y,produto,pneu-22540r19-bridgestone-potenza-s001-run-flat-89y,src/data (TIRES) via getIndexableTireSlugs(),true,https://www.carpluspneuseoficina.com.br/pneu/pneu-22540r19-bridgestone-potenza-s001-run-flat-89y,sitemap-produtos.xml,0.7,weekly,40
/pneu/pneu-22540r19-bridgestone-turanza-t005-run-flat-93y-oe,produto,pneu-22540r19-bridgestone-turanza-t005-run-flat-93y-oe,src/data (TIRES) via getIndexableTireSlugs(),true,https://www.carpluspneuseoficina.com.br/pneu/pneu-22540r19-bridgestone-turanza-t005-run-flat-93y-oe,sitemap-produtos.xml,0.7,weekly,40
/pneu/pneu-22545r19-bridgestone-potenza-s001-run-flat-92w,produto,pneu-22545r19-bridgestone-potenza-s001-run-flat-92w,src/data (TIRES) via getIndexableTireSlugs(),true,https://www.carpluspneuseoficina.com.br/pneu/pneu-22545r19-bridgestone-potenza-s001-run-flat-92w,sitemap-produtos.xml,0.7,weekly,40
/pneu/pneu-23545r19-bridgestone-dueler-hp-sport-ext-run-flat-95v,produto,pneu-23545r19-bridgestone-dueler-hp-sport-ext-run-flat-95v,src/data (TIRES) via getIndexableTireSlugs(),true,https://www.carpluspneuseoficina.com.br/pneu/pneu-23545r19-bridgestone-dueler-hp-sport-ext-run-flat-95v,sitemap-produtos.xml,0.7,weekly,40
/pneu/pneu-23545r19-bridgestone-alenza-001-95h,produto,pneu-23545r19-bridgestone-alenza-001-95h,src/data (TIRES) via getIndexableTireSlugs(),true,https://www.carpluspneuseoficina.com.br/pneu/pneu-23545r19-bridgestone-alenza-001-95h,sitemap-produtos.xml,0.7,weekly,40
/pneu/pneu-23545r19-bridgestone-turanza-6-99v-xl,produto,pneu-23545r19-bridgestone-turanza-6-99v-xl,src/data (TIRES) via getIndexableTireSlugs(),true,https://www.carpluspneuseoficina.com.br/pneu/pneu-23545r19-bridgestone-turanza-6-99v-xl,sitemap-produtos.xml,0.7,weekly,40
/pneu/pneu-23550r19-bridgestone-alenza-001-b-seal-99v-aa,produto,pneu-23550r19-bridgestone-alenza-001-b-seal-99v-aa,src/data (TIRES) via getIndexableTireSlugs(),true,https://www.carpluspneuseoficina.com.br/pneu/pneu-23550r19-bridgestone-alenza-001-b-seal-99v-aa,sitemap-produtos.xml,0.7,weekly,40
/pneu/pneu-23550r19-bridgestone-turanza-t005-103t-xl,produto,pneu-23550r19-bridgestone-turanza-t005-103t-xl,src/data (TIRES) via getIndexableTireSlugs(),true,https://www.carpluspneuseoficina.com.br/pneu/pneu-23550r19-bridgestone-turanza-t005-103t-xl,sitemap-produtos.xml,0.7,weekly,40
/pneu/pneu-23550r19-bridgestone-turanza-t005-103y-xl,produto,pneu-23550r19-bridgestone-turanza-t005-103y-xl,src/data (TIRES) via getIndexableTireSlugs(),true,https://www.carpluspneuseoficina.com.br/pneu/pneu-23550r19-bridgestone-turanza-t005-103y-xl,sitemap-produtos.xml,0.7,weekly,40
/pneu/pneu-23555r19-bridgestone-dueler-hp-sport-run-flat-101v,produto,pneu-23555r19-bridgestone-dueler-hp-sport-run-flat-101v,src/data (TIRES) via getIndexableTireSlugs(),true,https://www.carpluspneuseoficina.com.br/pneu/pneu-23555r19-bridgestone-dueler-hp-sport-run-flat-101v,sitemap-produtos.xml,0.7,weekly,40
/pneu/pneu-23555r19-bridgestone-alenza-001-101v,produto,pneu-23555r19-bridgestone-alenza-001-101v,src/data (TIRES) via getIndexableTireSlugs(),true,https://www.carpluspneuseoficina.com.br/pneu/pneu-23555r19-bridgestone-alenza-001-101v,sitemap-produtos.xml,0.7,weekly,40
/pneu/pneu-23555r19-bridgestone-dueler-hp-sport-ext-105w-xl,produto,pneu-23555r19-bridgestone-dueler-hp-sport-ext-105w-xl,src/data (TIRES) via getIndexableTireSlugs(),true,https://www.carpluspneuseoficina.com.br/pneu/pneu-23555r19-bridgestone-dueler-hp-sport-ext-105w-xl,sitemap-produtos.xml,0.7,weekly,40
/pneu/pneu-23555r19-bridgestone-dueler-hp-sport-101w,produto,pneu-23555r19-bridgestone-dueler-hp-sport-101w,src/data (TIRES) via getIndexableTireSlugs(),true,https://www.carpluspneuseoficina.com.br/pneu/pneu-23555r19-bridgestone-dueler-hp-sport-101w,sitemap-produtos.xml,0.7,weekly,40
/pneu/pneu-23555r19-bridgestone-turanza-t005-105y-xl,produto,pneu-23555r19-bridgestone-turanza-t005-105y-xl,src/data (TIRES) via getIndexableTireSlugs(),true,https://www.carpluspneuseoficina.com.br/pneu/pneu-23555r19-bridgestone-turanza-t005-105y-xl,sitemap-produtos.xml,0.7,weekly,40
/pneu/pneu-24535r19-bridgestone-potenza-s001-93y-xl-ao-aa,produto,pneu-24535r19-bridgestone-potenza-s001-93y-xl-ao-aa,src/data (TIRES) via getIndexableTireSlugs(),true,https://www.carpluspneuseoficina.com.br/pneu/pneu-24535r19-bridgestone-potenza-s001-93y-xl-ao-aa,sitemap-produtos.xml,0.7,weekly,40
/pneu/pneu-24540r19-bridgestone-turanza-t005-run-flat-98y,produto,pneu-24540r19-bridgestone-turanza-t005-run-flat-98y,src/data (TIRES) via getIndexableTireSlugs(),true,https://www.carpluspneuseoficina.com.br/pneu/pneu-24540r19-bridgestone-turanza-t005-run-flat-98y,sitemap-produtos.xml,0.7,weekly,40
/pneu/pneu-24545r19-bridgestone-turanza-t005-102y-ao-aa,produto,pneu-24545r19-bridgestone-turanza-t005-102y-ao-aa,src/data (TIRES) via getIndexableTireSlugs(),true,https://www.carpluspneuseoficina.com.br/pneu/pneu-24545r19-bridgestone-turanza-t005-102y-ao-aa,sitemap-produtos.xml,0.7,weekly,40
/pneu/pneu-24545r19-bridgestone-potenza-s001-run-flat-102y-xl-yt,produto,pneu-24545r19-bridgestone-potenza-s001-run-flat-102y-xl-yt,src/data (TIRES) via getIndexableTireSlugs(),true,https://www.carpluspneuseoficina.com.br/pneu/pneu-24545r19-bridgestone-potenza-s001-run-flat-102y-xl-yt,sitemap-produtos.xml,0.7,weekly,40
/pneu/pneu-24550r19-bridgestone-alenza-001-run-flat-105w-xl,produto,pneu-24550r19-bridgestone-alenza-001-run-flat-105w-xl,src/data (TIRES) via getIndexableTireSlugs(),true,https://www.carpluspneuseoficina.com.br/pneu/pneu-24550r19-bridgestone-alenza-001-run-flat-105w-xl,sitemap-produtos.xml,0.7,weekly,40
/pneu/pneu-24550r19-bridgestone-turanza-t005a-run-flat-101w-aa,produto,pneu-24550r19-bridgestone-turanza-t005a-run-flat-101w-aa,src/data (TIRES) via getIndexableTireSlugs(),true,https://www.carpluspneuseoficina.com.br/pneu/pneu-24550r19-bridgestone-turanza-t005a-run-flat-101w-aa,sitemap-produtos.xml,0.7,weekly,40
/pneu/pneu-25530r19-bridgestone-potenza-re050a-run-flat-91y-yt,produto,pneu-25530r19-bridgestone-potenza-re050a-run-flat-91y-yt,src/data (TIRES) via getIndexableTireSlugs(),true,https://www.carpluspneuseoficina.com.br/pneu/pneu-25530r19-bridgestone-potenza-re050a-run-flat-91y-yt,sitemap-produtos.xml,0.7,weekly,40
/pneu/pneu-25535r19-bridgestone-potenza-s001-96y-aa-yt-yt,produto,pneu-25535r19-bridgestone-potenza-s001-96y-aa-yt-yt,src/data (TIRES) via getIndexableTireSlugs(),true,https://www.carpluspneuseoficina.com.br/pneu/pneu-25535r19-bridgestone-potenza-s001-96y-aa-yt-yt,sitemap-produtos.xml,0.7,weekly,40
/pneu/pneu-25535r19-bridgestone-potenza-s001-run-flat-92y-oe-aa,produto,pneu-25535r19-bridgestone-potenza-s001-run-flat-92y-oe-aa,src/data (TIRES) via getIndexableTireSlugs(),true,https://www.carpluspneuseoficina.com.br/pneu/pneu-25535r19-bridgestone-potenza-s001-run-flat-92y-oe-aa,sitemap-produtos.xml,0.7,weekly,40
/pneu/pneu-25535r19-bridgestone-turanza-t005-run-flat-96y-xl,produto,pneu-25535r19-bridgestone-turanza-t005-run-flat-96y-xl,src/data (TIRES) via getIndexableTireSlugs(),true,https://www.carpluspneuseoficina.com.br/pneu/pneu-25535r19-bridgestone-turanza-t005-run-flat-96y-xl,sitemap-produtos.xml,0.7,weekly,40
/pneu/pneu-25550r19-bridgestone-dueler-hp-sport-run-flat-107w-yt,produto,pneu-25550r19-bridgestone-dueler-hp-sport-run-flat-107w-yt,src/data (TIRES) via getIndexableTireSlugs(),true,https://www.carpluspneuseoficina.com.br/pneu/pneu-25550r19-bridgestone-dueler-hp-sport-run-flat-107w-yt,sitemap-produtos.xml,0.7,weekly,40
/pneu/pneu-25550r19-bridgestone-turanza-t005-107y-xl,produto,pneu-25550r19-bridgestone-turanza-t005-107y-xl,src/data (TIRES) via getIndexableTireSlugs(),true,https://www.carpluspneuseoficina.com.br/pneu/pneu-25550r19-bridgestone-turanza-t005-107y-xl,sitemap-produtos.xml,0.7,weekly,40
/pneu/pneu-25555r19-bridgestone-alenza-001-107w,produto,pneu-25555r19-bridgestone-alenza-001-107w,src/data (TIRES) via getIndexableTireSlugs(),true,https://www.carpluspneuseoficina.com.br/pneu/pneu-25555r19-bridgestone-alenza-001-107w,sitemap-produtos.xml,0.7,weekly,40
/pneu/pneu-25555r19-bridgestone-dueler-hp-sport-111y,produto,pneu-25555r19-bridgestone-dueler-hp-sport-111y,src/data (TIRES) via getIndexableTireSlugs(),true,https://www.carpluspneuseoficina.com.br/pneu/pneu-25555r19-bridgestone-dueler-hp-sport-111y,sitemap-produtos.xml,0.7,weekly,40
/pneu/pneu-26550r19-bridgestone-dueler-hp-sport-110w-xl,produto,pneu-26550r19-bridgestone-dueler-hp-sport-110w-xl,src/data (TIRES) via getIndexableTireSlugs(),true,https://www.carpluspneuseoficina.com.br/pneu/pneu-26550r19-bridgestone-dueler-hp-sport-110w-xl,sitemap-produtos.xml,0.7,weekly,40
/pneu/pneu-27535r19-bridgestone-turanza-t005-run-flat-100y-oe,produto,pneu-27535r19-bridgestone-turanza-t005-run-flat-100y-oe,src/data (TIRES) via getIndexableTireSlugs(),true,https://www.carpluspneuseoficina.com.br/pneu/pneu-27535r19-bridgestone-turanza-t005-run-flat-100y-oe,sitemap-produtos.xml,0.7,weekly,40
/pneu/pneu-27540r19-bridgestone-potenza-s001-run-flat-101y-yt,produto,pneu-27540r19-bridgestone-potenza-s001-run-flat-101y-yt,src/data (TIRES) via getIndexableTireSlugs(),true,https://www.carpluspneuseoficina.com.br/pneu/pneu-27540r19-bridgestone-potenza-s001-run-flat-101y-yt,sitemap-produtos.xml,0.7,weekly,40
/pneu/pneu-28545r19-bridgestone-dueler-hp-sport-run-flat-111w-yt,produto,pneu-28545r19-bridgestone-dueler-hp-sport-run-flat-111w-yt,src/data (TIRES) via getIndexableTireSlugs(),true,https://www.carpluspneuseoficina.com.br/pneu/pneu-28545r19-bridgestone-dueler-hp-sport-run-flat-111w-yt,sitemap-produtos.xml,0.7,weekly,40
/pneu/pneu-15560r20-bridgestone-ecopia-ep500-ol-sc-80q-aa,produto,pneu-15560r20-bridgestone-ecopia-ep500-ol-sc-80q-aa,src/data (TIRES) via getIndexableTireSlugs(),true,https://www.carpluspneuseoficina.com.br/pneu/pneu-15560r20-bridgestone-ecopia-ep500-ol-sc-80q-aa,sitemap-produtos.xml,0.7,weekly,40
/pneu/pneu-17555r20-bridgestone-ecopia-ep500-89q-xl,produto,pneu-17555r20-bridgestone-ecopia-ep500-89q-xl,src/data (TIRES) via getIndexableTireSlugs(),true,https://www.carpluspneuseoficina.com.br/pneu/pneu-17555r20-bridgestone-ecopia-ep500-89q-xl,sitemap-produtos.xml,0.7,weekly,40
/pneu/pneu-21545r20-bridgestone-potenza-s001-95w,produto,pneu-21545r20-bridgestone-potenza-s001-95w,src/data (TIRES) via getIndexableTireSlugs(),true,https://www.carpluspneuseoficina.com.br/pneu/pneu-21545r20-bridgestone-potenza-s001-95w,sitemap-produtos.xml,0.7,weekly,40
/pneu/pneu-23545r20-bridgestone-alenza-001-96w-mo-aa,produto,pneu-23545r20-bridgestone-alenza-001-96w-mo-aa,src/data (TIRES) via getIndexableTireSlugs(),true,https://www.carpluspneuseoficina.com.br/pneu/pneu-23545r20-bridgestone-alenza-001-96w-mo-aa,sitemap-produtos.xml,0.7,weekly,40
/pneu/pneu-23550r20-bridgestone-alenza-001-run-flat-100v,produto,pneu-23550r20-bridgestone-alenza-001-run-flat-100v,src/data (TIRES) via getIndexableTireSlugs(),true,https://www.carpluspneuseoficina.com.br/pneu/pneu-23550r20-bridgestone-alenza-001-run-flat-100v,sitemap-produtos.xml,0.7,weekly,40
/pneu/pneu-23555r20-bridgestone-dueler-hl-33-102v-yt,produto,pneu-23555r20-bridgestone-dueler-hl-33-102v-yt,src/data (TIRES) via getIndexableTireSlugs(),true,https://www.carpluspneuseoficina.com.br/pneu/pneu-23555r20-bridgestone-dueler-hl-33-102v-yt,sitemap-produtos.xml,0.7,weekly,40
/pneu/pneu-23560r20-bridgestone-alenza-001-108h-xl-aa,produto,pneu-23560r20-bridgestone-alenza-001-108h-xl-aa,src/data (TIRES) via getIndexableTireSlugs(),true,https://www.carpluspneuseoficina.com.br/pneu/pneu-23560r20-bridgestone-alenza-001-108h-xl-aa,sitemap-produtos.xml,0.7,weekly,40
/pneu/pneu-24535r20-bridgestone-potenza-sport-91y-aa,produto,pneu-24535r20-bridgestone-potenza-sport-91y-aa,src/data (TIRES) via getIndexableTireSlugs(),true,https://www.carpluspneuseoficina.com.br/pneu/pneu-24535r20-bridgestone-potenza-sport-91y-aa,sitemap-produtos.xml,0.7,weekly,40
/pneu/pneu-24540r20-bridgestone-potenza-s001-99w-xl,produto,pneu-24540r20-bridgestone-potenza-s001-99w-xl,src/data (TIRES) via getIndexableTireSlugs(),true,https://www.carpluspneuseoficina.com.br/pneu/pneu-24540r20-bridgestone-potenza-s001-99w-xl,sitemap-produtos.xml,0.7,weekly,40
/pneu/pneu-24540r20-bridgestone-potenza-s001-run-flat-99y-xl,produto,pneu-24540r20-bridgestone-potenza-s001-run-flat-99y-xl,src/data (TIRES) via getIndexableTireSlugs(),true,https://www.carpluspneuseoficina.com.br/pneu/pneu-24540r20-bridgestone-potenza-s001-run-flat-99y-xl,sitemap-produtos.xml,0.7,weekly,40
/pneu/pneu-24540r20-bridgestone-turanza-6-99y-xl,produto,pneu-24540r20-bridgestone-turanza-6-99y-xl,src/data (TIRES) via getIndexableTireSlugs(),true,https://www.carpluspneuseoficina.com.br/pneu/pneu-24540r20-bridgestone-turanza-6-99y-xl,sitemap-produtos.xml,0.7,weekly,40
/pneu/pneu-24545r20-bridgestone-alenza-001-run-flat-103w,produto,pneu-24545r20-bridgestone-alenza-001-run-flat-103w,src/data (TIRES) via getIndexableTireSlugs(),true,https://www.carpluspneuseoficina.com.br/pneu/pneu-24545r20-bridgestone-alenza-001-run-flat-103w,sitemap-produtos.xml,0.7,weekly,40
/pneu/pneu-24545r20-bridgestone-turanza-t005-run-flat-99y,produto,pneu-24545r20-bridgestone-turanza-t005-run-flat-99y,src/data (TIRES) via getIndexableTireSlugs(),true,https://www.carpluspneuseoficina.com.br/pneu/pneu-24545r20-bridgestone-turanza-t005-run-flat-99y,sitemap-produtos.xml,0.7,weekly,40
/pneu/pneu-24545r20-bridgestone-turanza-t005-103y-xl,produto,pneu-24545r20-bridgestone-turanza-t005-103y-xl,src/data (TIRES) via getIndexableTireSlugs(),true,https://www.carpluspneuseoficina.com.br/pneu/pneu-24545r20-bridgestone-turanza-t005-103y-xl,sitemap-produtos.xml,0.7,weekly,40
/pneu/pneu-25540r20-bridgestone-turanza-t005-101y-xl-ao,produto,pneu-25540r20-bridgestone-turanza-t005-101y-xl-ao,src/data (TIRES) via getIndexableTireSlugs(),true,https://www.carpluspneuseoficina.com.br/pneu/pneu-25540r20-bridgestone-turanza-t005-101y-xl-ao,sitemap-produtos.xml,0.7,weekly,40
/pneu/pneu-25540r20-bridgestone-potenza-sport-101y-xl,produto,pneu-25540r20-bridgestone-potenza-sport-101y-xl,src/data (TIRES) via getIndexableTireSlugs(),true,https://www.carpluspneuseoficina.com.br/pneu/pneu-25540r20-bridgestone-potenza-sport-101y-xl,sitemap-produtos.xml,0.7,weekly,40
/pneu/pneu-25545r20-bridgestone-dueler-hp-run-flat-101w-moe-aa,produto,pneu-25545r20-bridgestone-dueler-hp-run-flat-101w-moe-aa,src/data (TIRES) via getIndexableTireSlugs(),true,https://www.carpluspneuseoficina.com.br/pneu/pneu-25545r20-bridgestone-dueler-hp-run-flat-101w-moe-aa,sitemap-produtos.xml,0.7,weekly,40
/pneu/pneu-25545r20-bridgestone-potenza-sport-105w-xl-aa,produto,pneu-25545r20-bridgestone-potenza-sport-105w-xl-aa,src/data (TIRES) via getIndexableTireSlugs(),true,https://www.carpluspneuseoficina.com.br/pneu/pneu-25545r20-bridgestone-potenza-sport-105w-xl-aa,sitemap-produtos.xml,0.7,weekly,40
/pneu/pneu-25550r20-bridgestone-alenza-001-109h-xl-aa,produto,pneu-25550r20-bridgestone-alenza-001-109h-xl-aa,src/data (TIRES) via getIndexableTireSlugs(),true,https://www.carpluspneuseoficina.com.br/pneu/pneu-25550r20-bridgestone-alenza-001-109h-xl-aa,sitemap-produtos.xml,0.7,weekly,40
/pneu/pneu-25550r20-bridgestone-dueler-hp-sport-109h,produto,pneu-25550r20-bridgestone-dueler-hp-sport-109h,src/data (TIRES) via getIndexableTireSlugs(),true,https://www.carpluspneuseoficina.com.br/pneu/pneu-25550r20-bridgestone-dueler-hp-sport-109h,sitemap-produtos.xml,0.7,weekly,40
/pneu/pneu-27530r20-bridgestone-potenza-s001-97y-yt,produto,pneu-27530r20-bridgestone-potenza-s001-97y-yt,src/data (TIRES) via getIndexableTireSlugs(),true,https://www.carpluspneuseoficina.com.br/pneu/pneu-27530r20-bridgestone-potenza-s001-97y-yt,sitemap-produtos.xml,0.7,weekly,40
/pneu/pneu-27535r20-bridgestone-potenza-s001-run-flat-102y-xl,produto,pneu-27535r20-bridgestone-potenza-s001-run-flat-102y-xl,src/data (TIRES) via getIndexableTireSlugs(),true,https://www.carpluspneuseoficina.com.br/pneu/pneu-27535r20-bridgestone-potenza-s001-run-flat-102y-xl,sitemap-produtos.xml,0.7,weekly,40
/pneu/pneu-27540r20-bridgestone-alenza-001-run-flat-106w,produto,pneu-27540r20-bridgestone-alenza-001-run-flat-106w,src/data (TIRES) via getIndexableTireSlugs(),true,https://www.carpluspneuseoficina.com.br/pneu/pneu-27540r20-bridgestone-alenza-001-run-flat-106w,sitemap-produtos.xml,0.7,weekly,40
/pneu/pneu-27540r20-bridgestone-dueler-hp-sport-run-flat-106w-yt,produto,pneu-27540r20-bridgestone-dueler-hp-sport-run-flat-106w-yt,src/data (TIRES) via getIndexableTireSlugs(),true,https://www.carpluspneuseoficina.com.br/pneu/pneu-27540r20-bridgestone-dueler-hp-sport-run-flat-106w-yt,sitemap-produtos.xml,0.7,weekly,40
/pneu/pneu-27540r20-bridgestone-turanza-t005-run-flat-102y,produto,pneu-27540r20-bridgestone-turanza-t005-run-flat-102y,src/data (TIRES) via getIndexableTireSlugs(),true,https://www.carpluspneuseoficina.com.br/pneu/pneu-27540r20-bridgestone-turanza-t005-run-flat-102y,sitemap-produtos.xml,0.7,weekly,40
/pneu/pneu-27540r20-bridgestone-dueler-hp-sport-106y-yt,produto,pneu-27540r20-bridgestone-dueler-hp-sport-106y-yt,src/data (TIRES) via getIndexableTireSlugs(),true,https://www.carpluspneuseoficina.com.br/pneu/pneu-27540r20-bridgestone-dueler-hp-sport-106y-yt,sitemap-produtos.xml,0.7,weekly,40
/pneu/pneu-27545r20-bridgestone-alenza-001-run-flat-110y-aa,produto,pneu-27545r20-bridgestone-alenza-001-run-flat-110y-aa,src/data (TIRES) via getIndexableTireSlugs(),true,https://www.carpluspneuseoficina.com.br/pneu/pneu-27545r20-bridgestone-alenza-001-run-flat-110y-aa,sitemap-produtos.xml,0.7,weekly,40
/pneu/pneu-27545r20-bridgestone-dueler-hp-sport-110y-aa,produto,pneu-27545r20-bridgestone-dueler-hp-sport-110y-aa,src/data (TIRES) via getIndexableTireSlugs(),true,https://www.carpluspneuseoficina.com.br/pneu/pneu-27545r20-bridgestone-dueler-hp-sport-110y-aa,sitemap-produtos.xml,0.7,weekly,40
/pneu/pneu-27550r20-bridgestone-alenza-001-run-flat-113w-aa,produto,pneu-27550r20-bridgestone-alenza-001-run-flat-113w-aa,src/data (TIRES) via getIndexableTireSlugs(),true,https://www.carpluspneuseoficina.com.br/pneu/pneu-27550r20-bridgestone-alenza-001-run-flat-113w-aa,sitemap-produtos.xml,0.7,weekly,40
/pneu/pneu-27560r20-bridgestone-dueler-at-rh-s-115s,produto,pneu-27560r20-bridgestone-dueler-at-rh-s-115s,src/data (TIRES) via getIndexableTireSlugs(),true,https://www.carpluspneuseoficina.com.br/pneu/pneu-27560r20-bridgestone-dueler-at-rh-s-115s,sitemap-produtos.xml,0.7,weekly,40
/pneu/pneu-28535r20-bridgestone-turanza-t005-104y-xl,produto,pneu-28535r20-bridgestone-turanza-t005-104y-xl,src/data (TIRES) via getIndexableTireSlugs(),true,https://www.carpluspneuseoficina.com.br/pneu/pneu-28535r20-bridgestone-turanza-t005-104y-xl,sitemap-produtos.xml,0.7,weekly,40
/pneu/pneu-28545r20-bridgestone-dueler-hp-sport-suv-112y-aa-yt,produto,pneu-28545r20-bridgestone-dueler-hp-sport-suv-112y-aa-yt,src/data (TIRES) via getIndexableTireSlugs(),true,https://www.carpluspneuseoficina.com.br/pneu/pneu-28545r20-bridgestone-dueler-hp-sport-suv-112y-aa-yt,sitemap-produtos.xml,0.7,weekly,40
/pneu/pneu-30530r20-bridgestone-potenza-sport-103y-xl,produto,pneu-30530r20-bridgestone-potenza-sport-103y-xl,src/data (TIRES) via getIndexableTireSlugs(),true,https://www.carpluspneuseoficina.com.br/pneu/pneu-30530r20-bridgestone-potenza-sport-103y-xl,sitemap-produtos.xml,0.7,weekly,40
/pneu/pneu-30540r20-bridgestone-alenza-001-run-flat-112y-xl-aa-yt,produto,pneu-30540r20-bridgestone-alenza-001-run-flat-112y-xl-aa-yt,src/data (TIRES) via getIndexableTireSlugs(),true,https://www.carpluspneuseoficina.com.br/pneu/pneu-30540r20-bridgestone-alenza-001-run-flat-112y-xl-aa-yt,sitemap-produtos.xml,0.7,weekly,40
/pneu/pneu-31535r20-bridgestone-dueler-hp-sport-run-flat-110y,produto,pneu-31535r20-bridgestone-dueler-hp-sport-run-flat-110y,src/data (TIRES) via getIndexableTireSlugs(),true,https://www.carpluspneuseoficina.com.br/pneu/pneu-31535r20-bridgestone-dueler-hp-sport-run-flat-110y,sitemap-produtos.xml,0.7,weekly,40
/pneu/pneu-23550r21-bridgestone-alenza-001-101w,produto,pneu-23550r21-bridgestone-alenza-001-101w,src/data (TIRES) via getIndexableTireSlugs(),true,https://www.carpluspneuseoficina.com.br/pneu/pneu-23550r21-bridgestone-alenza-001-101w,sitemap-produtos.xml,0.7,weekly,40
/pneu/pneu-24535r21-bridgestone-turanza-6-96y-xl,produto,pneu-24535r21-bridgestone-turanza-6-96y-xl,src/data (TIRES) via getIndexableTireSlugs(),true,https://www.carpluspneuseoficina.com.br/pneu/pneu-24535r21-bridgestone-turanza-6-96y-xl,sitemap-produtos.xml,0.7,weekly,40
/pneu/pneu-24540r21-bridgestone-alenza-001-run-flat-100y-xl,produto,pneu-24540r21-bridgestone-alenza-001-run-flat-100y-xl,src/data (TIRES) via getIndexableTireSlugs(),true,https://www.carpluspneuseoficina.com.br/pneu/pneu-24540r21-bridgestone-alenza-001-run-flat-100y-xl,sitemap-produtos.xml,0.7,weekly,40
/pneu/pneu-24540r21-bridgestone-turanza-t005-ad-100y,produto,pneu-24540r21-bridgestone-turanza-t005-ad-100y,src/data (TIRES) via getIndexableTireSlugs(),true,https://www.carpluspneuseoficina.com.br/pneu/pneu-24540r21-bridgestone-turanza-t005-ad-100y,sitemap-produtos.xml,0.7,weekly,40
/pneu/pneu-26540r21-bridgestone-turanza-t005-ext-105h-xl,produto,pneu-26540r21-bridgestone-turanza-t005-ext-105h-xl,src/data (TIRES) via getIndexableTireSlugs(),true,https://www.carpluspneuseoficina.com.br/pneu/pneu-26540r21-bridgestone-turanza-t005-ext-105h-xl,sitemap-produtos.xml,0.7,weekly,40
/pneu/pneu-25535r21-bridgestone-turanza-t005-98y-xl-aa,produto,pneu-25535r21-bridgestone-turanza-t005-98y-xl-aa,src/data (TIRES) via getIndexableTireSlugs(),true,https://www.carpluspneuseoficina.com.br/pneu/pneu-25535r21-bridgestone-turanza-t005-98y-xl-aa,sitemap-produtos.xml,0.7,weekly,40
/pneu/pneu-25540r21-bridgestone-turanza-6-102y-xl,produto,pneu-25540r21-bridgestone-turanza-6-102y-xl,src/data (TIRES) via getIndexableTireSlugs(),true,https://www.carpluspneuseoficina.com.br/pneu/pneu-25540r21-bridgestone-turanza-6-102y-xl,sitemap-produtos.xml,0.7,weekly,40
/pneu/pneu-26545r21-bridgestone-alenza-001-108h-xl-oa-aa,produto,pneu-26545r21-bridgestone-alenza-001-108h-xl-oa-aa,src/data (TIRES) via getIndexableTireSlugs(),true,https://www.carpluspneuseoficina.com.br/pneu/pneu-26545r21-bridgestone-alenza-001-108h-xl-oa-aa,sitemap-produtos.xml,0.7,weekly,40
/pneu/pneu-27535r21-bridgestone-alenza-001-run-flat-103y-xl,produto,pneu-27535r21-bridgestone-alenza-001-run-flat-103y-xl,src/data (TIRES) via getIndexableTireSlugs(),true,https://www.carpluspneuseoficina.com.br/pneu/pneu-27535r21-bridgestone-alenza-001-run-flat-103y-xl,sitemap-produtos.xml,0.7,weekly,40
/pneu/pneu-27545r21-bridgestone-alenza-as-02-107h,produto,pneu-27545r21-bridgestone-alenza-as-02-107h,src/data (TIRES) via getIndexableTireSlugs(),true,https://www.carpluspneuseoficina.com.br/pneu/pneu-27545r21-bridgestone-alenza-as-02-107h,sitemap-produtos.xml,0.7,weekly,40
/pneu/pneu-28540r21-bridgestone-alenza-001-109h-xl,produto,pneu-28540r21-bridgestone-alenza-001-109h-xl,src/data (TIRES) via getIndexableTireSlugs(),true,https://www.carpluspneuseoficina.com.br/pneu/pneu-28540r21-bridgestone-alenza-001-109h-xl,sitemap-produtos.xml,0.7,weekly,40
/pneu/pneu-28540r21-bridgestone-dueler-hp-sport-109y,produto,pneu-28540r21-bridgestone-dueler-hp-sport-109y,src/data (TIRES) via getIndexableTireSlugs(),true,https://www.carpluspneuseoficina.com.br/pneu/pneu-28540r21-bridgestone-dueler-hp-sport-109y,sitemap-produtos.xml,0.7,weekly,40
/pneu/pneu-29535r21-bridgestone-potenza-sport-107y-xl,produto,pneu-29535r21-bridgestone-potenza-sport-107y-xl,src/data (TIRES) via getIndexableTireSlugs(),true,https://www.carpluspneuseoficina.com.br/pneu/pneu-29535r21-bridgestone-potenza-sport-107y-xl,sitemap-produtos.xml,0.7,weekly,40
/pneu/pneu-31535r21-bridgestone-dueler-hp-sport-111y-xl-aa,produto,pneu-31535r21-bridgestone-dueler-hp-sport-111y-xl-aa,src/data (TIRES) via getIndexableTireSlugs(),true,https://www.carpluspneuseoficina.com.br/pneu/pneu-31535r21-bridgestone-dueler-hp-sport-111y-xl-aa,sitemap-produtos.xml,0.7,weekly,40
/pneu/pneu-27540r22-bridgestone-alenza-001-b-silent-107y-xl,produto,pneu-27540r22-bridgestone-alenza-001-b-silent-107y-xl,src/data (TIRES) via getIndexableTireSlugs(),true,https://www.carpluspneuseoficina.com.br/pneu/pneu-27540r22-bridgestone-alenza-001-b-silent-107y-xl,sitemap-produtos.xml,0.7,weekly,40
/pneu/pneu-28535r22-bridgestone-turanza-t005-106y-xl,produto,pneu-28535r22-bridgestone-turanza-t005-106y-xl,src/data (TIRES) via getIndexableTireSlugs(),true,https://www.carpluspneuseoficina.com.br/pneu/pneu-28535r22-bridgestone-turanza-t005-106y-xl,sitemap-produtos.xml,0.7,weekly,40
/pneu-medida/175-65r14,medida,175/65R14,src/data/seoLanding.ts (MEASURE_SEO),true,https://www.carpluspneuseoficina.com.br/pneu-medida/175-65r14,sitemap-medidas.xml,0.8,weekly,20
/pneu-medida/185-60r15,medida,185/60R15,src/data/seoLanding.ts (MEASURE_SEO),true,https://www.carpluspneuseoficina.com.br/pneu-medida/185-60r15,sitemap-medidas.xml,0.8,weekly,20
/pneu-medida/185-65r15,medida,185/65R15,src/data/seoLanding.ts (MEASURE_SEO),true,https://www.carpluspneuseoficina.com.br/pneu-medida/185-65r15,sitemap-medidas.xml,0.8,weekly,20
/pneu-medida/195-55r15,medida,195/55R15,src/data/seoLanding.ts (MEASURE_SEO),true,https://www.carpluspneuseoficina.com.br/pneu-medida/195-55r15,sitemap-medidas.xml,0.8,weekly,20
/pneu-medida/195-65r15,medida,195/65R15,src/data/seoLanding.ts (MEASURE_SEO),true,https://www.carpluspneuseoficina.com.br/pneu-medida/195-65r15,sitemap-medidas.xml,0.8,weekly,20
/pneu-medida/205-55r16,medida,205/55R16,src/data/seoLanding.ts (MEASURE_SEO),true,https://www.carpluspneuseoficina.com.br/pneu-medida/205-55r16,sitemap-medidas.xml,0.8,weekly,20
/pneu-medida/205-60r16,medida,205/60R16,src/data/seoLanding.ts (MEASURE_SEO),true,https://www.carpluspneuseoficina.com.br/pneu-medida/205-60r16,sitemap-medidas.xml,0.8,weekly,20
/pneu-medida/215-55r17,medida,215/55R17,src/data/seoLanding.ts (MEASURE_SEO),true,https://www.carpluspneuseoficina.com.br/pneu-medida/215-55r17,sitemap-medidas.xml,0.8,weekly,20
/pneu-medida/225-45r17,medida,225/45R17,src/data/seoLanding.ts (MEASURE_SEO),true,https://www.carpluspneuseoficina.com.br/pneu-medida/225-45r17,sitemap-medidas.xml,0.8,weekly,20
/pneu-medida/175-70r14,medida,175/70R14,src/data/seoLanding.ts (MEASURE_SEO),true,https://www.carpluspneuseoficina.com.br/pneu-medida/175-70r14,sitemap-medidas.xml,0.8,weekly,20
/pneu-medida/195-60r15,medida,195/60R15,src/data/seoLanding.ts (MEASURE_SEO),true,https://www.carpluspneuseoficina.com.br/pneu-medida/195-60r15,sitemap-medidas.xml,0.8,weekly,20
/pneu-medida/215-65r16,medida,215/65R16,src/data/seoLanding.ts (MEASURE_SEO),true,https://www.carpluspneuseoficina.com.br/pneu-medida/215-65r16,sitemap-medidas.xml,0.8,weekly,20
/pneu-medida/205-50r17,medida,205/50R17,src/data/seoLanding.ts (MEASURE_SEO),true,https://www.carpluspneuseoficina.com.br/pneu-medida/205-50r17,sitemap-medidas.xml,0.8,weekly,20
/pneu-medida/225-50r17,medida,225/50R17,src/data/seoLanding.ts (MEASURE_SEO),true,https://www.carpluspneuseoficina.com.br/pneu-medida/225-50r17,sitemap-medidas.xml,0.8,weekly,20
/pneu-medida/225-65r17,medida,225/65R17,src/data/seoLanding.ts (MEASURE_SEO),true,https://www.carpluspneuseoficina.com.br/pneu-medida/225-65r17,sitemap-medidas.xml,0.8,weekly,20
/pneu-medida/245-45r17,medida,245/45R17,src/data/seoLanding.ts (MEASURE_SEO),true,https://www.carpluspneuseoficina.com.br/pneu-medida/245-45r17,sitemap-medidas.xml,0.8,weekly,20
/pneu-medida/245-40r17,medida,245/40R17,src/data/seoLanding.ts (MEASURE_SEO),true,https://www.carpluspneuseoficina.com.br/pneu-medida/245-40r17,sitemap-medidas.xml,0.8,weekly,20
/pneu-medida/245-40r18,medida,245/40R18,src/data/seoLanding.ts (MEASURE_SEO),true,https://www.carpluspneuseoficina.com.br/pneu-medida/245-40r18,sitemap-medidas.xml,0.8,weekly,20
/pneu-medida/245-45r18,medida,245/45R18,src/data/seoLanding.ts (MEASURE_SEO),true,https://www.carpluspneuseoficina.com.br/pneu-medida/245-45r18,sitemap-medidas.xml,0.8,weekly,20
/pneu-medida/225-45r18,medida,225/45R18,src/data/seoLanding.ts (MEASURE_SEO),true,https://www.carpluspneuseoficina.com.br/pneu-medida/225-45r18,sitemap-medidas.xml,0.8,weekly,20
/pneu-medida/245-40r19,medida,245/40R19,src/data/seoLanding.ts (MEASURE_SEO),true,https://www.carpluspneuseoficina.com.br/pneu-medida/245-40r19,sitemap-medidas.xml,0.8,weekly,20
/pneu-medida/255-35r20,medida,255/35R20,src/data/seoLanding.ts (MEASURE_SEO),true,https://www.carpluspneuseoficina.com.br/pneu-medida/255-35r20,sitemap-medidas.xml,0.8,weekly,20
/pneu-medida/245-40r20,medida,245/40R20,src/data/seoLanding.ts (MEASURE_SEO),true,https://www.carpluspneuseoficina.com.br/pneu-medida/245-40r20,sitemap-medidas.xml,0.8,weekly,20
/pneu-medida/245-45r20,medida,245/45R20,src/data/seoLanding.ts (MEASURE_SEO),true,https://www.carpluspneuseoficina.com.br/pneu-medida/245-45r20,sitemap-medidas.xml,0.8,weekly,20
/pneu-para-hb20-curitiba,veiculo,pneu-para-hb20-curitiba,src/data/seoLanding.ts (VEHICLE_PAGES),true,https://www.carpluspneuseoficina.com.br/pneu-para-hb20-curitiba,sitemap-veiculos.xml,0.8,weekly,20
/pneu-para-onix-curitiba,veiculo,pneu-para-onix-curitiba,src/data/seoLanding.ts (VEHICLE_PAGES),true,https://www.carpluspneuseoficina.com.br/pneu-para-onix-curitiba,sitemap-veiculos.xml,0.8,weekly,20
/pneu-para-corolla-curitiba,veiculo,pneu-para-corolla-curitiba,src/data/seoLanding.ts (VEHICLE_PAGES),true,https://www.carpluspneuseoficina.com.br/pneu-para-corolla-curitiba,sitemap-veiculos.xml,0.8,weekly,20
/pneu-para-civic-curitiba,veiculo,pneu-para-civic-curitiba,src/data/seoLanding.ts (VEHICLE_PAGES),true,https://www.carpluspneuseoficina.com.br/pneu-para-civic-curitiba,sitemap-veiculos.xml,0.8,weekly,20
/pneu-para-compass-curitiba,veiculo,pneu-para-compass-curitiba,src/data/seoLanding.ts (VEHICLE_PAGES),true,https://www.carpluspneuseoficina.com.br/pneu-para-compass-curitiba,sitemap-veiculos.xml,0.8,weekly,20
/pneu-para-renegade-curitiba,veiculo,pneu-para-renegade-curitiba,src/data/seoLanding.ts (VEHICLE_PAGES),true,https://www.carpluspneuseoficina.com.br/pneu-para-renegade-curitiba,sitemap-veiculos.xml,0.8,weekly,20
/pneu-para-t-cross-curitiba,veiculo,pneu-para-t-cross-curitiba,src/data/seoLanding.ts (VEHICLE_PAGES),true,https://www.carpluspneuseoficina.com.br/pneu-para-t-cross-curitiba,sitemap-veiculos.xml,0.8,weekly,20
/pneu-para-creta-curitiba,veiculo,pneu-para-creta-curitiba,src/data/seoLanding.ts (VEHICLE_PAGES),true,https://www.carpluspneuseoficina.com.br/pneu-para-creta-curitiba,sitemap-veiculos.xml,0.8,weekly,20
/pneu-para-argo-curitiba,veiculo,pneu-para-argo-curitiba,src/data/seoLanding.ts (VEHICLE_PAGES),true,https://www.carpluspneuseoficina.com.br/pneu-para-argo-curitiba,sitemap-veiculos.xml,0.8,weekly,20
/pneu-para-kwid-curitiba,veiculo,pneu-para-kwid-curitiba,src/data/seoLanding.ts (VEHICLE_PAGES),true,https://www.carpluspneuseoficina.com.br/pneu-para-kwid-curitiba,sitemap-veiculos.xml,0.8,weekly,20
/pneu-para-gol-curitiba,veiculo,pneu-para-gol-curitiba,src/data/seoLanding.ts (VEHICLE_PAGES),true,https://www.carpluspneuseoficina.com.br/pneu-para-gol-curitiba,sitemap-veiculos.xml,0.8,weekly,20
/pneu-para-polo-curitiba,veiculo,pneu-para-polo-curitiba,src/data/seoLanding.ts (VEHICLE_PAGES),true,https://www.carpluspneuseoficina.com.br/pneu-para-polo-curitiba,sitemap-veiculos.xml,0.8,weekly,20
/pneu-para-hrv-curitiba,veiculo,pneu-para-hrv-curitiba,src/data/seoLanding.ts (VEHICLE_PAGES),true,https://www.carpluspneuseoficina.com.br/pneu-para-hrv-curitiba,sitemap-veiculos.xml,0.8,weekly,20
/pneu-para-ranger-curitiba,veiculo,pneu-para-ranger-curitiba,src/data/seoLanding.ts (VEHICLE_PAGES),true,https://www.carpluspneuseoficina.com.br/pneu-para-ranger-curitiba,sitemap-veiculos.xml,0.8,weekly,20
/pneu-para-hilux-curitiba,veiculo,pneu-para-hilux-curitiba,src/data/seoLanding.ts (VEHICLE_PAGES),true,https://www.carpluspneuseoficina.com.br/pneu-para-hilux-curitiba,sitemap-veiculos.xml,0.8,weekly,20
/pneu-para-s10-curitiba,veiculo,pneu-para-s10-curitiba,src/data/seoLanding.ts (VEHICLE_PAGES),true,https://www.carpluspneuseoficina.com.br/pneu-para-s10-curitiba,sitemap-veiculos.xml,0.8,weekly,20
/pneu-para-strada-curitiba,veiculo,pneu-para-strada-curitiba,src/data/seoLanding.ts (VEHICLE_PAGES),true,https://www.carpluspneuseoficina.com.br/pneu-para-strada-curitiba,sitemap-veiculos.xml,0.8,weekly,20
/pneu-para-toro-curitiba,veiculo,pneu-para-toro-curitiba,src/data/seoLanding.ts (VEHICLE_PAGES),true,https://www.carpluspneuseoficina.com.br/pneu-para-toro-curitiba,sitemap-veiculos.xml,0.8,weekly,20
/,home,home,scripts/static-routes.ts (páginas fixas),true,https://www.carpluspneuseoficina.com.br/,sitemap-servicos.xml,1.0,daily,0
/pneus,hub,pneus,scripts/static-routes.ts (páginas fixas),true,https://www.carpluspneuseoficina.com.br/pneus,sitemap-servicos.xml,0.9,daily,5
/pneus-curitiba,hub,pneus-curitiba,scripts/static-routes.ts (páginas fixas),true,https://www.carpluspneuseoficina.com.br/pneus-curitiba,sitemap-servicos.xml,0.9,weekly,5
/medidas-de-pneus-curitiba,hub,medidas-de-pneus-curitiba,scripts/static-routes.ts (páginas fixas),true,https://www.carpluspneuseoficina.com.br/medidas-de-pneus-curitiba,sitemap-servicos.xml,0.9,weekly,5
/loja-de-pneus-curitiba-perto-de-mim,hub,loja-de-pneus-curitiba-perto-de-mim,scripts/static-routes.ts (páginas fixas),true,https://www.carpluspneuseoficina.com.br/loja-de-pneus-curitiba-perto-de-mim,sitemap-servicos.xml,0.9,weekly,5
/servicos,hub,servicos,scripts/static-routes.ts (páginas fixas),true,https://www.carpluspneuseoficina.com.br/servicos,sitemap-servicos.xml,0.9,weekly,5
/quem-somos,institucional,quem-somos,scripts/static-routes.ts (páginas fixas),true,https://www.carpluspneuseoficina.com.br/quem-somos,sitemap-servicos.xml,0.7,monthly,5
/contato,institucional,contato,scripts/static-routes.ts (páginas fixas),true,https://www.carpluspneuseoficina.com.br/contato,sitemap-servicos.xml,0.7,monthly,5
/como-chegar,institucional,como-chegar,scripts/static-routes.ts (páginas fixas),true,https://www.carpluspneuseoficina.com.br/como-chegar,sitemap-servicos.xml,0.7,monthly,5
/faq,institucional,faq,scripts/static-routes.ts (páginas fixas),true,https://www.carpluspneuseoficina.com.br/faq,sitemap-servicos.xml,0.6,weekly,5
/bairros,hub,bairros,scripts/static-routes.ts (páginas fixas),true,https://www.carpluspneuseoficina.com.br/bairros,sitemap-servicos.xml,0.7,weekly,5
/servico/venda-de-pneus,servico,venda-de-pneus,src/data/services.ts (SERVICE_CATEGORIES),true,https://www.carpluspneuseoficina.com.br/servico/venda-de-pneus,sitemap-servicos.xml,0.7,weekly,20
/servico/alinhamento-e-balanceamento,servico,alinhamento-e-balanceamento,src/data/services.ts (SERVICE_CATEGORIES),true,https://www.carpluspneuseoficina.com.br/servico/alinhamento-e-balanceamento,sitemap-servicos.xml,0.7,weekly,20
/servico/montagem-de-pneu,servico,montagem-de-pneu,src/data/services.ts (SERVICE_CATEGORIES),true,https://www.carpluspneuseoficina.com.br/servico/montagem-de-pneu,sitemap-servicos.xml,0.7,weekly,20
/servico/rodizio-de-pneus,servico,rodizio-de-pneus,src/data/services.ts (SERVICE_CATEGORIES),true,https://www.carpluspneuseoficina.com.br/servico/rodizio-de-pneus,sitemap-servicos.xml,0.7,weekly,20
/servico/conserto-de-pneu,servico,conserto-de-pneu,src/data/services.ts (SERVICE_CATEGORIES),true,https://www.carpluspneuseoficina.com.br/servico/conserto-de-pneu,sitemap-servicos.xml,0.7,weekly,20
/servico/manutencao-e-calibragem-de-pneus,servico,manutencao-e-calibragem-de-pneus,src/data/services.ts (SERVICE_CATEGORIES),true,https://www.carpluspneuseoficina.com.br/servico/manutencao-e-calibragem-de-pneus,sitemap-servicos.xml,0.7,weekly,20
/servico/conserto-de-rodas,servico,conserto-de-rodas,src/data/services.ts (SERVICE_CATEGORIES),true,https://www.carpluspneuseoficina.com.br/servico/conserto-de-rodas,sitemap-servicos.xml,0.7,weekly,20
/servico/reforma-de-roda,servico,reforma-de-roda,src/data/services.ts (SERVICE_CATEGORIES),true,https://www.carpluspneuseoficina.com.br/servico/reforma-de-roda,sitemap-servicos.xml,0.7,weekly,20
/servico/diamante-de-roda,servico,diamante-de-roda,src/data/services.ts (SERVICE_CATEGORIES),true,https://www.carpluspneuseoficina.com.br/servico/diamante-de-roda,sitemap-servicos.xml,0.7,weekly,20
/servico/pintura-de-roda,servico,pintura-de-roda,src/data/services.ts (SERVICE_CATEGORIES),true,https://www.carpluspneuseoficina.com.br/servico/pintura-de-roda,sitemap-servicos.xml,0.7,weekly,20
/servico/manutencao-de-freios,servico,manutencao-de-freios,src/data/services.ts (SERVICE_CATEGORIES),true,https://www.carpluspneuseoficina.com.br/servico/manutencao-de-freios,sitemap-servicos.xml,0.7,weekly,20
/servico/retifica-de-disco-de-freio,servico,retifica-de-disco-de-freio,src/data/services.ts (SERVICE_CATEGORIES),true,https://www.carpluspneuseoficina.com.br/servico/retifica-de-disco-de-freio,sitemap-servicos.xml,0.7,weekly,20
/servico/troca-de-fluido-de-freio,servico,troca-de-fluido-de-freio,src/data/services.ts (SERVICE_CATEGORIES),true,https://www.carpluspneuseoficina.com.br/servico/troca-de-fluido-de-freio,sitemap-servicos.xml,0.7,weekly,20
/servico/troca-de-pastilha-de-freio,servico,troca-de-pastilha-de-freio,src/data/services.ts (SERVICE_CATEGORIES),true,https://www.carpluspneuseoficina.com.br/servico/troca-de-pastilha-de-freio,sitemap-servicos.xml,0.7,weekly,20
/servico/revisao-de-suspensao,servico,revisao-de-suspensao,src/data/services.ts (SERVICE_CATEGORIES),true,https://www.carpluspneuseoficina.com.br/servico/revisao-de-suspensao,sitemap-servicos.xml,0.7,weekly,20
/servico/troca-de-amortecedores,servico,troca-de-amortecedores,src/data/services.ts (SERVICE_CATEGORIES),true,https://www.carpluspneuseoficina.com.br/servico/troca-de-amortecedores,sitemap-servicos.xml,0.7,weekly,20
/servico/cambagem-e-caster,servico,cambagem-e-caster,src/data/services.ts (SERVICE_CATEGORIES),true,https://www.carpluspneuseoficina.com.br/servico/cambagem-e-caster,sitemap-servicos.xml,0.7,weekly,20
/servico/gabaritagem-de-eixo,servico,gabaritagem-de-eixo,src/data/services.ts (SERVICE_CATEGORIES),true,https://www.carpluspneuseoficina.com.br/servico/gabaritagem-de-eixo,sitemap-servicos.xml,0.7,weekly,20
/servico/reparo-de-direcao-hidraulica,servico,reparo-de-direcao-hidraulica,src/data/services.ts (SERVICE_CATEGORIES),true,https://www.carpluspneuseoficina.com.br/servico/reparo-de-direcao-hidraulica,sitemap-servicos.xml,0.7,weekly,20
/servico/revisao-geral,servico,revisao-geral,src/data/services.ts (SERVICE_CATEGORIES),true,https://www.carpluspneuseoficina.com.br/servico/revisao-geral,sitemap-servicos.xml,0.7,weekly,20
/servico/troca-de-oleo,servico,troca-de-oleo,src/data/services.ts (SERVICE_CATEGORIES),true,https://www.carpluspneuseoficina.com.br/servico/troca-de-oleo,sitemap-servicos.xml,0.7,weekly,20
/servico/troca-de-correia-dentada,servico,troca-de-correia-dentada,src/data/services.ts (SERVICE_CATEGORIES),true,https://www.carpluspneuseoficina.com.br/servico/troca-de-correia-dentada,sitemap-servicos.xml,0.7,weekly,20
/servico/injecao-eletronica,servico,injecao-eletronica,src/data/services.ts (SERVICE_CATEGORIES),true,https://www.carpluspneuseoficina.com.br/servico/injecao-eletronica,sitemap-servicos.xml,0.7,weekly,20
/servico/sistema-de-arrefecimento,servico,sistema-de-arrefecimento,src/data/services.ts (SERVICE_CATEGORIES),true,https://www.carpluspneuseoficina.com.br/servico/sistema-de-arrefecimento,sitemap-servicos.xml,0.7,weekly,20
/servico/troca-de-filtros,servico,troca-de-filtros,src/data/services.ts (SERVICE_CATEGORIES),true,https://www.carpluspneuseoficina.com.br/servico/troca-de-filtros,sitemap-servicos.xml,0.7,weekly,20
/servico/reparo-de-motor,servico,reparo-de-motor,src/data/services.ts (SERVICE_CATEGORIES),true,https://www.carpluspneuseoficina.com.br/servico/reparo-de-motor,sitemap-servicos.xml,0.7,weekly,20
/servico/troca-de-oleo-de-cambio-automatico,servico,troca-de-oleo-de-cambio-automatico,src/data/services.ts (SERVICE_CATEGORIES),true,https://www.carpluspneuseoficina.com.br/servico/troca-de-oleo-de-cambio-automatico,sitemap-servicos.xml,0.7,weekly,20
/servico/sistema-de-escapamento,servico,sistema-de-escapamento,src/data/services.ts (SERVICE_CATEGORIES),true,https://www.carpluspneuseoficina.com.br/servico/sistema-de-escapamento,sitemap-servicos.xml,0.7,weekly,20
/servico/ajuste-de-motor,servico,ajuste-de-motor,src/data/services.ts (SERVICE_CATEGORIES),true,https://www.carpluspneuseoficina.com.br/servico/ajuste-de-motor,sitemap-servicos.xml,0.7,weekly,20
/servico/diagnostico-eletronico,servico,diagnostico-eletronico,src/data/services.ts (SERVICE_CATEGORIES),true,https://www.carpluspneuseoficina.com.br/servico/diagnostico-eletronico,sitemap-servicos.xml,0.7,weekly,20
/servico/reparo-eletrico,servico,reparo-eletrico,src/data/services.ts (SERVICE_CATEGORIES),true,https://www.carpluspneuseoficina.com.br/servico/reparo-eletrico,sitemap-servicos.xml,0.7,weekly,20
/servico/bateria-automotiva,servico,bateria-automotiva,src/data/services.ts (SERVICE_CATEGORIES),true,https://www.carpluspneuseoficina.com.br/servico/bateria-automotiva,sitemap-servicos.xml,0.7,weekly,20
/servico/higienizacao-de-ar-condicionado,servico,higienizacao-de-ar-condicionado,src/data/services.ts (SERVICE_CATEGORIES),true,https://www.carpluspneuseoficina.com.br/servico/higienizacao-de-ar-condicionado,sitemap-servicos.xml,0.7,weekly,20
/servico/manutencao-de-ar-condicionado,servico,manutencao-de-ar-condicionado,src/data/services.ts (SERVICE_CATEGORIES),true,https://www.carpluspneuseoficina.com.br/servico/manutencao-de-ar-condicionado,sitemap-servicos.xml,0.7,weekly,20
/servico/inspecao-veicular,servico,inspecao-veicular,src/data/services.ts (SERVICE_CATEGORIES),true,https://www.carpluspneuseoficina.com.br/servico/inspecao-veicular,sitemap-servicos.xml,0.7,weekly,20
/servico/vans-e-utilitarios,servico,vans-e-utilitarios,src/data/services.ts (SERVICE_CATEGORIES),true,https://www.carpluspneuseoficina.com.br/servico/vans-e-utilitarios,sitemap-servicos.xml,0.7,weekly,20
/servico/carros-classicos,servico,carros-classicos,src/data/services.ts (SERVICE_CATEGORIES),true,https://www.carpluspneuseoficina.com.br/servico/carros-classicos,sitemap-servicos.xml,0.7,weekly,20
/servico/palhetas-de-para-brisa,servico,palhetas-de-para-brisa,src/data/services.ts (SERVICE_CATEGORIES),true,https://www.carpluspneuseoficina.com.br/servico/palhetas-de-para-brisa,sitemap-servicos.xml,0.7,weekly,20
/servico/loja-online,servico,loja-online,src/data/services.ts (SERVICE_CATEGORIES),true,https://www.carpluspneuseoficina.com.br/servico/loja-online,sitemap-servicos.xml,0.7,weekly,20
/bairro/portao,bairro,portao,src/data/indexableNeighborhoods.ts,true,https://www.carpluspneuseoficina.com.br/bairro/portao,sitemap-servicos.xml,0.6,weekly,20
/bairro/agua-verde,bairro,agua-verde,src/data/indexableNeighborhoods.ts,true,https://www.carpluspneuseoficina.com.br/bairro/agua-verde,sitemap-servicos.xml,0.6,weekly,20
/bairro/fazendinha,bairro,fazendinha,src/data/indexableNeighborhoods.ts,true,https://www.carpluspneuseoficina.com.br/bairro/fazendinha,sitemap-servicos.xml,0.6,weekly,20
/bairro/novo-mundo,bairro,novo-mundo,src/data/indexableNeighborhoods.ts,true,https://www.carpluspneuseoficina.com.br/bairro/novo-mundo,sitemap-servicos.xml,0.6,weekly,20
/bairro/santa-quiteria,bairro,santa-quiteria,src/data/indexableNeighborhoods.ts,true,https://www.carpluspneuseoficina.com.br/bairro/santa-quiteria,sitemap-servicos.xml,0.6,weekly,20
/bairro/vila-izabel,bairro,vila-izabel,src/data/indexableNeighborhoods.ts,true,https://www.carpluspneuseoficina.com.br/bairro/vila-izabel,sitemap-servicos.xml,0.6,weekly,20
/bairro/capao-raso,bairro,capao-raso,src/data/indexableNeighborhoods.ts,true,https://www.carpluspneuseoficina.com.br/bairro/capao-raso,sitemap-servicos.xml,0.6,weekly,20
/bairro/campo-comprido,bairro,campo-comprido,src/data/indexableNeighborhoods.ts,true,https://www.carpluspneuseoficina.com.br/bairro/campo-comprido,sitemap-servicos.xml,0.6,weekly,20
/bairro/pinheirinho,bairro,pinheirinho,src/data/indexableNeighborhoods.ts,true,https://www.carpluspneuseoficina.com.br/bairro/pinheirinho,sitemap-servicos.xml,0.6,weekly,20
/bairro/xaxim,bairro,xaxim,src/data/indexableNeighborhoods.ts,true,https://www.carpluspneuseoficina.com.br/bairro/xaxim,sitemap-servicos.xml,0.6,weekly,20
/bairro/araucaria,bairro,araucaria,src/data/indexableNeighborhoods.ts,true,https://www.carpluspneuseoficina.com.br/bairro/araucaria,sitemap-servicos.xml,0.6,weekly,20
/bairro/sao-jose-dos-pinhais,bairro,sao-jose-dos-pinhais,src/data/indexableNeighborhoods.ts,true,https://www.carpluspneuseoficina.com.br/bairro/sao-jose-dos-pinhais,sitemap-servicos.xml,0.6,weekly,20
/bairro/fanny,bairro,fanny,src/data/indexableNeighborhoods.ts,true,https://www.carpluspneuseoficina.com.br/bairro/fanny,sitemap-servicos.xml,0.6,weekly,20
/bairro/lindoia,bairro,lindoia,src/data/indexableNeighborhoods.ts,true,https://www.carpluspneuseoficina.com.br/bairro/lindoia,sitemap-servicos.xml,0.6,weekly,20
/bairro/guaira,bairro,guaira,src/data/indexableNeighborhoods.ts,true,https://www.carpluspneuseoficina.com.br/bairro/guaira,sitemap-servicos.xml,0.6,weekly,20
/pneu-aro-13-curitiba,aro,pneu-aro-13-curitiba,src/data/seoLanding.ts (ARO_PAGES),true,https://www.carpluspneuseoficina.com.br/pneu-aro-13-curitiba,sitemap-servicos.xml,0.8,weekly,10
/pneu-aro-14-curitiba,aro,pneu-aro-14-curitiba,src/data/seoLanding.ts (ARO_PAGES),true,https://www.carpluspneuseoficina.com.br/pneu-aro-14-curitiba,sitemap-servicos.xml,0.8,weekly,10
/pneu-aro-15-curitiba,aro,pneu-aro-15-curitiba,src/data/seoLanding.ts (ARO_PAGES),true,https://www.carpluspneuseoficina.com.br/pneu-aro-15-curitiba,sitemap-servicos.xml,0.8,weekly,10
/pneu-aro-16-curitiba,aro,pneu-aro-16-curitiba,src/data/seoLanding.ts (ARO_PAGES),true,https://www.carpluspneuseoficina.com.br/pneu-aro-16-curitiba,sitemap-servicos.xml,0.8,weekly,10
/pneu-aro-17-curitiba,aro,pneu-aro-17-curitiba,src/data/seoLanding.ts (ARO_PAGES),true,https://www.carpluspneuseoficina.com.br/pneu-aro-17-curitiba,sitemap-servicos.xml,0.8,weekly,10
/pneu-aro-18-curitiba,aro,pneu-aro-18-curitiba,src/data/seoLanding.ts (ARO_PAGES),true,https://www.carpluspneuseoficina.com.br/pneu-aro-18-curitiba,sitemap-servicos.xml,0.8,weekly,10
/pneu-aro-19-curitiba,aro,pneu-aro-19-curitiba,src/data/seoLanding.ts (ARO_PAGES),true,https://www.carpluspneuseoficina.com.br/pneu-aro-19-curitiba,sitemap-servicos.xml,0.8,weekly,10
/pneu-aro-20-curitiba,aro,pneu-aro-20-curitiba,src/data/seoLanding.ts (ARO_PAGES),true,https://www.carpluspneuseoficina.com.br/pneu-aro-20-curitiba,sitemap-servicos.xml,0.8,weekly,10
/pneu-aro-21-curitiba,aro,pneu-aro-21-curitiba,src/data/seoLanding.ts (ARO_PAGES),true,https://www.carpluspneuseoficina.com.br/pneu-aro-21-curitiba,sitemap-servicos.xml,0.8,weekly,10
/pneu-aro-22-curitiba,aro,pneu-aro-22-curitiba,src/data/seoLanding.ts (ARO_PAGES),true,https://www.carpluspneuseoficina.com.br/pneu-aro-22-curitiba,sitemap-servicos.xml,0.8,weekly,10
/pneu-aro-23-curitiba,aro,pneu-aro-23-curitiba,src/data/seoLanding.ts (ARO_PAGES),true,https://www.carpluspneuseoficina.com.br/pneu-aro-23-curitiba,sitemap-servicos.xml,0.8,weekly,10
/pneus-pirelli-curitiba,marca,pneus-pirelli-curitiba,src/data/seoLanding.ts (BRAND_PAGES),true,https://www.carpluspneuseoficina.com.br/pneus-pirelli-curitiba,sitemap-servicos.xml,0.8,weekly,10
/pneus-michelin-curitiba,marca,pneus-michelin-curitiba,src/data/seoLanding.ts (BRAND_PAGES),true,https://www.carpluspneuseoficina.com.br/pneus-michelin-curitiba,sitemap-servicos.xml,0.8,weekly,10
/pneus-goodyear-curitiba,marca,pneus-goodyear-curitiba,src/data/seoLanding.ts (BRAND_PAGES),true,https://www.carpluspneuseoficina.com.br/pneus-goodyear-curitiba,sitemap-servicos.xml,0.8,weekly,10
/pneus-continental-curitiba,marca,pneus-continental-curitiba,src/data/seoLanding.ts (BRAND_PAGES),true,https://www.carpluspneuseoficina.com.br/pneus-continental-curitiba,sitemap-servicos.xml,0.8,weekly,10
/pneus-yokohama-curitiba,marca,pneus-yokohama-curitiba,src/data/seoLanding.ts (BRAND_PAGES),true,https://www.carpluspneuseoficina.com.br/pneus-yokohama-curitiba,sitemap-servicos.xml,0.8,weekly,10
/pneus-bridgestone-curitiba,marca,pneus-bridgestone-curitiba,src/data/seoLanding.ts (BRAND_PAGES),true,https://www.carpluspneuseoficina.com.br/pneus-bridgestone-curitiba,sitemap-servicos.xml,0.8,weekly,10
/pneu-firestone-curitiba,marca,pneu-firestone-curitiba,src/data/seoLanding.ts (BRAND_PAGES),true,https://www.carpluspneuseoficina.com.br/pneu-firestone-curitiba,sitemap-servicos.xml,0.8,weekly,10
/pneu-prinx-curitiba,marca,pneu-prinx-curitiba,src/data/seoLanding.ts (BRAND_PAGES),true,https://www.carpluspneuseoficina.com.br/pneu-prinx-curitiba,sitemap-servicos.xml,0.8,weekly,10
/pneu-delinte-curitiba,marca,pneu-delinte-curitiba,src/data/seoLanding.ts (BRAND_PAGES),true,https://www.carpluspneuseoficina.com.br/pneu-delinte-curitiba,sitemap-servicos.xml,0.8,weekly,10
/pneu-aro-15-portao-curitiba,landing-comercial,pneu-aro-15-portao-curitiba,src/data/seoLanding.ts (LOCAL_COMBO_PAGES),true,https://www.carpluspneuseoficina.com.br/pneu-aro-15-portao-curitiba,sitemap-servicos.xml,0.8,weekly,10
/pneu-aro-16-agua-verde-curitiba,landing-comercial,pneu-aro-16-agua-verde-curitiba,src/data/seoLanding.ts (LOCAL_COMBO_PAGES),true,https://www.carpluspneuseoficina.com.br/pneu-aro-16-agua-verde-curitiba,sitemap-servicos.xml,0.8,weekly,10
/pneu-michelin-seminario-curitiba,landing-comercial,pneu-michelin-seminario-curitiba,src/data/seoLanding.ts (LOCAL_COMBO_PAGES),true,https://www.carpluspneuseoficina.com.br/pneu-michelin-seminario-curitiba,sitemap-servicos.xml,0.8,weekly,10
/loja-de-pneus-portao-curitiba,landing-comercial,loja-de-pneus-portao-curitiba,src/data/seoLanding.ts (LOCAL_COMBO_PAGES),true,https://www.carpluspneuseoficina.com.br/loja-de-pneus-portao-curitiba,sitemap-servicos.xml,0.8,weekly,10
/pneus-em-curitiba-melhor-preco,landing-comercial,pneus-em-curitiba-melhor-preco,src/data/seoLanding.ts (INTENT_PAGES),true,https://www.carpluspneuseoficina.com.br/pneus-em-curitiba-melhor-preco,sitemap-servicos.xml,0.8,weekly,10
/loja-de-pneus-curitiba,landing-comercial,loja-de-pneus-curitiba,src/data/seoLanding.ts (INTENT_PAGES),true,https://www.carpluspneuseoficina.com.br/loja-de-pneus-curitiba,sitemap-servicos.xml,0.8,weekly,10
/pneus-baratos-curitiba,landing-comercial,pneus-baratos-curitiba,src/data/seoLanding.ts (INTENT_PAGES),true,https://www.carpluspneuseoficina.com.br/pneus-baratos-curitiba,sitemap-servicos.xml,0.8,weekly,10
/maior-estoque-de-pneus-curitiba,landing-comercial,maior-estoque-de-pneus-curitiba,src/data/seoLanding.ts (INTENT_PAGES),true,https://www.carpluspneuseoficina.com.br/maior-estoque-de-pneus-curitiba,sitemap-servicos.xml,0.8,weekly,10
/onde-comprar-pneus-curitiba,landing-comercial,onde-comprar-pneus-curitiba,src/data/seoLanding.ts (INTENT_PAGES),true,https://www.carpluspneuseoficina.com.br/onde-comprar-pneus-curitiba,sitemap-servicos.xml,0.8,weekly,10
/promocao-de-pneus-curitiba,landing-comercial,promocao-de-pneus-curitiba,src/data/seoLanding.ts (INTENT_PAGES),true,https://www.carpluspneuseoficina.com.br/promocao-de-pneus-curitiba,sitemap-servicos.xml,0.8,weekly,10
/pneus-em-oferta-curitiba,landing-comercial,pneus-em-oferta-curitiba,src/data/seoLanding.ts (INTENT_PAGES),true,https://www.carpluspneuseoficina.com.br/pneus-em-oferta-curitiba,sitemap-servicos.xml,0.8,weekly,10
/pneus-parcelados-curitiba,landing-comercial,pneus-parcelados-curitiba,src/data/seoLanding.ts (INTENT_PAGES),true,https://www.carpluspneuseoficina.com.br/pneus-parcelados-curitiba,sitemap-servicos.xml,0.8,weekly,10
/melhor-loja-de-pneus-curitiba,landing-comercial,melhor-loja-de-pneus-curitiba,src/data/seoLanding.ts (INTENT_PAGES),true,https://www.carpluspneuseoficina.com.br/melhor-loja-de-pneus-curitiba,sitemap-servicos.xml,0.8,weekly,10
/qual-o-melhor-pneu-curitiba,landing-comercial,qual-o-melhor-pneu-curitiba,src/data/seoLanding.ts (INTENT_PAGES),true,https://www.carpluspneuseoficina.com.br/qual-o-melhor-pneu-curitiba,sitemap-servicos.xml,0.8,weekly,10
/pneus-com-instalacao-curitiba,landing-comercial,pneus-com-instalacao-curitiba,src/data/seoLanding.ts (INTENT_PAGES),true,https://www.carpluspneuseoficina.com.br/pneus-com-instalacao-curitiba,sitemap-servicos.xml,0.8,weekly,10
/pneus-com-alinhamento-e-balanceamento-curitiba,landing-comercial,pneus-com-alinhamento-e-balanceamento-curitiba,src/data/seoLanding.ts (INTENT_PAGES),true,https://www.carpluspneuseoficina.com.br/pneus-com-alinhamento-e-balanceamento-curitiba,sitemap-servicos.xml,0.8,weekly,10
/centro-automotivo-para-troca-de-pneus-curitiba,landing-comercial,centro-automotivo-para-troca-de-pneus-curitiba,src/data/seoLanding.ts (INTENT_PAGES),true,https://www.carpluspneuseoficina.com.br/centro-automotivo-para-troca-de-pneus-curitiba,sitemap-servicos.xml,0.8,weekly,10
/pirelli-ou-bridgestone,landing-comercial,pirelli-ou-bridgestone,src/data/seoLanding.ts (COMPARISON_PAGES),true,https://www.carpluspneuseoficina.com.br/pirelli-ou-bridgestone,sitemap-servicos.xml,0.8,weekly,10
/pirelli-ou-michelin,landing-comercial,pirelli-ou-michelin,src/data/seoLanding.ts (COMPARISON_PAGES),true,https://www.carpluspneuseoficina.com.br/pirelli-ou-michelin,sitemap-servicos.xml,0.8,weekly,10
/pirelli-ou-goodyear,landing-comercial,pirelli-ou-goodyear,src/data/seoLanding.ts (COMPARISON_PAGES),true,https://www.carpluspneuseoficina.com.br/pirelli-ou-goodyear,sitemap-servicos.xml,0.8,weekly,10
/pirelli-ou-yokohama,landing-comercial,pirelli-ou-yokohama,src/data/seoLanding.ts (COMPARISON_PAGES),true,https://www.carpluspneuseoficina.com.br/pirelli-ou-yokohama,sitemap-servicos.xml,0.8,weekly,10
/bridgestone-ou-michelin,landing-comercial,bridgestone-ou-michelin,src/data/seoLanding.ts (COMPARISON_PAGES),true,https://www.carpluspneuseoficina.com.br/bridgestone-ou-michelin,sitemap-servicos.xml,0.8,weekly,10
/bridgestone-ou-goodyear,landing-comercial,bridgestone-ou-goodyear,src/data/seoLanding.ts (COMPARISON_PAGES),true,https://www.carpluspneuseoficina.com.br/bridgestone-ou-goodyear,sitemap-servicos.xml,0.8,weekly,10
/michelin-ou-goodyear,landing-comercial,michelin-ou-goodyear,src/data/seoLanding.ts (COMPARISON_PAGES),true,https://www.carpluspneuseoficina.com.br/michelin-ou-goodyear,sitemap-servicos.xml,0.8,weekly,10
/yokohama-ou-pirelli,landing-comercial,yokohama-ou-pirelli,src/data/seoLanding.ts (COMPARISON_PAGES),true,https://www.carpluspneuseoficina.com.br/yokohama-ou-pirelli,sitemap-servicos.xml,0.8,weekly,10
/prinx-ou-delinte,landing-comercial,prinx-ou-delinte,src/data/seoLanding.ts (COMPARISON_PAGES),true,https://www.carpluspneuseoficina.com.br/prinx-ou-delinte,sitemap-servicos.xml,0.8,weekly,10
/prinx-e-bom,landing-comercial,prinx-e-bom,src/data/seoLanding.ts (COMPARISON_PAGES),true,https://www.carpluspneuseoficina.com.br/prinx-e-bom,sitemap-servicos.xml,0.8,weekly,10
/delinte-e-bom,landing-comercial,delinte-e-bom,src/data/seoLanding.ts (COMPARISON_PAGES),true,https://www.carpluspneuseoficina.com.br/delinte-e-bom,sitemap-servicos.xml,0.8,weekly,10
/alternativa-centro-automotivo-portao,landing-comercial,alternativa-centro-automotivo-portao,src/data/centroAutomotivoSeo.ts,true,https://www.carpluspneuseoficina.com.br/alternativa-centro-automotivo-portao,sitemap-servicos.xml,0.8,weekly,10
/centro-automotivo-curitiba,landing-comercial,centro-automotivo-curitiba,src/data/centroAutomotivoSeo.ts,true,https://www.carpluspneuseoficina.com.br/centro-automotivo-curitiba,sitemap-servicos.xml,0.8,weekly,10
/centro-automotivo-joao-bettega,landing-comercial,centro-automotivo-joao-bettega,src/data/centroAutomotivoSeo.ts,true,https://www.carpluspneuseoficina.com.br/centro-automotivo-joao-bettega,sitemap-servicos.xml,0.8,weekly,10
/alternativa-sete-centro-automotivo,landing-comercial,alternativa-sete-centro-automotivo,src/data/centroAutomotivoSeo.ts,true,https://www.carpluspneuseoficina.com.br/alternativa-sete-centro-automotivo,sitemap-servicos.xml,0.8,weekly,10
/alternativa-dw-centro-automotivo,landing-comercial,alternativa-dw-centro-automotivo,src/data/centroAutomotivoSeo.ts,true,https://www.carpluspneuseoficina.com.br/alternativa-dw-centro-automotivo,sitemap-servicos.xml,0.8,weekly,10
/oficina-veiculos-man,landing-comercial,oficina-veiculos-man,src/data/centroAutomotivoSeo.ts,true,https://www.carpluspneuseoficina.com.br/oficina-veiculos-man,sitemap-servicos.xml,0.8,weekly,10
/centro-automotivo-perto-de-mim,landing-comercial,centro-automotivo-perto-de-mim,src/data/centroAutomotivoSeo.ts,true,https://www.carpluspneuseoficina.com.br/centro-automotivo-perto-de-mim,sitemap-servicos.xml,0.8,weekly,10
/oficina/oficina-especializada-fiat-curitiba,landing-comercial,oficina-especializada-fiat-curitiba,src/data/oficinaMarcas.ts (OFICINA_MARCA_PAGES),true,https://www.carpluspneuseoficina.com.br/oficina/oficina-especializada-fiat-curitiba,sitemap-servicos.xml,0.8,weekly,10
/oficina/oficina-especializada-volkswagen-curitiba,landing-comercial,oficina-especializada-volkswagen-curitiba,src/data/oficinaMarcas.ts (OFICINA_MARCA_PAGES),true,https://www.carpluspneuseoficina.com.br/oficina/oficina-especializada-volkswagen-curitiba,sitemap-servicos.xml,0.8,weekly,10
/oficina/oficina-especializada-chevrolet-curitiba,landing-comercial,oficina-especializada-chevrolet-curitiba,src/data/oficinaMarcas.ts (OFICINA_MARCA_PAGES),true,https://www.carpluspneuseoficina.com.br/oficina/oficina-especializada-chevrolet-curitiba,sitemap-servicos.xml,0.8,weekly,10
/oficina/oficina-especializada-hyundai-curitiba,landing-comercial,oficina-especializada-hyundai-curitiba,src/data/oficinaMarcas.ts (OFICINA_MARCA_PAGES),true,https://www.carpluspneuseoficina.com.br/oficina/oficina-especializada-hyundai-curitiba,sitemap-servicos.xml,0.8,weekly,10
/oficina/oficina-especializada-toyota-curitiba,landing-comercial,oficina-especializada-toyota-curitiba,src/data/oficinaMarcas.ts (OFICINA_MARCA_PAGES),true,https://www.carpluspneuseoficina.com.br/oficina/oficina-especializada-toyota-curitiba,sitemap-servicos.xml,0.8,weekly,10
/oficina/oficina-especializada-renault-curitiba,landing-comercial,oficina-especializada-renault-curitiba,src/data/oficinaMarcas.ts (OFICINA_MARCA_PAGES),true,https://www.carpluspneuseoficina.com.br/oficina/oficina-especializada-renault-curitiba,sitemap-servicos.xml,0.8,weekly,10
/oficina/oficina-especializada-honda-curitiba,landing-comercial,oficina-especializada-honda-curitiba,src/data/oficinaMarcas.ts (OFICINA_MARCA_PAGES),true,https://www.carpluspneuseoficina.com.br/oficina/oficina-especializada-honda-curitiba,sitemap-servicos.xml,0.8,weekly,10
/oficina/oficina-especializada-jeep-curitiba,landing-comercial,oficina-especializada-jeep-curitiba,src/data/oficinaMarcas.ts (OFICINA_MARCA_PAGES),true,https://www.carpluspneuseoficina.com.br/oficina/oficina-especializada-jeep-curitiba,sitemap-servicos.xml,0.8,weekly,10
/oficina/oficina-especializada-cambio-automatico-curitiba,landing-comercial,oficina-especializada-cambio-automatico-curitiba,src/data/oficinaMarcas.ts (OFICINA_MARCA_PAGES),true,https://www.carpluspneuseoficina.com.br/oficina/oficina-especializada-cambio-automatico-curitiba,sitemap-servicos.xml,0.8,weekly,10
/oficina/revisao-automotiva-curitiba,landing-comercial,revisao-automotiva-curitiba,src/data/oficinaMarcas.ts (OFICINA_MARCA_PAGES),true,https://www.carpluspneuseoficina.com.br/oficina/revisao-automotiva-curitiba,sitemap-servicos.xml,0.8,weekly,10
/oficina/oficina-mecanica-curitiba,landing-comercial,oficina-mecanica-curitiba,src/data/oficinaMarcas.ts (OFICINA_MARCA_PAGES),true,https://www.carpluspneuseoficina.com.br/oficina/oficina-mecanica-curitiba,sitemap-servicos.xml,0.8,weekly,10
/oficina/oficina-mecanica-portao-curitiba,landing-comercial,oficina-mecanica-portao-curitiba,src/data/oficinaMarcas.ts (OFICINA_MARCA_PAGES),true,https://www.carpluspneuseoficina.com.br/oficina/oficina-mecanica-portao-curitiba,sitemap-servicos.xml,0.8,weekly,10
